date;price
2025-01-01 00:00:00;1,02
2025-01-01 01:00:00;0,54
2025-01-01 02:00:00;-0,74
2025-01-01 03:00:00;-1,31
2025-01-01 04:00:00;-3,26
2025-01-01 05:00:00;-2,72
2025-01-01 06:00:00;-2,8
2025-01-01 07:00:00;-1,44
2025-01-01 08:00:00;-5
2025-01-01 09:00:00;-4,14
2025-01-01 10:00:00;-5,36
2025-01-01 11:00:00;-2,95
2025-01-01 12:00:00;-2,57
2025-01-01 13:00:00;-2,33
2025-01-01 14:00:00;-2,76
2025-01-01 15:00:00;-0,55
2025-01-01 16:00:00;-0,26
2025-01-01 17:00:00;2,04
2025-01-01 18:00:00;4,84
2025-01-01 19:00:00;4,86
2025-01-01 20:00:00;4,78
2025-01-01 21:00:00;1,84
2025-01-01 22:00:00;6,86
2025-01-01 23:00:00;4,04
2025-01-02 00:00:00;5,9
2025-01-02 01:00:00;5,23
2025-01-02 02:00:00;13,02
2025-01-02 03:00:00;16,36
2025-01-02 04:00:00;17,73
2025-01-02 05:00:00;38,94
2025-01-02 06:00:00;68,52
2025-01-02 07:00:00;103,45
2025-01-02 08:00:00;119,82
2025-01-02 09:00:00;126,66
2025-01-02 10:00:00;123,88
2025-01-02 11:00:00;121,37
2025-01-02 12:00:00;117,18
2025-01-02 13:00:00;116,35
2025-01-02 14:00:00;121,24
2025-01-02 15:00:00;129,9
2025-01-02 16:00:00;136,24
2025-01-02 17:00:00;151,92
2025-01-02 18:00:00;151,73
2025-01-02 19:00:00;139,88
2025-01-02 20:00:00;129,99
2025-01-02 21:00:00;116,89
2025-01-02 22:00:00;112,21
2025-01-02 23:00:00;91,74
2025-01-03 00:00:00;94,17
2025-01-03 01:00:00;85,59
2025-01-03 02:00:00;80,53
2025-01-03 03:00:00;77,17
2025-01-03 04:00:00;73,67
2025-01-03 05:00:00;77,03
2025-01-03 06:00:00;82,33
2025-01-03 07:00:00;87,55
2025-01-03 08:00:00;95,01
2025-01-03 09:00:00;93,56
2025-01-03 10:00:00;84,77
2025-01-03 11:00:00;76,39
2025-01-03 12:00:00;75,94
2025-01-03 13:00:00;79,66
2025-01-03 14:00:00;84,57
2025-01-03 15:00:00;97,15
2025-01-03 16:00:00;113,78
2025-01-03 17:00:00;126,63
2025-01-03 18:00:00;126,67
2025-01-03 19:00:00;121,52
2025-01-03 20:00:00;117,16
2025-01-03 21:00:00;109,98
2025-01-03 22:00:00;102,45
2025-01-03 23:00:00;90,78
2025-01-04 00:00:00;91,75
2025-01-04 01:00:00;89,84
2025-01-04 02:00:00;92,04
2025-01-04 03:00:00;94,46
2025-01-04 04:00:00;101,13
2025-01-04 05:00:00;106,76
2025-01-04 06:00:00;114,48
2025-01-04 07:00:00;124,55
2025-01-04 08:00:00;132,82
2025-01-04 09:00:00;133,94
2025-01-04 10:00:00;132,5
2025-01-04 11:00:00;127,28
2025-01-04 12:00:00;126,12
2025-01-04 13:00:00;126,25
2025-01-04 14:00:00;132,71
2025-01-04 15:00:00;138,86
2025-01-04 16:00:00;143,1
2025-01-04 17:00:00;152,96
2025-01-04 18:00:00;147
2025-01-04 19:00:00;139,52
2025-01-04 20:00:00;131,25
2025-01-04 21:00:00;124,42
2025-01-04 22:00:00;119,84
2025-01-04 23:00:00;109,26
2025-01-05 00:00:00;106,42
2025-01-05 01:00:00;97,17
2025-01-05 02:00:00;93,93
2025-01-05 03:00:00;92,72
2025-01-05 04:00:00;88,58
2025-01-05 05:00:00;82,77
2025-01-05 06:00:00;76,1
2025-01-05 07:00:00;82,12
2025-01-05 08:00:00;87,02
2025-01-05 09:00:00;89,58
2025-01-05 10:00:00;89,44
2025-01-05 11:00:00;93,04
2025-01-05 12:00:00;89,62
2025-01-05 13:00:00;86,69
2025-01-05 14:00:00;67
2025-01-05 15:00:00;58,32
2025-01-05 16:00:00;56,86
2025-01-05 17:00:00;64,15
2025-01-05 18:00:00;65,03
2025-01-05 19:00:00;56,14
2025-01-05 20:00:00;45,79
2025-01-05 21:00:00;41,76
2025-01-05 22:00:00;36,08
2025-01-05 23:00:00;20,51
2025-01-06 00:00:00;17,2
2025-01-06 01:00:00;11,6
2025-01-06 02:00:00;7,58
2025-01-06 03:00:00;6,47
2025-01-06 04:00:00;7,59
2025-01-06 05:00:00;11,92
2025-01-06 06:00:00;20,54
2025-01-06 07:00:00;38,86
2025-01-06 08:00:00;45,19
2025-01-06 09:00:00;43,28
2025-01-06 10:00:00;42,92
2025-01-06 11:00:00;38,38
2025-01-06 12:00:00;33,38
2025-01-06 13:00:00;31,3
2025-01-06 14:00:00;30,99
2025-01-06 15:00:00;36,07
2025-01-06 16:00:00;41,43
2025-01-06 17:00:00;48,83
2025-01-06 18:00:00;45,81
2025-01-06 19:00:00;38,36
2025-01-06 20:00:00;41,92
2025-01-06 21:00:00;30,02
2025-01-06 22:00:00;39,22
2025-01-06 23:00:00;25,09
2025-01-07 00:00:00;17,71
2025-01-07 01:00:00;9,76
2025-01-07 02:00:00;9,47
2025-01-07 03:00:00;7,86
2025-01-07 04:00:00;8,3
2025-01-07 05:00:00;13,05
2025-01-07 06:00:00;49,27
2025-01-07 07:00:00;77,24
2025-01-07 08:00:00;86,33
2025-01-07 09:00:00;81,27
2025-01-07 10:00:00;73,68
2025-01-07 11:00:00;63,41
2025-01-07 12:00:00;59,64
2025-01-07 13:00:00;61,07
2025-01-07 14:00:00;69,38
2025-01-07 15:00:00;79,34
2025-01-07 16:00:00;86,39
2025-01-07 17:00:00;97,94
2025-01-07 18:00:00;99,64
2025-01-07 19:00:00;89,91
2025-01-07 20:00:00;82,24
2025-01-07 21:00:00;71,4
2025-01-07 22:00:00;67,35
2025-01-07 23:00:00;45,82
2025-01-08 00:00:00;59,47
2025-01-08 01:00:00;56,22
2025-01-08 02:00:00;52,66
2025-01-08 03:00:00;51,28
2025-01-08 04:00:00;58,56
2025-01-08 05:00:00;68,47
2025-01-08 06:00:00;81,77
2025-01-08 07:00:00;104,67
2025-01-08 08:00:00;123,89
2025-01-08 09:00:00;113,24
2025-01-08 10:00:00;104,49
2025-01-08 11:00:00;104,72
2025-01-08 12:00:00;99,13
2025-01-08 13:00:00;103,68
2025-01-08 14:00:00;113,72
2025-01-08 15:00:00;131,89
2025-01-08 16:00:00;139,39
2025-01-08 17:00:00;153,32
2025-01-08 18:00:00;150,66
2025-01-08 19:00:00;144,33
2025-01-08 20:00:00;138,15
2025-01-08 21:00:00;126,27
2025-01-08 22:00:00;115,86
2025-01-08 23:00:00;106,52
2025-01-09 00:00:00;103,36
2025-01-09 01:00:00;101,2
2025-01-09 02:00:00;98,53
2025-01-09 03:00:00;97,14
2025-01-09 04:00:00;100,37
2025-01-09 05:00:00;107,51
2025-01-09 06:00:00;134,62
2025-01-09 07:00:00;153,44
2025-01-09 08:00:00;169,24
2025-01-09 09:00:00;161,63
2025-01-09 10:00:00;150,36
2025-01-09 11:00:00;143,5
2025-01-09 12:00:00;135,85
2025-01-09 13:00:00;130,41
2025-01-09 14:00:00;128,58
2025-01-09 15:00:00;128,93
2025-01-09 16:00:00;126,87
2025-01-09 17:00:00;134,64
2025-01-09 18:00:00;133,18
2025-01-09 19:00:00;122,52
2025-01-09 20:00:00;118,28
2025-01-09 21:00:00;105,77
2025-01-09 22:00:00;96,61
2025-01-09 23:00:00;83,24
2025-01-10 00:00:00;84,64
2025-01-10 01:00:00;79,9
2025-01-10 02:00:00;73,61
2025-01-10 03:00:00;70,5
2025-01-10 04:00:00;72,99
2025-01-10 05:00:00;83,44
2025-01-10 06:00:00;95,33
2025-01-10 07:00:00;119,84
2025-01-10 08:00:00;137,17
2025-01-10 09:00:00;135,07
2025-01-10 10:00:00;122,74
2025-01-10 11:00:00;112,3
2025-01-10 12:00:00;109,22
2025-01-10 13:00:00;106,77
2025-01-10 14:00:00;111,4
2025-01-10 15:00:00;127,24
2025-01-10 16:00:00;136,09
2025-01-10 17:00:00;145,68
2025-01-10 18:00:00;146,25
2025-01-10 19:00:00;141,48
2025-01-10 20:00:00;132,66
2025-01-10 21:00:00;120,86
2025-01-10 22:00:00;118,65
2025-01-10 23:00:00;109,46
2025-01-11 00:00:00;106,82
2025-01-11 01:00:00;99,82
2025-01-11 02:00:00;97,56
2025-01-11 03:00:00;92,54
2025-01-11 04:00:00;90,72
2025-01-11 05:00:00;91,25
2025-01-11 06:00:00;91,84
2025-01-11 07:00:00;100,81
2025-01-11 08:00:00;112,13
2025-01-11 09:00:00;110,35
2025-01-11 10:00:00;106,27
2025-01-11 11:00:00;100,87
2025-01-11 12:00:00;97,41
2025-01-11 13:00:00;93,78
2025-01-11 14:00:00;94,7
2025-01-11 15:00:00;105,49
2025-01-11 16:00:00;114,06
2025-01-11 17:00:00;120,82
2025-01-11 18:00:00;124,7
2025-01-11 19:00:00;118,43
2025-01-11 20:00:00;112,15
2025-01-11 21:00:00;105,17
2025-01-11 22:00:00;104,59
2025-01-11 23:00:00;102,92
2025-01-12 00:00:00;91,49
2025-01-12 01:00:00;90,06
2025-01-12 02:00:00;90,4
2025-01-12 03:00:00;88,87
2025-01-12 04:00:00;89,06
2025-01-12 05:00:00;89,34
2025-01-12 06:00:00;89,96
2025-01-12 07:00:00;100,88
2025-01-12 08:00:00;111,64
2025-01-12 09:00:00;117,87
2025-01-12 10:00:00;117,13
2025-01-12 11:00:00;109,4
2025-01-12 12:00:00;107,26
2025-01-12 13:00:00;105,18
2025-01-12 14:00:00;108,42
2025-01-12 15:00:00;120
2025-01-12 16:00:00;131,26
2025-01-12 17:00:00;140,4
2025-01-12 18:00:00;144,17
2025-01-12 19:00:00;141,2
2025-01-12 20:00:00;133,55
2025-01-12 21:00:00;127,15
2025-01-12 22:00:00;121,99
2025-01-12 23:00:00;113,4
2025-01-13 00:00:00;109,24
2025-01-13 01:00:00;103,91
2025-01-13 02:00:00;103,42
2025-01-13 03:00:00;100,66
2025-01-13 04:00:00;100,85
2025-01-13 05:00:00;109,72
2025-01-13 06:00:00;134,94
2025-01-13 07:00:00;165,52
2025-01-13 08:00:00;193,06
2025-01-13 09:00:00;165,39
2025-01-13 10:00:00;139,9
2025-01-13 11:00:00;122,01
2025-01-13 12:00:00;111,45
2025-01-13 13:00:00;110,22
2025-01-13 14:00:00;114,55
2025-01-13 15:00:00;135,32
2025-01-13 16:00:00;140,81
2025-01-13 17:00:00;151,34
2025-01-13 18:00:00;148,2
2025-01-13 19:00:00;138,45
2025-01-13 20:00:00;126,69
2025-01-13 21:00:00;118,17
2025-01-13 22:00:00;114,09
2025-01-13 23:00:00;100,08
2025-01-14 00:00:00;107,91
2025-01-14 01:00:00;104,14
2025-01-14 02:00:00;99,33
2025-01-14 03:00:00;98
2025-01-14 04:00:00;100,46
2025-01-14 05:00:00;109,2
2025-01-14 06:00:00;126,3
2025-01-14 07:00:00;153,86
2025-01-14 08:00:00;170,65
2025-01-14 09:00:00;148,07
2025-01-14 10:00:00;121,76
2025-01-14 11:00:00;113,68
2025-01-14 12:00:00;106,37
2025-01-14 13:00:00;110,4
2025-01-14 14:00:00;116,8
2025-01-14 15:00:00;129,88
2025-01-14 16:00:00;142,83
2025-01-14 17:00:00;163,32
2025-01-14 18:00:00;159,61
2025-01-14 19:00:00;151,32
2025-01-14 20:00:00;139,26
2025-01-14 21:00:00;122,17
2025-01-14 22:00:00;121,09
2025-01-14 23:00:00;120,89
2025-01-15 00:00:00;108,69
2025-01-15 01:00:00;108,6
2025-01-15 02:00:00;108,98
2025-01-15 03:00:00;108,85
2025-01-15 04:00:00;109,46
2025-01-15 05:00:00;115,26
2025-01-15 06:00:00;149,27
2025-01-15 07:00:00;207,82
2025-01-15 08:00:00;286,57
2025-01-15 09:00:00;301,12
2025-01-15 10:00:00;300,05
2025-01-15 11:00:00;302,4
2025-01-15 12:00:00;300,23
2025-01-15 13:00:00;299,33
2025-01-15 14:00:00;296,2
2025-01-15 15:00:00;325,24
2025-01-15 16:00:00;338,39
2025-01-15 17:00:00;396,44
2025-01-15 18:00:00;339,48
2025-01-15 19:00:00;289,48
2025-01-15 20:00:00;205,53
2025-01-15 21:00:00;162,96
2025-01-15 22:00:00;143,64
2025-01-15 23:00:00;130,99
2025-01-16 00:00:00;126,59
2025-01-16 01:00:00;119,49
2025-01-16 02:00:00;117,17
2025-01-16 03:00:00;114,52
2025-01-16 04:00:00;116,98
2025-01-16 05:00:00;122,65
2025-01-16 06:00:00;143,5
2025-01-16 07:00:00;180,73
2025-01-16 08:00:00;204,57
2025-01-16 09:00:00;183,54
2025-01-16 10:00:00;162,88
2025-01-16 11:00:00;144,29
2025-01-16 12:00:00;134,67
2025-01-16 13:00:00;134,85
2025-01-16 14:00:00;146,2
2025-01-16 15:00:00;171,43
2025-01-16 16:00:00;188,35
2025-01-16 17:00:00;207,51
2025-01-16 18:00:00;199,4
2025-01-16 19:00:00;186,92
2025-01-16 20:00:00;163,31
2025-01-16 21:00:00;141,12
2025-01-16 22:00:00;134,65
2025-01-16 23:00:00;123,22
2025-01-17 00:00:00;118,49
2025-01-17 01:00:00;116,2
2025-01-17 02:00:00;114,06
2025-01-17 03:00:00;112,56
2025-01-17 04:00:00;114,38
2025-01-17 05:00:00;121,43
2025-01-17 06:00:00;142,94
2025-01-17 07:00:00;178,08
2025-01-17 08:00:00;208,1
2025-01-17 09:00:00;178,53
2025-01-17 10:00:00;156
2025-01-17 11:00:00;141,45
2025-01-17 12:00:00;129,43
2025-01-17 13:00:00;126,29
2025-01-17 14:00:00;133,82
2025-01-17 15:00:00;151,02
2025-01-17 16:00:00;173,33
2025-01-17 17:00:00;183,09
2025-01-17 18:00:00;185,96
2025-01-17 19:00:00;178,36
2025-01-17 20:00:00;157,09
2025-01-17 21:00:00;145,4
2025-01-17 22:00:00;138,98
2025-01-17 23:00:00;128,52
2025-01-18 00:00:00;125,7
2025-01-18 01:00:00;121,02
2025-01-18 02:00:00;120,4
2025-01-18 03:00:00;118,78
2025-01-18 04:00:00;117,33
2025-01-18 05:00:00;118,97
2025-01-18 06:00:00;121,27
2025-01-18 07:00:00;134,77
2025-01-18 08:00:00;145,83
2025-01-18 09:00:00;144,3
2025-01-18 10:00:00;135,88
2025-01-18 11:00:00;122,51
2025-01-18 12:00:00;119,74
2025-01-18 13:00:00;116,39
2025-01-18 14:00:00;119,7
2025-01-18 15:00:00;133,15
2025-01-18 16:00:00;149,58
2025-01-18 17:00:00;161
2025-01-18 18:00:00;168,66
2025-01-18 19:00:00;165,93
2025-01-18 20:00:00;152,2
2025-01-18 21:00:00;141,31
2025-01-18 22:00:00;134,2
2025-01-18 23:00:00;126,91
2025-01-19 00:00:00;127,5
2025-01-19 01:00:00;123,44
2025-01-19 02:00:00;121,52
2025-01-19 03:00:00;119,16
2025-01-19 04:00:00;118,25
2025-01-19 05:00:00;119,14
2025-01-19 06:00:00;121,51
2025-01-19 07:00:00;125,99
2025-01-19 08:00:00;129,82
2025-01-19 09:00:00;128,48
2025-01-19 10:00:00;122,16
2025-01-19 11:00:00;115,32
2025-01-19 12:00:00;108,56
2025-01-19 13:00:00;106,01
2025-01-19 14:00:00;113,9
2025-01-19 15:00:00;125,64
2025-01-19 16:00:00;139,73
2025-01-19 17:00:00;150,64
2025-01-19 18:00:00;156
2025-01-19 19:00:00;156,36
2025-01-19 20:00:00;148,94
2025-01-19 21:00:00;139,83
2025-01-19 22:00:00;134,59
2025-01-19 23:00:00;122,67
2025-01-20 00:00:00;125,6
2025-01-20 01:00:00;123,54
2025-01-20 02:00:00;120,22
2025-01-20 03:00:00;118,4
2025-01-20 04:00:00;119,55
2025-01-20 05:00:00;129,55
2025-01-20 06:00:00;159,67
2025-01-20 07:00:00;250,06
2025-01-20 08:00:00;348,48
2025-01-20 09:00:00;259,26
2025-01-20 10:00:00;209,49
2025-01-20 11:00:00;171,38
2025-01-20 12:00:00;159,88
2025-01-20 13:00:00;158,56
2025-01-20 14:00:00;172,32
2025-01-20 15:00:00;237,1
2025-01-20 16:00:00;319,86
2025-01-20 17:00:00;418,98
2025-01-20 18:00:00;356,72
2025-01-20 19:00:00;251,2
2025-01-20 20:00:00;208,99
2025-01-20 21:00:00;167,95
2025-01-20 22:00:00;152,76
2025-01-20 23:00:00;136,76
2025-01-21 00:00:00;126,58
2025-01-21 01:00:00;121,38
2025-01-21 02:00:00;118,08
2025-01-21 03:00:00;115,59
2025-01-21 04:00:00;116,43
2025-01-21 05:00:00;124,03
2025-01-21 06:00:00;147,6
2025-01-21 07:00:00;202,46
2025-01-21 08:00:00;241,1
2025-01-21 09:00:00;214,41
2025-01-21 10:00:00;190,64
2025-01-21 11:00:00;160,24
2025-01-21 12:00:00;147,62
2025-01-21 13:00:00;147,54
2025-01-21 14:00:00;154,43
2025-01-21 15:00:00;173,91
2025-01-21 16:00:00;216,97
2025-01-21 17:00:00;291,83
2025-01-21 18:00:00;260,55
2025-01-21 19:00:00;210,62
2025-01-21 20:00:00;173,46
2025-01-21 21:00:00;150,75
2025-01-21 22:00:00;138,02
2025-01-21 23:00:00;126,5
2025-01-22 00:00:00;127,85
2025-01-22 01:00:00;126,38
2025-01-22 02:00:00;124,96
2025-01-22 03:00:00;124,68
2025-01-22 04:00:00;125,43
2025-01-22 05:00:00;128,01
2025-01-22 06:00:00;142,31
2025-01-22 07:00:00;167,98
2025-01-22 08:00:00;183,15
2025-01-22 09:00:00;163,56
2025-01-22 10:00:00;153,38
2025-01-22 11:00:00;150,32
2025-01-22 12:00:00;146,35
2025-01-22 13:00:00;148,85
2025-01-22 14:00:00;153,81
2025-01-22 15:00:00;161,68
2025-01-22 16:00:00;163,37
2025-01-22 17:00:00;168,34
2025-01-22 18:00:00;154,06
2025-01-22 19:00:00;147,39
2025-01-22 20:00:00;131,1
2025-01-22 21:00:00;127,74
2025-01-22 22:00:00;127,9
2025-01-22 23:00:00;121,19
2025-01-23 00:00:00;111,16
2025-01-23 01:00:00;107,66
2025-01-23 02:00:00;104,1
2025-01-23 03:00:00;98,87
2025-01-23 04:00:00;98,25
2025-01-23 05:00:00;102,13
2025-01-23 06:00:00;113,79
2025-01-23 07:00:00;140,77
2025-01-23 08:00:00;155,53
2025-01-23 09:00:00;150,21
2025-01-23 10:00:00;133,18
2025-01-23 11:00:00;120,3
2025-01-23 12:00:00;104,78
2025-01-23 13:00:00;97
2025-01-23 14:00:00;94,63
2025-01-23 15:00:00;96,41
2025-01-23 16:00:00;96,28
2025-01-23 17:00:00;113,5
2025-01-23 18:00:00;115,11
2025-01-23 19:00:00;104,08
2025-01-23 20:00:00;91,17
2025-01-23 21:00:00;80,16
2025-01-23 22:00:00;75,99
2025-01-23 23:00:00;60,14
2025-01-24 00:00:00;67,24
2025-01-24 01:00:00;59,62
2025-01-24 02:00:00;51
2025-01-24 03:00:00;43,38
2025-01-24 04:00:00;48,7
2025-01-24 05:00:00;65,24
2025-01-24 06:00:00;85,1
2025-01-24 07:00:00;109,43
2025-01-24 08:00:00;122,96
2025-01-24 09:00:00;106,67
2025-01-24 10:00:00;98,16
2025-01-24 11:00:00;88,67
2025-01-24 12:00:00;83,54
2025-01-24 13:00:00;80,02
2025-01-24 14:00:00;77,06
2025-01-24 15:00:00;74,56
2025-01-24 16:00:00;73,04
2025-01-24 17:00:00;80,1
2025-01-24 18:00:00;89,48
2025-01-24 19:00:00;87,78
2025-01-24 20:00:00;84,7
2025-01-24 21:00:00;80,82
2025-01-24 22:00:00;86,82
2025-01-24 23:00:00;82,26
2025-01-25 00:00:00;71,65
2025-01-25 01:00:00;72,88
2025-01-25 02:00:00;70,6
2025-01-25 03:00:00;71,97
2025-01-25 04:00:00;77,18
2025-01-25 05:00:00;76,02
2025-01-25 06:00:00;80,43
2025-01-25 07:00:00;83,35
2025-01-25 08:00:00;92,4
2025-01-25 09:00:00;92,57
2025-01-25 10:00:00;93,3
2025-01-25 11:00:00;93,78
2025-01-25 12:00:00;90,13
2025-01-25 13:00:00;90,24
2025-01-25 14:00:00;94,67
2025-01-25 15:00:00;106,03
2025-01-25 16:00:00;126,88
2025-01-25 17:00:00;138,98
2025-01-25 18:00:00;148,18
2025-01-25 19:00:00;146,56
2025-01-25 20:00:00;136,55
2025-01-25 21:00:00;132,69
2025-01-25 22:00:00;130,87
2025-01-25 23:00:00;123,83
2025-01-26 00:00:00;123,02
2025-01-26 01:00:00;115,18
2025-01-26 02:00:00;110,78
2025-01-26 03:00:00;107,43
2025-01-26 04:00:00;106,19
2025-01-26 05:00:00;107,29
2025-01-26 06:00:00;109,57
2025-01-26 07:00:00;115,69
2025-01-26 08:00:00;122,74
2025-01-26 09:00:00;121,68
2025-01-26 10:00:00;109,79
2025-01-26 11:00:00;104,88
2025-01-26 12:00:00;98,86
2025-01-26 13:00:00;91,21
2025-01-26 14:00:00;93,46
2025-01-26 15:00:00;105,29
2025-01-26 16:00:00;120,66
2025-01-26 17:00:00;129,17
2025-01-26 18:00:00;121,47
2025-01-26 19:00:00;100,24
2025-01-26 20:00:00;84,44
2025-01-26 21:00:00;71,69
2025-01-26 22:00:00;59,52
2025-01-26 23:00:00;33,65
2025-01-27 00:00:00;33,4
2025-01-27 01:00:00;25,94
2025-01-27 02:00:00;19,69
2025-01-27 03:00:00;12,6
2025-01-27 04:00:00;10,5
2025-01-27 05:00:00;19,87
2025-01-27 06:00:00;39,69
2025-01-27 07:00:00;69,84
2025-01-27 08:00:00;82,65
2025-01-27 09:00:00;75,83
2025-01-27 10:00:00;62,12
2025-01-27 11:00:00;56,05
2025-01-27 12:00:00;50,88
2025-01-27 13:00:00;51,54
2025-01-27 14:00:00;66,67
2025-01-27 15:00:00;89,24
2025-01-27 16:00:00;103,37
2025-01-27 17:00:00;118,91
2025-01-27 18:00:00;118,24
2025-01-27 19:00:00;113,96
2025-01-27 20:00:00;105,38
2025-01-27 21:00:00;92,32
2025-01-27 22:00:00;88,68
2025-01-27 23:00:00;75,98
2025-01-28 00:00:00;69,43
2025-01-28 01:00:00;64,5
2025-01-28 02:00:00;55,61
2025-01-28 03:00:00;63,35
2025-01-28 04:00:00;74,96
2025-01-28 05:00:00;81,6
2025-01-28 06:00:00;100,1
2025-01-28 07:00:00;127,05
2025-01-28 08:00:00;142,49
2025-01-28 09:00:00;132,59
2025-01-28 10:00:00;121,05
2025-01-28 11:00:00;116,72
2025-01-28 12:00:00;114,57
2025-01-28 13:00:00;115,54
2025-01-28 14:00:00;123,09
2025-01-28 15:00:00;139,89
2025-01-28 16:00:00;146,54
2025-01-28 17:00:00;147,71
2025-01-28 18:00:00;134,82
2025-01-28 19:00:00;125,03
2025-01-28 20:00:00;102,4
2025-01-28 21:00:00;90,01
2025-01-28 22:00:00;82,8
2025-01-28 23:00:00;68,5
2025-01-29 00:00:00;82,98
2025-01-29 01:00:00;77,41
2025-01-29 02:00:00;72,83
2025-01-29 03:00:00;71,04
2025-01-29 04:00:00;76,11
2025-01-29 05:00:00;84,58
2025-01-29 06:00:00;96,07
2025-01-29 07:00:00;133,84
2025-01-29 08:00:00;143,07
2025-01-29 09:00:00;126,79
2025-01-29 10:00:00;105,81
2025-01-29 11:00:00;92,93
2025-01-29 12:00:00;87,78
2025-01-29 13:00:00;86,74
2025-01-29 14:00:00;88,83
2025-01-29 15:00:00;101,28
2025-01-29 16:00:00;128,06
2025-01-29 17:00:00;149,34
2025-01-29 18:00:00;149,06
2025-01-29 19:00:00;144,11
2025-01-29 20:00:00;131,38
2025-01-29 21:00:00;120,23
2025-01-29 22:00:00;113
2025-01-29 23:00:00;102,39
2025-01-30 00:00:00;93,34
2025-01-30 01:00:00;93,9
2025-01-30 02:00:00;93,59
2025-01-30 03:00:00;93,32
2025-01-30 04:00:00;95,2
2025-01-30 05:00:00;108,34
2025-01-30 06:00:00;136,7
2025-01-30 07:00:00;157,67
2025-01-30 08:00:00;163,59
2025-01-30 09:00:00;156,7
2025-01-30 10:00:00;141,3
2025-01-30 11:00:00;130,41
2025-01-30 12:00:00;126,1
2025-01-30 13:00:00;126,58
2025-01-30 14:00:00;135,2
2025-01-30 15:00:00;152,6
2025-01-30 16:00:00;163,37
2025-01-30 17:00:00;181,58
2025-01-30 18:00:00;176,62
2025-01-30 19:00:00;164,94
2025-01-30 20:00:00;154,23
2025-01-30 21:00:00;137,69
2025-01-30 22:00:00;130
2025-01-30 23:00:00;120,07
2025-01-31 00:00:00;119,33
2025-01-31 01:00:00;115,33
2025-01-31 02:00:00;111,48
2025-01-31 03:00:00;110,06
2025-01-31 04:00:00;111,02
2025-01-31 05:00:00;117,97
2025-01-31 06:00:00;131,23
2025-01-31 07:00:00;155,98
2025-01-31 08:00:00;164,58
2025-01-31 09:00:00;154,01
2025-01-31 10:00:00;137,56
2025-01-31 11:00:00;126,82
2025-01-31 12:00:00;120,28
2025-01-31 13:00:00;120,12
2025-01-31 14:00:00;126,13
2025-01-31 15:00:00;148,48
2025-01-31 16:00:00;161,95
2025-01-31 17:00:00;187,85
2025-01-31 18:00:00;181,78
2025-01-31 19:00:00;177,87
2025-01-31 20:00:00;161,23
2025-01-31 21:00:00;149
2025-01-31 22:00:00;144,36
2025-01-31 23:00:00;131,33
2025-02-01 00:00:00;134,1
2025-02-01 01:00:00;130,09
2025-02-01 02:00:00;124,67
2025-02-01 03:00:00;121,04
2025-02-01 04:00:00;121,14
2025-02-01 05:00:00;123,21
2025-02-01 06:00:00;128,45
2025-02-01 07:00:00;142,53
2025-02-01 08:00:00;149,31
2025-02-01 09:00:00;138,64
2025-02-01 10:00:00;126,78
2025-02-01 11:00:00;117,4
2025-02-01 12:00:00;109,4
2025-02-01 13:00:00;103,6
2025-02-01 14:00:00;111,73
2025-02-01 15:00:00;126,95
2025-02-01 16:00:00;150,12
2025-02-01 17:00:00;167,04
2025-02-01 18:00:00;165,47
2025-02-01 19:00:00;161,78
2025-02-01 20:00:00;154,86
2025-02-01 21:00:00;144,26
2025-02-01 22:00:00;139,01
2025-02-01 23:00:00;129,45
2025-02-02 00:00:00;131,99
2025-02-02 01:00:00;126,2
2025-02-02 02:00:00;123,02
2025-02-02 03:00:00;121,73
2025-02-02 04:00:00;122,57
2025-02-02 05:00:00;124,17
2025-02-02 06:00:00;125,34
2025-02-02 07:00:00;133,34
2025-02-02 08:00:00;136,99
2025-02-02 09:00:00;133,48
2025-02-02 10:00:00;124,52
2025-02-02 11:00:00;119,77
2025-02-02 12:00:00;113,51
2025-02-02 13:00:00;107,2
2025-02-02 14:00:00;111,78
2025-02-02 15:00:00;126,13
2025-02-02 16:00:00;146,63
2025-02-02 17:00:00;164,04
2025-02-02 18:00:00;167,66
2025-02-02 19:00:00;168,7
2025-02-02 20:00:00;159,9
2025-02-02 21:00:00;151,29
2025-02-02 22:00:00;145,23
2025-02-02 23:00:00;133,63
2025-02-03 00:00:00;131,07
2025-02-03 01:00:00;126,58
2025-02-03 02:00:00;124,14
2025-02-03 03:00:00;120,72
2025-02-03 04:00:00;123,18
2025-02-03 05:00:00;133,05
2025-02-03 06:00:00;165,28
2025-02-03 07:00:00;220,84
2025-02-03 08:00:00;281,62
2025-02-03 09:00:00;211,82
2025-02-03 10:00:00;165,54
2025-02-03 11:00:00;143,85
2025-02-03 12:00:00;130,6
2025-02-03 13:00:00;125,97
2025-02-03 14:00:00;133,88
2025-02-03 15:00:00;158,46
2025-02-03 16:00:00;201,68
2025-02-03 17:00:00;249,56
2025-02-03 18:00:00;244,65
2025-02-03 19:00:00;218,55
2025-02-03 20:00:00;179
2025-02-03 21:00:00;157,28
2025-02-03 22:00:00;145,62
2025-02-03 23:00:00;137,5
2025-02-04 00:00:00;134,14
2025-02-04 01:00:00;128,6
2025-02-04 02:00:00;125,37
2025-02-04 03:00:00;124,44
2025-02-04 04:00:00;124,86
2025-02-04 05:00:00;130,72
2025-02-04 06:00:00;159,66
2025-02-04 07:00:00;192,01
2025-02-04 08:00:00;203,97
2025-02-04 09:00:00;166,24
2025-02-04 10:00:00;137,68
2025-02-04 11:00:00;124,77
2025-02-04 12:00:00;114,62
2025-02-04 13:00:00;112,27
2025-02-04 14:00:00;118,76
2025-02-04 15:00:00;131,79
2025-02-04 16:00:00;165,9
2025-02-04 17:00:00;174,42
2025-02-04 18:00:00;177,43
2025-02-04 19:00:00;165,52
2025-02-04 20:00:00;149,64
2025-02-04 21:00:00;135,4
2025-02-04 22:00:00;127,97
2025-02-04 23:00:00;117,68
2025-02-05 00:00:00;116,72
2025-02-05 01:00:00;112,75
2025-02-05 02:00:00;110,47
2025-02-05 03:00:00;109,24
2025-02-05 04:00:00;113,1
2025-02-05 05:00:00;120,85
2025-02-05 06:00:00;136,37
2025-02-05 07:00:00;161,2
2025-02-05 08:00:00;176,64
2025-02-05 09:00:00;156,81
2025-02-05 10:00:00;133,61
2025-02-05 11:00:00;122,28
2025-02-05 12:00:00;117,46
2025-02-05 13:00:00;120,2
2025-02-05 14:00:00;127,75
2025-02-05 15:00:00;143,92
2025-02-05 16:00:00;162,8
2025-02-05 17:00:00;179,2
2025-02-05 18:00:00;189,06
2025-02-05 19:00:00;188,01
2025-02-05 20:00:00;170,92
2025-02-05 21:00:00;156,57
2025-02-05 22:00:00;146,57
2025-02-05 23:00:00;135,06
2025-02-06 00:00:00;135,27
2025-02-06 01:00:00;131,07
2025-02-06 02:00:00;127,7
2025-02-06 03:00:00;126,94
2025-02-06 04:00:00;127,32
2025-02-06 05:00:00;135,93
2025-02-06 06:00:00;156,17
2025-02-06 07:00:00;185,76
2025-02-06 08:00:00;215,31
2025-02-06 09:00:00;179,99
2025-02-06 10:00:00;165,15
2025-02-06 11:00:00;155,18
2025-02-06 12:00:00;147,44
2025-02-06 13:00:00;144,52
2025-02-06 14:00:00;143,24
2025-02-06 15:00:00;152,5
2025-02-06 16:00:00;165,76
2025-02-06 17:00:00;170,89
2025-02-06 18:00:00;168,8
2025-02-06 19:00:00;160,49
2025-02-06 20:00:00;143,17
2025-02-06 21:00:00;132,57
2025-02-06 22:00:00;130,57
2025-02-06 23:00:00;116,95
2025-02-07 00:00:00;121,46
2025-02-07 01:00:00;111,74
2025-02-07 02:00:00;107,42
2025-02-07 03:00:00;103,4
2025-02-07 04:00:00;102,61
2025-02-07 05:00:00;104,8
2025-02-07 06:00:00;114,66
2025-02-07 07:00:00;141,34
2025-02-07 08:00:00;159,03
2025-02-07 09:00:00;145,17
2025-02-07 10:00:00;126,44
2025-02-07 11:00:00;110,11
2025-02-07 12:00:00;104,58
2025-02-07 13:00:00;101,48
2025-02-07 14:00:00;104,18
2025-02-07 15:00:00;111,21
2025-02-07 16:00:00;125,92
2025-02-07 17:00:00;139,43
2025-02-07 18:00:00;143,97
2025-02-07 19:00:00;138,61
2025-02-07 20:00:00;123,96
2025-02-07 21:00:00;105,42
2025-02-07 22:00:00;102,78
2025-02-07 23:00:00;102,39
2025-02-08 00:00:00;87,26
2025-02-08 01:00:00;88,52
2025-02-08 02:00:00;88,25
2025-02-08 03:00:00;88,64
2025-02-08 04:00:00;89,91
2025-02-08 05:00:00;89,77
2025-02-08 06:00:00;91,01
2025-02-08 07:00:00;96,22
2025-02-08 08:00:00;112,37
2025-02-08 09:00:00;97,75
2025-02-08 10:00:00;83,48
2025-02-08 11:00:00;75,33
2025-02-08 12:00:00;74,78
2025-02-08 13:00:00;81,3
2025-02-08 14:00:00;90,02
2025-02-08 15:00:00;116,1
2025-02-08 16:00:00;137,71
2025-02-08 17:00:00;150,32
2025-02-08 18:00:00;159,76
2025-02-08 19:00:00;157,81
2025-02-08 20:00:00;150,21
2025-02-08 21:00:00;145,56
2025-02-08 22:00:00;143,2
2025-02-08 23:00:00;136,6
2025-02-09 00:00:00;134,33
2025-02-09 01:00:00;131,64
2025-02-09 02:00:00;129,39
2025-02-09 03:00:00;121,95
2025-02-09 04:00:00;121,58
2025-02-09 05:00:00;119,69
2025-02-09 06:00:00;120,51
2025-02-09 07:00:00;132,12
2025-02-09 08:00:00;137,02
2025-02-09 09:00:00;126,07
2025-02-09 10:00:00;114,39
2025-02-09 11:00:00;108,23
2025-02-09 12:00:00;102,4
2025-02-09 13:00:00;98,76
2025-02-09 14:00:00;109,55
2025-02-09 15:00:00;118,84
2025-02-09 16:00:00;136,23
2025-02-09 17:00:00;147,36
2025-02-09 18:00:00;158,09
2025-02-09 19:00:00;153,28
2025-02-09 20:00:00;146,99
2025-02-09 21:00:00;139,38
2025-02-09 22:00:00;139,19
2025-02-09 23:00:00;125,92
2025-02-10 00:00:00;118,73
2025-02-10 01:00:00;114,6
2025-02-10 02:00:00;112,26
2025-02-10 03:00:00;110,21
2025-02-10 04:00:00;105,92
2025-02-10 05:00:00;114,9
2025-02-10 06:00:00;141,32
2025-02-10 07:00:00;162,48
2025-02-10 08:00:00;177,04
2025-02-10 09:00:00;160,74
2025-02-10 10:00:00;138,19
2025-02-10 11:00:00;120,76
2025-02-10 12:00:00;114,95
2025-02-10 13:00:00;114,14
2025-02-10 14:00:00;123,48
2025-02-10 15:00:00;129,83
2025-02-10 16:00:00;136,14
2025-02-10 17:00:00;145,37
2025-02-10 18:00:00;152,32
2025-02-10 19:00:00;135,71
2025-02-10 20:00:00;114,06
2025-02-10 21:00:00;106,39
2025-02-10 22:00:00;102,07
2025-02-10 23:00:00;97,76
2025-02-11 00:00:00;73,9
2025-02-11 01:00:00;70,24
2025-02-11 02:00:00;69,57
2025-02-11 03:00:00;71,43
2025-02-11 04:00:00;74,43
2025-02-11 05:00:00;83,02
2025-02-11 06:00:00;103,53
2025-02-11 07:00:00;134,93
2025-02-11 08:00:00;151,94
2025-02-11 09:00:00;137,03
2025-02-11 10:00:00;108,78
2025-02-11 11:00:00;104,64
2025-02-11 12:00:00;105,34
2025-02-11 13:00:00;113,31
2025-02-11 14:00:00;120,53
2025-02-11 15:00:00;141,12
2025-02-11 16:00:00;142,78
2025-02-11 17:00:00;160,67
2025-02-11 18:00:00;173,18
2025-02-11 19:00:00;171,2
2025-02-11 20:00:00;160,72
2025-02-11 21:00:00;147,32
2025-02-11 22:00:00;141,01
2025-02-11 23:00:00;126,92
2025-02-12 00:00:00;126,02
2025-02-12 01:00:00;123,64
2025-02-12 02:00:00;122,7
2025-02-12 03:00:00;122,51
2025-02-12 04:00:00;124,24
2025-02-12 05:00:00;129,59
2025-02-12 06:00:00;149,65
2025-02-12 07:00:00;169,37
2025-02-12 08:00:00;186,12
2025-02-12 09:00:00;176,34
2025-02-12 10:00:00;159,25
2025-02-12 11:00:00;146,06
2025-02-12 12:00:00;138,32
2025-02-12 13:00:00;142,4
2025-02-12 14:00:00;148,82
2025-02-12 15:00:00;159,58
2025-02-12 16:00:00;172,12
2025-02-12 17:00:00;179,31
2025-02-12 18:00:00;191,28
2025-02-12 19:00:00;189,27
2025-02-12 20:00:00;172,17
2025-02-12 21:00:00;156,25
2025-02-12 22:00:00;149,87
2025-02-12 23:00:00;140
2025-02-13 00:00:00;144,62
2025-02-13 01:00:00;138,76
2025-02-13 02:00:00;137,71
2025-02-13 03:00:00;135,41
2025-02-13 04:00:00;137,49
2025-02-13 05:00:00;142,26
2025-02-13 06:00:00;160,23
2025-02-13 07:00:00;188,71
2025-02-13 08:00:00;219,09
2025-02-13 09:00:00;205,49
2025-02-13 10:00:00;189,4
2025-02-13 11:00:00;175,84
2025-02-13 12:00:00;165,66
2025-02-13 13:00:00;163,42
2025-02-13 14:00:00;162,56
2025-02-13 15:00:00;168,33
2025-02-13 16:00:00;178,72
2025-02-13 17:00:00;200,2
2025-02-13 18:00:00;202,03
2025-02-13 19:00:00;194,01
2025-02-13 20:00:00;175,78
2025-02-13 21:00:00;161,25
2025-02-13 22:00:00;152,34
2025-02-13 23:00:00;139,78
2025-02-14 00:00:00;139
2025-02-14 01:00:00;133,9
2025-02-14 02:00:00;131,65
2025-02-14 03:00:00;130,93
2025-02-14 04:00:00;132,94
2025-02-14 05:00:00;142,14
2025-02-14 06:00:00;172,77
2025-02-14 07:00:00;230,79
2025-02-14 08:00:00;257,71
2025-02-14 09:00:00;226,92
2025-02-14 10:00:00;191
2025-02-14 11:00:00;172,76
2025-02-14 12:00:00;161
2025-02-14 13:00:00;159,82
2025-02-14 14:00:00;168,71
2025-02-14 15:00:00;194,72
2025-02-14 16:00:00;214,92
2025-02-14 17:00:00;302,11
2025-02-14 18:00:00;287,27
2025-02-14 19:00:00;226,32
2025-02-14 20:00:00;193,62
2025-02-14 21:00:00;168,99
2025-02-14 22:00:00;156,76
2025-02-14 23:00:00;144,93
2025-02-15 00:00:00;137,5
2025-02-15 01:00:00;131,61
2025-02-15 02:00:00;124,51
2025-02-15 03:00:00;122,15
2025-02-15 04:00:00;123,15
2025-02-15 05:00:00;124,06
2025-02-15 06:00:00;132,56
2025-02-15 07:00:00;146,43
2025-02-15 08:00:00;150,57
2025-02-15 09:00:00;137,47
2025-02-15 10:00:00;127,65
2025-02-15 11:00:00;120,1
2025-02-15 12:00:00;113,34
2025-02-15 13:00:00;111,75
2025-02-15 14:00:00;117,98
2025-02-15 15:00:00;132,26
2025-02-15 16:00:00;149,02
2025-02-15 17:00:00;169,49
2025-02-15 18:00:00;177,85
2025-02-15 19:00:00;167,15
2025-02-15 20:00:00;152,09
2025-02-15 21:00:00;136,05
2025-02-15 22:00:00;134,11
2025-02-15 23:00:00;126,44
2025-02-16 00:00:00;131,75
2025-02-16 01:00:00;126,69
2025-02-16 02:00:00;121,78
2025-02-16 03:00:00;118,38
2025-02-16 04:00:00;118,04
2025-02-16 05:00:00;118
2025-02-16 06:00:00;117,79
2025-02-16 07:00:00;124,87
2025-02-16 08:00:00;126,82
2025-02-16 09:00:00;123,2
2025-02-16 10:00:00;117,83
2025-02-16 11:00:00;112,55
2025-02-16 12:00:00;111,85
2025-02-16 13:00:00;107,95
2025-02-16 14:00:00;111,37
2025-02-16 15:00:00;122,58
2025-02-16 16:00:00;135,34
2025-02-16 17:00:00;150,91
2025-02-16 18:00:00;163,41
2025-02-16 19:00:00;157,6
2025-02-16 20:00:00;150,01
2025-02-16 21:00:00;138,72
2025-02-16 22:00:00;136,52
2025-02-16 23:00:00;130,16
2025-02-17 00:00:00;126,97
2025-02-17 01:00:00;123,8
2025-02-17 02:00:00;121,3
2025-02-17 03:00:00;122,52
2025-02-17 04:00:00;124,42
2025-02-17 05:00:00;131,57
2025-02-17 06:00:00;159,6
2025-02-17 07:00:00;207,56
2025-02-17 08:00:00;208,1
2025-02-17 09:00:00;171,43
2025-02-17 10:00:00;137,33
2025-02-17 11:00:00;119,83
2025-02-17 12:00:00;114,69
2025-02-17 13:00:00;113,26
2025-02-17 14:00:00;117,18
2025-02-17 15:00:00;136,08
2025-02-17 16:00:00;163,78
2025-02-17 17:00:00;234,29
2025-02-17 18:00:00;272,76
2025-02-17 19:00:00;214,1
2025-02-17 20:00:00;181,78
2025-02-17 21:00:00;161,5
2025-02-17 22:00:00;147,18
2025-02-17 23:00:00;135,63
2025-02-18 00:00:00;134,26
2025-02-18 01:00:00;128,33
2025-02-18 02:00:00;125,75
2025-02-18 03:00:00;122,4
2025-02-18 04:00:00;122,29
2025-02-18 05:00:00;127,36
2025-02-18 06:00:00;148,95
2025-02-18 07:00:00;191,92
2025-02-18 08:00:00;190,6
2025-02-18 09:00:00;148,2
2025-02-18 10:00:00;124,98
2025-02-18 11:00:00;107,87
2025-02-18 12:00:00;96,15
2025-02-18 13:00:00;91,63
2025-02-18 14:00:00;99,07
2025-02-18 15:00:00;113,25
2025-02-18 16:00:00;135,29
2025-02-18 17:00:00;175,14
2025-02-18 18:00:00;175,93
2025-02-18 19:00:00;159,18
2025-02-18 20:00:00;143,3
2025-02-18 21:00:00;128,67
2025-02-18 22:00:00;121,55
2025-02-18 23:00:00;113,09
2025-02-19 00:00:00;106,32
2025-02-19 01:00:00;101,39
2025-02-19 02:00:00;100,93
2025-02-19 03:00:00;98,44
2025-02-19 04:00:00;97,08
2025-02-19 05:00:00;100,43
2025-02-19 06:00:00;118,44
2025-02-19 07:00:00;147,3
2025-02-19 08:00:00;159,5
2025-02-19 09:00:00;127,1
2025-02-19 10:00:00;104,45
2025-02-19 11:00:00;85,35
2025-02-19 12:00:00;80,55
2025-02-19 13:00:00;79,83
2025-02-19 14:00:00;83,21
2025-02-19 15:00:00;96,01
2025-02-19 16:00:00;112,97
2025-02-19 17:00:00;137,98
2025-02-19 18:00:00;147,26
2025-02-19 19:00:00;143,11
2025-02-19 20:00:00;123,47
2025-02-19 21:00:00;115,18
2025-02-19 22:00:00;108,2
2025-02-19 23:00:00;101,53
2025-02-20 00:00:00;90,23
2025-02-20 01:00:00;88,17
2025-02-20 02:00:00;87,02
2025-02-20 03:00:00;84,47
2025-02-20 04:00:00;83,59
2025-02-20 05:00:00;87,02
2025-02-20 06:00:00;95,68
2025-02-20 07:00:00;122,52
2025-02-20 08:00:00;134,99
2025-02-20 09:00:00;113,19
2025-02-20 10:00:00;99,65
2025-02-20 11:00:00;90,81
2025-02-20 12:00:00;88,48
2025-02-20 13:00:00;87,02
2025-02-20 14:00:00;89,94
2025-02-20 15:00:00;96,22
2025-02-20 16:00:00;104,97
2025-02-20 17:00:00;116,09
2025-02-20 18:00:00;119,04
2025-02-20 19:00:00;123,38
2025-02-20 20:00:00;108,03
2025-02-20 21:00:00;95,6
2025-02-20 22:00:00;93,4
2025-02-20 23:00:00;84,08
2025-02-21 00:00:00;77,3
2025-02-21 01:00:00;75,98
2025-02-21 02:00:00;77,26
2025-02-21 03:00:00;80,09
2025-02-21 04:00:00;81,28
2025-02-21 05:00:00;82,95
2025-02-21 06:00:00;106,06
2025-02-21 07:00:00;145,99
2025-02-21 08:00:00;145,84
2025-02-21 09:00:00;123,14
2025-02-21 10:00:00;101,26
2025-02-21 11:00:00;84,18
2025-02-21 12:00:00;79,48
2025-02-21 13:00:00;78,3
2025-02-21 14:00:00;79,82
2025-02-21 15:00:00;83,88
2025-02-21 16:00:00;98,88
2025-02-21 17:00:00;105,31
2025-02-21 18:00:00;102,32
2025-02-21 19:00:00;86,46
2025-02-21 20:00:00;80,71
2025-02-21 21:00:00;72,34
2025-02-21 22:00:00;70,92
2025-02-21 23:00:00;65,44
2025-02-22 00:00:00;53,88
2025-02-22 01:00:00;50,39
2025-02-22 02:00:00;48,9
2025-02-22 03:00:00;44,59
2025-02-22 04:00:00;43,94
2025-02-22 05:00:00;50,17
2025-02-22 06:00:00;54,12
2025-02-22 07:00:00;66,23
2025-02-22 08:00:00;72,28
2025-02-22 09:00:00;67,68
2025-02-22 10:00:00;54,84
2025-02-22 11:00:00;48,35
2025-02-22 12:00:00;43,79
2025-02-22 13:00:00;50,8
2025-02-22 14:00:00;61,84
2025-02-22 15:00:00;80,18
2025-02-22 16:00:00;95,88
2025-02-22 17:00:00;106,24
2025-02-22 18:00:00;110,96
2025-02-22 19:00:00;113,29
2025-02-22 20:00:00;101,26
2025-02-22 21:00:00;95,67
2025-02-22 22:00:00;91,98
2025-02-22 23:00:00;85,06
2025-02-23 00:00:00;86,23
2025-02-23 01:00:00;82,09
2025-02-23 02:00:00;81,99
2025-02-23 03:00:00;81,77
2025-02-23 04:00:00;82,64
2025-02-23 05:00:00;83,12
2025-02-23 06:00:00;83,62
2025-02-23 07:00:00;98,2
2025-02-23 08:00:00;104,61
2025-02-23 09:00:00;94,88
2025-02-23 10:00:00;80,75
2025-02-23 11:00:00;74,72
2025-02-23 12:00:00;62,68
2025-02-23 13:00:00;57,93
2025-02-23 14:00:00;56,91
2025-02-23 15:00:00;66,63
2025-02-23 16:00:00;90,1
2025-02-23 17:00:00;129,41
2025-02-23 18:00:00;138,14
2025-02-23 19:00:00;113,49
2025-02-23 20:00:00;95,66
2025-02-23 21:00:00;83,73
2025-02-23 22:00:00;80,27
2025-02-23 23:00:00;68,25
2025-02-24 00:00:00;61,71
2025-02-24 01:00:00;54,94
2025-02-24 02:00:00;36,22
2025-02-24 03:00:00;32,68
2025-02-24 04:00:00;47,41
2025-02-24 05:00:00;60,46
2025-02-24 06:00:00;79,9
2025-02-24 07:00:00;97,36
2025-02-24 08:00:00;110,86
2025-02-24 09:00:00;97,26
2025-02-24 10:00:00;86,04
2025-02-24 11:00:00;82,83
2025-02-24 12:00:00;78,82
2025-02-24 13:00:00;81,28
2025-02-24 14:00:00;85,37
2025-02-24 15:00:00;92,72
2025-02-24 16:00:00;105,07
2025-02-24 17:00:00;118,42
2025-02-24 18:00:00;139,56
2025-02-24 19:00:00;143,74
2025-02-24 20:00:00;130,66
2025-02-24 21:00:00;115,34
2025-02-24 22:00:00;113,67
2025-02-24 23:00:00;108,39
2025-02-25 00:00:00;87,18
2025-02-25 01:00:00;89,34
2025-02-25 02:00:00;91,54
2025-02-25 03:00:00;92,83
2025-02-25 04:00:00;97,77
2025-02-25 05:00:00;106,05
2025-02-25 06:00:00;137,31
2025-02-25 07:00:00;165,73
2025-02-25 08:00:00;170,42
2025-02-25 09:00:00;153,06
2025-02-25 10:00:00;136,95
2025-02-25 11:00:00;123,66
2025-02-25 12:00:00;122,62
2025-02-25 13:00:00;125,01
2025-02-25 14:00:00;135,65
2025-02-25 15:00:00;152,5
2025-02-25 16:00:00;171,47
2025-02-25 17:00:00;209,74
2025-02-25 18:00:00;229,72
2025-02-25 19:00:00;200,07
2025-02-25 20:00:00;163,22
2025-02-25 21:00:00;143,31
2025-02-25 22:00:00;131,32
2025-02-25 23:00:00;117,86
2025-02-26 00:00:00;121,06
2025-02-26 01:00:00;117,26
2025-02-26 02:00:00;114,53
2025-02-26 03:00:00;114,6
2025-02-26 04:00:00;115,64
2025-02-26 05:00:00;119,55
2025-02-26 06:00:00;144,05
2025-02-26 07:00:00;168,55
2025-02-26 08:00:00;180,47
2025-02-26 09:00:00;163,82
2025-02-26 10:00:00;146,83
2025-02-26 11:00:00;133,48
2025-02-26 12:00:00;124,91
2025-02-26 13:00:00;122,12
2025-02-26 14:00:00;125,93
2025-02-26 15:00:00;135,07
2025-02-26 16:00:00;151,99
2025-02-26 17:00:00;170,56
2025-02-26 18:00:00;179,27
2025-02-26 19:00:00;167,07
2025-02-26 20:00:00;150,74
2025-02-26 21:00:00;122,97
2025-02-26 22:00:00;121,07
2025-02-26 23:00:00;111,72
2025-02-27 00:00:00;101,87
2025-02-27 01:00:00;101,62
2025-02-27 02:00:00;100,27
2025-02-27 03:00:00;99,17
2025-02-27 04:00:00;100,94
2025-02-27 05:00:00;105,93
2025-02-27 06:00:00;119,92
2025-02-27 07:00:00;151,05
2025-02-27 08:00:00;161,57
2025-02-27 09:00:00;144,62
2025-02-27 10:00:00;127,04
2025-02-27 11:00:00;112,91
2025-02-27 12:00:00;106,58
2025-02-27 13:00:00;110,49
2025-02-27 14:00:00;111,3
2025-02-27 15:00:00;124,2
2025-02-27 16:00:00;143,78
2025-02-27 17:00:00;162
2025-02-27 18:00:00;176,49
2025-02-27 19:00:00;165,21
2025-02-27 20:00:00;145,3
2025-02-27 21:00:00;135,59
2025-02-27 22:00:00;124,2
2025-02-27 23:00:00;116,11
2025-02-28 00:00:00;115,84
2025-02-28 01:00:00;110,22
2025-02-28 02:00:00;108,79
2025-02-28 03:00:00;106,77
2025-02-28 04:00:00;110,2
2025-02-28 05:00:00;114,22
2025-02-28 06:00:00;137,05
2025-02-28 07:00:00;158,19
2025-02-28 08:00:00;166
2025-02-28 09:00:00;146,51
2025-02-28 10:00:00;131,18
2025-02-28 11:00:00;120,64
2025-02-28 12:00:00;112,25
2025-02-28 13:00:00;110,42
2025-02-28 14:00:00;113,99
2025-02-28 15:00:00;123,89
2025-02-28 16:00:00;138,28
2025-02-28 17:00:00;156,83
2025-02-28 18:00:00;169,13
2025-02-28 19:00:00;160,33
2025-02-28 20:00:00;144,94
2025-02-28 21:00:00;131,97
2025-02-28 22:00:00;126,59
2025-02-28 23:00:00;118,01
2025-03-01 00:00:00;124,63
2025-03-01 01:00:00;119,58
2025-03-01 02:00:00;114,54
2025-03-01 03:00:00;112,32
2025-03-01 04:00:00;110,8
2025-03-01 05:00:00;113,04
2025-03-01 06:00:00;119,3
2025-03-01 07:00:00;131,39
2025-03-01 08:00:00;135,94
2025-03-01 09:00:00;130,92
2025-03-01 10:00:00;119,61
2025-03-01 11:00:00;107,09
2025-03-01 12:00:00;99,42
2025-03-01 13:00:00;96,82
2025-03-01 14:00:00;99,34
2025-03-01 15:00:00;108,07
2025-03-01 16:00:00;121,42
2025-03-01 17:00:00;142
2025-03-01 18:00:00;154,23
2025-03-01 19:00:00;148,17
2025-03-01 20:00:00;135,5
2025-03-01 21:00:00;124,54
2025-03-01 22:00:00;120,34
2025-03-01 23:00:00;115,56
2025-03-02 00:00:00;114,6
2025-03-02 01:00:00;107,06
2025-03-02 02:00:00;101,21
2025-03-02 03:00:00;96,46
2025-03-02 04:00:00;97,1
2025-03-02 05:00:00;96,59
2025-03-02 06:00:00;97,92
2025-03-02 07:00:00;101,75
2025-03-02 08:00:00;101
2025-03-02 09:00:00;86,11
2025-03-02 10:00:00;65,09
2025-03-02 11:00:00;46,09
2025-03-02 12:00:00;28,72
2025-03-02 13:00:00;13,1
2025-03-02 14:00:00;16,34
2025-03-02 15:00:00;50,99
2025-03-02 16:00:00;85,22
2025-03-02 17:00:00;126,98
2025-03-02 18:00:00;143,29
2025-03-02 19:00:00;143,9
2025-03-02 20:00:00;133,11
2025-03-02 21:00:00;118,72
2025-03-02 22:00:00;116,67
2025-03-02 23:00:00;110,09
2025-03-03 00:00:00;104,92
2025-03-03 01:00:00;102,49
2025-03-03 02:00:00;100,52
2025-03-03 03:00:00;97,9
2025-03-03 04:00:00;98,66
2025-03-03 05:00:00;109,05
2025-03-03 06:00:00;130,19
2025-03-03 07:00:00;150,01
2025-03-03 08:00:00;140,74
2025-03-03 09:00:00;105,96
2025-03-03 10:00:00;74,29
2025-03-03 11:00:00;32,27
2025-03-03 12:00:00;17,76
2025-03-03 13:00:00;14,79
2025-03-03 14:00:00;57,75
2025-03-03 15:00:00;80,63
2025-03-03 16:00:00;103,58
2025-03-03 17:00:00;140,9
2025-03-03 18:00:00;170,74
2025-03-03 19:00:00;169,78
2025-03-03 20:00:00;145,67
2025-03-03 21:00:00;127,6
2025-03-03 22:00:00;120,46
2025-03-03 23:00:00;115,3
2025-03-04 00:00:00;119,45
2025-03-04 01:00:00;112,28
2025-03-04 02:00:00;108,04
2025-03-04 03:00:00;108,43
2025-03-04 04:00:00;106,89
2025-03-04 05:00:00;116,54
2025-03-04 06:00:00;142,4
2025-03-04 07:00:00;167,48
2025-03-04 08:00:00;145,83
2025-03-04 09:00:00;113,9
2025-03-04 10:00:00;82,53
2025-03-04 11:00:00;48,86
2025-03-04 12:00:00;20,64
2025-03-04 13:00:00;16,42
2025-03-04 14:00:00;49,65
2025-03-04 15:00:00;80,6
2025-03-04 16:00:00;108,56
2025-03-04 17:00:00;149,27
2025-03-04 18:00:00;178,76
2025-03-04 19:00:00;164,73
2025-03-04 20:00:00;136,56
2025-03-04 21:00:00;118,25
2025-03-04 22:00:00;114,12
2025-03-04 23:00:00;105,97
2025-03-05 00:00:00;93,94
2025-03-05 01:00:00;88,59
2025-03-05 02:00:00;86,86
2025-03-05 03:00:00;84,22
2025-03-05 04:00:00;85,17
2025-03-05 05:00:00;93,54
2025-03-05 06:00:00;114,64
2025-03-05 07:00:00;136,81
2025-03-05 08:00:00;92,47
2025-03-05 09:00:00;48,06
2025-03-05 10:00:00;5,97
2025-03-05 11:00:00;1,54
2025-03-05 12:00:00;-2,06
2025-03-05 13:00:00;-1,76
2025-03-05 14:00:00;2,76
2025-03-05 15:00:00;51,47
2025-03-05 16:00:00;91,57
2025-03-05 17:00:00;133,06
2025-03-05 18:00:00;148,45
2025-03-05 19:00:00;147,68
2025-03-05 20:00:00;125,92
2025-03-05 21:00:00;112,06
2025-03-05 22:00:00;110,15
2025-03-05 23:00:00;99,06
2025-03-06 00:00:00;86,53
2025-03-06 01:00:00;86,39
2025-03-06 02:00:00;86,04
2025-03-06 03:00:00;86,95
2025-03-06 04:00:00;91,47
2025-03-06 05:00:00;96,68
2025-03-06 06:00:00;130,04
2025-03-06 07:00:00;148,08
2025-03-06 08:00:00;111,82
2025-03-06 09:00:00;77,52
2025-03-06 10:00:00;49,88
2025-03-06 11:00:00;13,48
2025-03-06 12:00:00;4,85
2025-03-06 13:00:00;5,09
2025-03-06 14:00:00;21,86
2025-03-06 15:00:00;71,74
2025-03-06 16:00:00;111,56
2025-03-06 17:00:00;149,4
2025-03-06 18:00:00;162,81
2025-03-06 19:00:00;151,74
2025-03-06 20:00:00;129,93
2025-03-06 21:00:00;110,1
2025-03-06 22:00:00;103,51
2025-03-06 23:00:00;92,16
2025-03-07 00:00:00;89,88
2025-03-07 01:00:00;90,42
2025-03-07 02:00:00;90,69
2025-03-07 03:00:00;92,16
2025-03-07 04:00:00;97,84
2025-03-07 05:00:00;111,65
2025-03-07 06:00:00;135,92
2025-03-07 07:00:00;149,14
2025-03-07 08:00:00;121,62
2025-03-07 09:00:00;82,54
2025-03-07 10:00:00;62,25
2025-03-07 11:00:00;31,92
2025-03-07 12:00:00;13,28
2025-03-07 13:00:00;11,02
2025-03-07 14:00:00;37,6
2025-03-07 15:00:00;85,58
2025-03-07 16:00:00;125,66
2025-03-07 17:00:00;153,73
2025-03-07 18:00:00;211,73
2025-03-07 19:00:00;178,73
2025-03-07 20:00:00;146,32
2025-03-07 21:00:00;129,76
2025-03-07 22:00:00;118,85
2025-03-07 23:00:00;112,4
2025-03-08 00:00:00;117,83
2025-03-08 01:00:00;111,94
2025-03-08 02:00:00;113,24
2025-03-08 03:00:00;112,84
2025-03-08 04:00:00;114,1
2025-03-08 05:00:00;115,63
2025-03-08 06:00:00;120,29
2025-03-08 07:00:00;116,2
2025-03-08 08:00:00;97,52
2025-03-08 09:00:00;63,42
2025-03-08 10:00:00;19,96
2025-03-08 11:00:00;4,54
2025-03-08 12:00:00;1,36
2025-03-08 13:00:00;-0,58
2025-03-08 14:00:00;3,58
2025-03-08 15:00:00;46,61
2025-03-08 16:00:00;93,31
2025-03-08 17:00:00;132,86
2025-03-08 18:00:00;156,59
2025-03-08 19:00:00;134,74
2025-03-08 20:00:00;111,58
2025-03-08 21:00:00;97,86
2025-03-08 22:00:00;96,25
2025-03-08 23:00:00;90,53
2025-03-09 00:00:00;92,74
2025-03-09 01:00:00;91,26
2025-03-09 02:00:00;90,92
2025-03-09 03:00:00;91,34
2025-03-09 04:00:00;93,24
2025-03-09 05:00:00;94,1
2025-03-09 06:00:00;94,49
2025-03-09 07:00:00;88,19
2025-03-09 08:00:00;58,1
2025-03-09 09:00:00;24,2
2025-03-09 10:00:00;5,92
2025-03-09 11:00:00;0
2025-03-09 12:00:00;-3,32
2025-03-09 13:00:00;-3,26
2025-03-09 14:00:00;-0,01
2025-03-09 15:00:00;19,1
2025-03-09 16:00:00;83,26
2025-03-09 17:00:00;117,7
2025-03-09 18:00:00;134,37
2025-03-09 19:00:00;133,75
2025-03-09 20:00:00;127,55
2025-03-09 21:00:00;118,88
2025-03-09 22:00:00;114,09
2025-03-09 23:00:00;104,84
2025-03-10 00:00:00;98,17
2025-03-10 01:00:00;96,54
2025-03-10 02:00:00;96,37
2025-03-10 03:00:00;96,28
2025-03-10 04:00:00;97,32
2025-03-10 05:00:00;109,38
2025-03-10 06:00:00;144,46
2025-03-10 07:00:00;164,95
2025-03-10 08:00:00;141,23
2025-03-10 09:00:00;110,18
2025-03-10 10:00:00;90,61
2025-03-10 11:00:00;81,38
2025-03-10 12:00:00;77,45
2025-03-10 13:00:00;77,92
2025-03-10 14:00:00;84,7
2025-03-10 15:00:00;99,84
2025-03-10 16:00:00;127,76
2025-03-10 17:00:00;153,32
2025-03-10 18:00:00;174,82
2025-03-10 19:00:00;162,07
2025-03-10 20:00:00;142,69
2025-03-10 21:00:00;125,01
2025-03-10 22:00:00;111,13
2025-03-10 23:00:00;99,39
2025-03-11 00:00:00;102,32
2025-03-11 01:00:00;100,53
2025-03-11 02:00:00;99,22
2025-03-11 03:00:00;99,78
2025-03-11 04:00:00;102,02
2025-03-11 05:00:00;109,88
2025-03-11 06:00:00;146,8
2025-03-11 07:00:00;159,89
2025-03-11 08:00:00;148,79
2025-03-11 09:00:00;130,15
2025-03-11 10:00:00;103,07
2025-03-11 11:00:00;97,02
2025-03-11 12:00:00;95,2
2025-03-11 13:00:00;96,44
2025-03-11 14:00:00;101,61
2025-03-11 15:00:00;112,66
2025-03-11 16:00:00;134,22
2025-03-11 17:00:00;167,89
2025-03-11 18:00:00;196,42
2025-03-11 19:00:00;177,62
2025-03-11 20:00:00;149,16
2025-03-11 21:00:00;132,18
2025-03-11 22:00:00;117,91
2025-03-11 23:00:00;106,69
2025-03-12 00:00:00;100,44
2025-03-12 01:00:00;98,96
2025-03-12 02:00:00;97,98
2025-03-12 03:00:00;98,52
2025-03-12 04:00:00;101,55
2025-03-12 05:00:00;109,71
2025-03-12 06:00:00;140,47
2025-03-12 07:00:00;158,37
2025-03-12 08:00:00;147,76
2025-03-12 09:00:00;127,23
2025-03-12 10:00:00;108,55
2025-03-12 11:00:00;102,46
2025-03-12 12:00:00;100,42
2025-03-12 13:00:00;100,95
2025-03-12 14:00:00;104,72
2025-03-12 15:00:00;117,42
2025-03-12 16:00:00;143,62
2025-03-12 17:00:00;163,06
2025-03-12 18:00:00;199,88
2025-03-12 19:00:00;180,52
2025-03-12 20:00:00;150,46
2025-03-12 21:00:00;135,25
2025-03-12 22:00:00;120,03
2025-03-12 23:00:00;110,1
2025-03-13 00:00:00;108,46
2025-03-13 01:00:00;102,37
2025-03-13 02:00:00;99,99
2025-03-13 03:00:00;98,35
2025-03-13 04:00:00;99,77
2025-03-13 05:00:00;105,4
2025-03-13 06:00:00;134,24
2025-03-13 07:00:00;154,07
2025-03-13 08:00:00;152,49
2025-03-13 09:00:00;141,59
2025-03-13 10:00:00;120,5
2025-03-13 11:00:00;108,7
2025-03-13 12:00:00;106,34
2025-03-13 13:00:00;105,11
2025-03-13 14:00:00;105,27
2025-03-13 15:00:00;110,85
2025-03-13 16:00:00;122,74
2025-03-13 17:00:00;144,2
2025-03-13 18:00:00;165,35
2025-03-13 19:00:00;175,01
2025-03-13 20:00:00;150,84
2025-03-13 21:00:00;136,17
2025-03-13 22:00:00;126,27
2025-03-13 23:00:00;112,23
2025-03-14 00:00:00;109,41
2025-03-14 01:00:00;107,32
2025-03-14 02:00:00;106,24
2025-03-14 03:00:00;104,08
2025-03-14 04:00:00;104,5
2025-03-14 05:00:00;111,4
2025-03-14 06:00:00;139,23
2025-03-14 07:00:00;156,01
2025-03-14 08:00:00;154,5
2025-03-14 09:00:00;136,42
2025-03-14 10:00:00;117,27
2025-03-14 11:00:00;108,27
2025-03-14 12:00:00;106,25
2025-03-14 13:00:00;105,15
2025-03-14 14:00:00;106,4
2025-03-14 15:00:00;110,67
2025-03-14 16:00:00;123,16
2025-03-14 17:00:00;141,46
2025-03-14 18:00:00;155,41
2025-03-14 19:00:00;150,28
2025-03-14 20:00:00;134,06
2025-03-14 21:00:00;115,17
2025-03-14 22:00:00;113,65
2025-03-14 23:00:00;105,25
2025-03-15 00:00:00;108,38
2025-03-15 01:00:00;102,2
2025-03-15 02:00:00;96,08
2025-03-15 03:00:00;92,35
2025-03-15 04:00:00;91,02
2025-03-15 05:00:00;92,78
2025-03-15 06:00:00;98,28
2025-03-15 07:00:00;100,15
2025-03-15 08:00:00;99,07
2025-03-15 09:00:00;87,48
2025-03-15 10:00:00;72,18
2025-03-15 11:00:00;63,63
2025-03-15 12:00:00;58,56
2025-03-15 13:00:00;54
2025-03-15 14:00:00;59,52
2025-03-15 15:00:00;74,36
2025-03-15 16:00:00;90,03
2025-03-15 17:00:00;120,43
2025-03-15 18:00:00;131,18
2025-03-15 19:00:00;131,26
2025-03-15 20:00:00;118,54
2025-03-15 21:00:00;106,66
2025-03-15 22:00:00;103,07
2025-03-15 23:00:00;95,65
2025-03-16 00:00:00;95,12
2025-03-16 01:00:00;91,36
2025-03-16 02:00:00;87,19
2025-03-16 03:00:00;85,44
2025-03-16 04:00:00;85,64
2025-03-16 05:00:00;86,93
2025-03-16 06:00:00;89,07
2025-03-16 07:00:00;84,23
2025-03-16 08:00:00;76,47
2025-03-16 09:00:00;56,39
2025-03-16 10:00:00;28,61
2025-03-16 11:00:00;15,92
2025-03-16 12:00:00;11,06
2025-03-16 13:00:00;7,54
2025-03-16 14:00:00;14,52
2025-03-16 15:00:00;39,06
2025-03-16 16:00:00;75,25
2025-03-16 17:00:00;112,13
2025-03-16 18:00:00;128,91
2025-03-16 19:00:00;134,6
2025-03-16 20:00:00;121,79
2025-03-16 21:00:00;106,26
2025-03-16 22:00:00;102,44
2025-03-16 23:00:00;87,07
2025-03-17 00:00:00;83,2
2025-03-17 01:00:00;82,57
2025-03-17 02:00:00;81,6
2025-03-17 03:00:00;83,69
2025-03-17 04:00:00;88,07
2025-03-17 05:00:00;102,45
2025-03-17 06:00:00;129,19
2025-03-17 07:00:00;148,75
2025-03-17 08:00:00;131,72
2025-03-17 09:00:00;99,46
2025-03-17 10:00:00;69,61
2025-03-17 11:00:00;54,5
2025-03-17 12:00:00;35,1
2025-03-17 13:00:00;32,13
2025-03-17 14:00:00;51,09
2025-03-17 15:00:00;71,33
2025-03-17 16:00:00;99,57
2025-03-17 17:00:00;139,44
2025-03-17 18:00:00;169,22
2025-03-17 19:00:00;165,78
2025-03-17 20:00:00;143,1
2025-03-17 21:00:00;123,92
2025-03-17 22:00:00;113,93
2025-03-17 23:00:00;101,97
2025-03-18 00:00:00;94,57
2025-03-18 01:00:00;93,5
2025-03-18 02:00:00;93,37
2025-03-18 03:00:00;93,19
2025-03-18 04:00:00;98,01
2025-03-18 05:00:00;109,97
2025-03-18 06:00:00;139
2025-03-18 07:00:00;136,99
2025-03-18 08:00:00;105,38
2025-03-18 09:00:00;67,94
2025-03-18 10:00:00;20,97
2025-03-18 11:00:00;2,32
2025-03-18 12:00:00;-1,18
2025-03-18 13:00:00;0,77
2025-03-18 14:00:00;8,3
2025-03-18 15:00:00;50,29
2025-03-18 16:00:00;95,37
2025-03-18 17:00:00;141,65
2025-03-18 18:00:00;170,51
2025-03-18 19:00:00;169,23
2025-03-18 20:00:00;143,94
2025-03-18 21:00:00;122,67
2025-03-18 22:00:00;115,21
2025-03-18 23:00:00;103,12
2025-03-19 00:00:00;106,23
2025-03-19 01:00:00;102,1
2025-03-19 02:00:00;100,82
2025-03-19 03:00:00;101,92
2025-03-19 04:00:00;107,09
2025-03-19 05:00:00;121,79
2025-03-19 06:00:00;151,59
2025-03-19 07:00:00;147,42
2025-03-19 08:00:00;109,56
2025-03-19 09:00:00;79,38
2025-03-19 10:00:00;32,6
2025-03-19 11:00:00;8,6
2025-03-19 12:00:00;2,71
2025-03-19 13:00:00;3,85
2025-03-19 14:00:00;11,49
2025-03-19 15:00:00;65,87
2025-03-19 16:00:00;110,77
2025-03-19 17:00:00;150,4
2025-03-19 18:00:00;228,22
2025-03-19 19:00:00;211,37
2025-03-19 20:00:00;171,64
2025-03-19 21:00:00;136,35
2025-03-19 22:00:00;122,9
2025-03-19 23:00:00;112,63
2025-03-20 00:00:00;114,72
2025-03-20 01:00:00;106,02
2025-03-20 02:00:00;102,93
2025-03-20 03:00:00;102,62
2025-03-20 04:00:00;105,2
2025-03-20 05:00:00;120,25
2025-03-20 06:00:00;146,91
2025-03-20 07:00:00;144,73
2025-03-20 08:00:00;106,04
2025-03-20 09:00:00;76,56
2025-03-20 10:00:00;36,94
2025-03-20 11:00:00;6,28
2025-03-20 12:00:00;0,57
2025-03-20 13:00:00;3,43
2025-03-20 14:00:00;19,51
2025-03-20 15:00:00;75,74
2025-03-20 16:00:00;116,58
2025-03-20 17:00:00;153,17
2025-03-20 18:00:00;257,93
2025-03-20 19:00:00;235,29
2025-03-20 20:00:00;160,34
2025-03-20 21:00:00;138,74
2025-03-20 22:00:00;128,46
2025-03-20 23:00:00;116,89
2025-03-21 00:00:00;123,9
2025-03-21 01:00:00;116,41
2025-03-21 02:00:00;110,78
2025-03-21 03:00:00;107,63
2025-03-21 04:00:00;109,81
2025-03-21 05:00:00;127,32
2025-03-21 06:00:00;153,32
2025-03-21 07:00:00;146,61
2025-03-21 08:00:00;105,12
2025-03-21 09:00:00;63,2
2025-03-21 10:00:00;24,86
2025-03-21 11:00:00;3,19
2025-03-21 12:00:00;-2,32
2025-03-21 13:00:00;-2,84
2025-03-21 14:00:00;-1,6
2025-03-21 15:00:00;7,79
2025-03-21 16:00:00;39,11
2025-03-21 17:00:00;87,2
2025-03-21 18:00:00;106,25
2025-03-21 19:00:00;79,68
2025-03-21 20:00:00;64
2025-03-21 21:00:00;40,09
2025-03-21 22:00:00;29,65
2025-03-21 23:00:00;22,57
2025-03-22 00:00:00;21,99
2025-03-22 01:00:00;14,86
2025-03-22 02:00:00;10,48
2025-03-22 03:00:00;7,61
2025-03-22 04:00:00;9,12
2025-03-22 05:00:00;13,91
2025-03-22 06:00:00;9,28
2025-03-22 07:00:00;9,22
2025-03-22 08:00:00;5,4
2025-03-22 09:00:00;0,48
2025-03-22 10:00:00;-1,11
2025-03-22 11:00:00;-6,12
2025-03-22 12:00:00;-21,07
2025-03-22 13:00:00;-21,05
2025-03-22 14:00:00;-4,59
2025-03-22 15:00:00;-1,75
2025-03-22 16:00:00;5,22
2025-03-22 17:00:00;32,65
2025-03-22 18:00:00;57,03
2025-03-22 19:00:00;50,03
2025-03-22 20:00:00;41,74
2025-03-22 21:00:00;35,81
2025-03-22 22:00:00;36,1
2025-03-22 23:00:00;32,83
2025-03-23 00:00:00;17,31
2025-03-23 01:00:00;20,52
2025-03-23 02:00:00;23,91
2025-03-23 03:00:00;27,56
2025-03-23 04:00:00;29,61
2025-03-23 05:00:00;27,71
2025-03-23 06:00:00;27,17
2025-03-23 07:00:00;26,8
2025-03-23 08:00:00;20,44
2025-03-23 09:00:00;18,47
2025-03-23 10:00:00;10,78
2025-03-23 11:00:00;7,97
2025-03-23 12:00:00;9,18
2025-03-23 13:00:00;5,21
2025-03-23 14:00:00;15,93
2025-03-23 15:00:00;44,28
2025-03-23 16:00:00;85,08
2025-03-23 17:00:00;123,16
2025-03-23 18:00:00;141,94
2025-03-23 19:00:00;145,28
2025-03-23 20:00:00;135,8
2025-03-23 21:00:00;125,55
2025-03-23 22:00:00;122,04
2025-03-23 23:00:00;110,25
2025-03-24 00:00:00;104,59
2025-03-24 01:00:00;103,36
2025-03-24 02:00:00;100,67
2025-03-24 03:00:00;99,11
2025-03-24 04:00:00;101,16
2025-03-24 05:00:00;115,91
2025-03-24 06:00:00;142,14
2025-03-24 07:00:00;159,49
2025-03-24 08:00:00;152,18
2025-03-24 09:00:00;127,47
2025-03-24 10:00:00;108,19
2025-03-24 11:00:00;98,5
2025-03-24 12:00:00;92,56
2025-03-24 13:00:00;93,84
2025-03-24 14:00:00;100,92
2025-03-24 15:00:00;110,98
2025-03-24 16:00:00;128,47
2025-03-24 17:00:00;151,41
2025-03-24 18:00:00;194,2
2025-03-24 19:00:00;183,86
2025-03-24 20:00:00;157,57
2025-03-24 21:00:00;134,91
2025-03-24 22:00:00;122,99
2025-03-24 23:00:00;110,53
2025-03-25 00:00:00;107,87
2025-03-25 01:00:00;104,98
2025-03-25 02:00:00;102,15
2025-03-25 03:00:00;102,3
2025-03-25 04:00:00;102,4
2025-03-25 05:00:00;110
2025-03-25 06:00:00;134,01
2025-03-25 07:00:00;143,08
2025-03-25 08:00:00;130,88
2025-03-25 09:00:00;106,13
2025-03-25 10:00:00;88,87
2025-03-25 11:00:00;78,37
2025-03-25 12:00:00;68,18
2025-03-25 13:00:00;65,75
2025-03-25 14:00:00;77,73
2025-03-25 15:00:00;91,68
2025-03-25 16:00:00;109,23
2025-03-25 17:00:00;137,37
2025-03-25 18:00:00;156,82
2025-03-25 19:00:00;163,01
2025-03-25 20:00:00;143,2
2025-03-25 21:00:00;121,54
2025-03-25 22:00:00;112,49
2025-03-25 23:00:00;99,78
2025-03-26 00:00:00;99,25
2025-03-26 01:00:00;95,82
2025-03-26 02:00:00;94,34
2025-03-26 03:00:00;93,49
2025-03-26 04:00:00;94,15
2025-03-26 05:00:00;100,1
2025-03-26 06:00:00;127,95
2025-03-26 07:00:00;140,45
2025-03-26 08:00:00;135,44
2025-03-26 09:00:00;114,17
2025-03-26 10:00:00;101,86
2025-03-26 11:00:00;96,34
2025-03-26 12:00:00;92,13
2025-03-26 13:00:00;86,07
2025-03-26 14:00:00;89,5
2025-03-26 15:00:00;94,81
2025-03-26 16:00:00;105,94
2025-03-26 17:00:00;138,26
2025-03-26 18:00:00;164,43
2025-03-26 19:00:00;166,5
2025-03-26 20:00:00;149,86
2025-03-26 21:00:00;129,61
2025-03-26 22:00:00;119,56
2025-03-26 23:00:00;106,97
2025-03-27 00:00:00;105,45
2025-03-27 01:00:00;100,54
2025-03-27 02:00:00;98,56
2025-03-27 03:00:00;98,06
2025-03-27 04:00:00;97,74
2025-03-27 05:00:00;105,85
2025-03-27 06:00:00;130,02
2025-03-27 07:00:00;138,78
2025-03-27 08:00:00;123,43
2025-03-27 09:00:00;93,62
2025-03-27 10:00:00;74,41
2025-03-27 11:00:00;43,55
2025-03-27 12:00:00;23,4
2025-03-27 13:00:00;13,33
2025-03-27 14:00:00;29,26
2025-03-27 15:00:00;69,81
2025-03-27 16:00:00;92,15
2025-03-27 17:00:00;130,49
2025-03-27 18:00:00;163,78
2025-03-27 19:00:00;173,92
2025-03-27 20:00:00;143,52
2025-03-27 21:00:00;125,21
2025-03-27 22:00:00;114,01
2025-03-27 23:00:00;101,59
2025-03-28 00:00:00;93,11
2025-03-28 01:00:00;84,9
2025-03-28 02:00:00;84,13
2025-03-28 03:00:00;84,03
2025-03-28 04:00:00;85,04
2025-03-28 05:00:00;100,01
2025-03-28 06:00:00;123,29
2025-03-28 07:00:00;120,12
2025-03-28 08:00:00;93,7
2025-03-28 09:00:00;67,06
2025-03-28 10:00:00;22,16
2025-03-28 11:00:00;2,39
2025-03-28 12:00:00;0,62
2025-03-28 13:00:00;-0,03
2025-03-28 14:00:00;14,39
2025-03-28 15:00:00;65,55
2025-03-28 16:00:00;98,59
2025-03-28 17:00:00;130,92
2025-03-28 18:00:00;162,03
2025-03-28 19:00:00;163,52
2025-03-28 20:00:00;145,16
2025-03-28 21:00:00;124,48
2025-03-28 22:00:00;116,2
2025-03-28 23:00:00;106,68
2025-03-29 00:00:00;107,68
2025-03-29 01:00:00;101,01
2025-03-29 02:00:00;95,42
2025-03-29 03:00:00;95,24
2025-03-29 04:00:00;94,2
2025-03-29 05:00:00;92,74
2025-03-29 06:00:00;94,77
2025-03-29 07:00:00;97,92
2025-03-29 08:00:00;93,64
2025-03-29 09:00:00;79,17
2025-03-29 10:00:00;60,09
2025-03-29 11:00:00;54,33
2025-03-29 12:00:00;46,47
2025-03-29 13:00:00;7,68
2025-03-29 14:00:00;10,71
2025-03-29 15:00:00;31,82
2025-03-29 16:00:00;64,29
2025-03-29 17:00:00;99,4
2025-03-29 18:00:00;137,62
2025-03-29 19:00:00;143,16
2025-03-29 20:00:00;120,02
2025-03-29 21:00:00;101,36
2025-03-29 22:00:00;87,4
2025-03-29 23:00:00;74,14
2025-03-30 00:00:00;58,47
2025-03-30 01:00:00;36,94
2025-03-30 03:00:00;26,46
2025-03-30 04:00:00;16,48
2025-03-30 05:00:00;10,05
2025-03-30 06:00:00;8,17
2025-03-30 07:00:00;0,68
2025-03-30 08:00:00;1,12
2025-03-30 09:00:00;-0,32
2025-03-30 10:00:00;-2,04
2025-03-30 11:00:00;-10,4
2025-03-30 12:00:00;-13,48
2025-03-30 13:00:00;-19,42
2025-03-30 14:00:00;-19,84
2025-03-30 15:00:00;-13,72
2025-03-30 16:00:00;-7,44
2025-03-30 17:00:00;0,84
2025-03-30 18:00:00;14,9
2025-03-30 19:00:00;52,22
2025-03-30 20:00:00;55,93
2025-03-30 21:00:00;48,04
2025-03-30 22:00:00;48,36
2025-03-30 23:00:00;40,38
2025-03-31 00:00:00;48,2
2025-03-31 01:00:00;48,14
2025-03-31 02:00:00;45,63
2025-03-31 03:00:00;49,98
2025-03-31 04:00:00;62,98
2025-03-31 05:00:00;79,58
2025-03-31 06:00:00;102,08
2025-03-31 07:00:00;134,12
2025-03-31 08:00:00;144,12
2025-03-31 09:00:00;115,49
2025-03-31 10:00:00;97,64
2025-03-31 11:00:00;88,58
2025-03-31 12:00:00;78,85
2025-03-31 13:00:00;66,75
2025-03-31 14:00:00;61,16
2025-03-31 15:00:00;73,02
2025-03-31 16:00:00;78,87
2025-03-31 17:00:00;102,26
2025-03-31 18:00:00;132,81
2025-03-31 19:00:00;171,07
2025-03-31 20:00:00;164,76
2025-03-31 21:00:00;134,51
2025-03-31 22:00:00;119,62
2025-03-31 23:00:00;106,97
2025-04-01 00:00:00;103,63
2025-04-01 01:00:00;98,25
2025-04-01 02:00:00;96,79
2025-04-01 03:00:00;96,9
2025-04-01 04:00:00;97,32
2025-04-01 05:00:00;106,96
2025-04-01 06:00:00;135,46
2025-04-01 07:00:00;179,88
2025-04-01 08:00:00;162,55
2025-04-01 09:00:00;118,45
2025-04-01 10:00:00;89,98
2025-04-01 11:00:00;67,09
2025-04-01 12:00:00;45,45
2025-04-01 13:00:00;16,46
2025-04-01 14:00:00;14,4
2025-04-01 15:00:00;25,91
2025-04-01 16:00:00;59,51
2025-04-01 17:00:00;82,88
2025-04-01 18:00:00;121,44
2025-04-01 19:00:00;155,45
2025-04-01 20:00:00;139,73
2025-04-01 21:00:00;110
2025-04-01 22:00:00;95,04
2025-04-01 23:00:00;80,09
2025-04-02 00:00:00;69,91
2025-04-02 01:00:00;69,35
2025-04-02 02:00:00;70,46
2025-04-02 03:00:00;71,08
2025-04-02 04:00:00;72,74
2025-04-02 05:00:00;84,44
2025-04-02 06:00:00;115,97
2025-04-02 07:00:00;146,15
2025-04-02 08:00:00;124,82
2025-04-02 09:00:00;86,39
2025-04-02 10:00:00;51,26
2025-04-02 11:00:00;4,37
2025-04-02 12:00:00;-3,52
2025-04-02 13:00:00;-14,33
2025-04-02 14:00:00;-15,21
2025-04-02 15:00:00;-10,09
2025-04-02 16:00:00;-1,02
2025-04-02 17:00:00;22,75
2025-04-02 18:00:00;89,07
2025-04-02 19:00:00;125,15
2025-04-02 20:00:00;115,6
2025-04-02 21:00:00;96,11
2025-04-02 22:00:00;85,15
2025-04-02 23:00:00;72,79
2025-04-03 00:00:00;62,19
2025-04-03 01:00:00;61,75
2025-04-03 02:00:00;64,62
2025-04-03 03:00:00;68,32
2025-04-03 04:00:00;71,85
2025-04-03 05:00:00;86,65
2025-04-03 06:00:00;123,76
2025-04-03 07:00:00;158,47
2025-04-03 08:00:00;129,13
2025-04-03 09:00:00;79,22
2025-04-03 10:00:00;41,86
2025-04-03 11:00:00;1,98
2025-04-03 12:00:00;-2,6
2025-04-03 13:00:00;-10,12
2025-04-03 14:00:00;-9,13
2025-04-03 15:00:00;-1,58
2025-04-03 16:00:00;18,37
2025-04-03 17:00:00;80,7
2025-04-03 18:00:00;137,21
2025-04-03 19:00:00;169,13
2025-04-03 20:00:00;157,89
2025-04-03 21:00:00;135,13
2025-04-03 22:00:00;115,89
2025-04-03 23:00:00;106,13
2025-04-04 00:00:00;105,76
2025-04-04 01:00:00;102,02
2025-04-04 02:00:00;102,05
2025-04-04 03:00:00;102,4
2025-04-04 04:00:00;106,12
2025-04-04 05:00:00;116,05
2025-04-04 06:00:00;151,74
2025-04-04 07:00:00;176,31
2025-04-04 08:00:00;142,77
2025-04-04 09:00:00;94,32
2025-04-04 10:00:00;63,68
2025-04-04 11:00:00;7,95
2025-04-04 12:00:00;0,2
2025-04-04 13:00:00;-3,71
2025-04-04 14:00:00;-4,98
2025-04-04 15:00:00;0,33
2025-04-04 16:00:00;28,95
2025-04-04 17:00:00;76,92
2025-04-04 18:00:00;125,53
2025-04-04 19:00:00;163,47
2025-04-04 20:00:00;150,1
2025-04-04 21:00:00;120,59
2025-04-04 22:00:00;106,03
2025-04-04 23:00:00;94,29
2025-04-05 00:00:00;100,42
2025-04-05 01:00:00;95,11
2025-04-05 02:00:00;93,2
2025-04-05 03:00:00;91,34
2025-04-05 04:00:00;89,38
2025-04-05 05:00:00;89,2
2025-04-05 06:00:00;94,69
2025-04-05 07:00:00;99,01
2025-04-05 08:00:00;87,1
2025-04-05 09:00:00;49,58
2025-04-05 10:00:00;0,82
2025-04-05 11:00:00;-2,98
2025-04-05 12:00:00;-26,26
2025-04-05 13:00:00;-48,07
2025-04-05 14:00:00;-48,94
2025-04-05 15:00:00;-26,37
2025-04-05 16:00:00;-6,53
2025-04-05 17:00:00;4,43
2025-04-05 18:00:00;60,95
2025-04-05 19:00:00;91,79
2025-04-05 20:00:00;91,61
2025-04-05 21:00:00;81,88
2025-04-05 22:00:00;70,97
2025-04-05 23:00:00;58,34
2025-04-06 00:00:00;57,22
2025-04-06 01:00:00;50,45
2025-04-06 02:00:00;53,97
2025-04-06 03:00:00;56,79
2025-04-06 04:00:00;56,65
2025-04-06 05:00:00;62,53
2025-04-06 06:00:00;67,57
2025-04-06 07:00:00;68,49
2025-04-06 08:00:00;42,65
2025-04-06 09:00:00;4,69
2025-04-06 10:00:00;-2,95
2025-04-06 11:00:00;-20,67
2025-04-06 12:00:00;-39,85
2025-04-06 13:00:00;-81,82
2025-04-06 14:00:00;-84,76
2025-04-06 15:00:00;-48,18
2025-04-06 16:00:00;-11,5
2025-04-06 17:00:00;16,58
2025-04-06 18:00:00;99,2
2025-04-06 19:00:00;132,78
2025-04-06 20:00:00;138
2025-04-06 21:00:00;123,97
2025-04-06 22:00:00;111,92
2025-04-06 23:00:00;101,84
2025-04-07 00:00:00;89
2025-04-07 01:00:00;87,14
2025-04-07 02:00:00;85,5
2025-04-07 03:00:00;86,47
2025-04-07 04:00:00;89,94
2025-04-07 05:00:00;102,92
2025-04-07 06:00:00;135,49
2025-04-07 07:00:00;179,1
2025-04-07 08:00:00;143,73
2025-04-07 09:00:00;107,9
2025-04-07 10:00:00;76,01
2025-04-07 11:00:00;53
2025-04-07 12:00:00;14,44
2025-04-07 13:00:00;3,3
2025-04-07 14:00:00;4,56
2025-04-07 15:00:00;40,63
2025-04-07 16:00:00;60,2
2025-04-07 17:00:00;94,06
2025-04-07 18:00:00;129,12
2025-04-07 19:00:00;173,8
2025-04-07 20:00:00;173,02
2025-04-07 21:00:00;138,06
2025-04-07 22:00:00;121,51
2025-04-07 23:00:00;107
2025-04-08 00:00:00;96,02
2025-04-08 01:00:00;90,62
2025-04-08 02:00:00;91,03
2025-04-08 03:00:00;90,45
2025-04-08 04:00:00;92,78
2025-04-08 05:00:00;106,52
2025-04-08 06:00:00;142,06
2025-04-08 07:00:00;184,58
2025-04-08 08:00:00;141,42
2025-04-08 09:00:00;94,78
2025-04-08 10:00:00;76,59
2025-04-08 11:00:00;58,38
2025-04-08 12:00:00;28,09
2025-04-08 13:00:00;21,7
2025-04-08 14:00:00;33,12
2025-04-08 15:00:00;60,3
2025-04-08 16:00:00;78,24
2025-04-08 17:00:00;97,14
2025-04-08 18:00:00;124,54
2025-04-08 19:00:00;186,07
2025-04-08 20:00:00;175,46
2025-04-08 21:00:00;137,6
2025-04-08 22:00:00;120,54
2025-04-08 23:00:00;104,44
2025-04-09 00:00:00;101,23
2025-04-09 01:00:00;95,2
2025-04-09 02:00:00;94,67
2025-04-09 03:00:00;94,05
2025-04-09 04:00:00;95,34
2025-04-09 05:00:00;108,14
2025-04-09 06:00:00;145,66
2025-04-09 07:00:00;177,21
2025-04-09 08:00:00;136,28
2025-04-09 09:00:00;95,24
2025-04-09 10:00:00;79,13
2025-04-09 11:00:00;53,77
2025-04-09 12:00:00;16,22
2025-04-09 13:00:00;11,66
2025-04-09 14:00:00;17,85
2025-04-09 15:00:00;38,39
2025-04-09 16:00:00;61,02
2025-04-09 17:00:00;79,71
2025-04-09 18:00:00;104,64
2025-04-09 19:00:00;132,94
2025-04-09 20:00:00;138,49
2025-04-09 21:00:00;114,58
2025-04-09 22:00:00;100,92
2025-04-09 23:00:00;94,83
2025-04-10 00:00:00;91,44
2025-04-10 01:00:00;88,48
2025-04-10 02:00:00;88,21
2025-04-10 03:00:00;87,8
2025-04-10 04:00:00;88,85
2025-04-10 05:00:00;99,77
2025-04-10 06:00:00;133,43
2025-04-10 07:00:00;165,96
2025-04-10 08:00:00;135,62
2025-04-10 09:00:00;103,45
2025-04-10 10:00:00;82,54
2025-04-10 11:00:00;61,78
2025-04-10 12:00:00;23,17
2025-04-10 13:00:00;1,65
2025-04-10 14:00:00;0,07
2025-04-10 15:00:00;1,68
2025-04-10 16:00:00;39,76
2025-04-10 17:00:00;72,03
2025-04-10 18:00:00;101,85
2025-04-10 19:00:00;137,57
2025-04-10 20:00:00;132,6
2025-04-10 21:00:00;98,64
2025-04-10 22:00:00;93,38
2025-04-10 23:00:00;80,73
2025-04-11 00:00:00;67,66
2025-04-11 01:00:00;62,15
2025-04-11 02:00:00;59,98
2025-04-11 03:00:00;61,3
2025-04-11 04:00:00;61,8
2025-04-11 05:00:00;70,54
2025-04-11 06:00:00;94,59
2025-04-11 07:00:00;108,98
2025-04-11 08:00:00;85,06
2025-04-11 09:00:00;58,6
2025-04-11 10:00:00;10,8
2025-04-11 11:00:00;-1,06
2025-04-11 12:00:00;-3,84
2025-04-11 13:00:00;-7,92
2025-04-11 14:00:00;-8,47
2025-04-11 15:00:00;-3,2
2025-04-11 16:00:00;1,9
2025-04-11 17:00:00;62,38
2025-04-11 18:00:00;106,18
2025-04-11 19:00:00;131,27
2025-04-11 20:00:00;148,15
2025-04-11 21:00:00;123,93
2025-04-11 22:00:00;114,21
2025-04-11 23:00:00;103,56
2025-04-12 00:00:00;106,9
2025-04-12 01:00:00;102,14
2025-04-12 02:00:00;98,07
2025-04-12 03:00:00;96,78
2025-04-12 04:00:00;96,94
2025-04-12 05:00:00;99,54
2025-04-12 06:00:00;107,8
2025-04-12 07:00:00;108,74
2025-04-12 08:00:00;96,81
2025-04-12 09:00:00;68,34
2025-04-12 10:00:00;21,37
2025-04-12 11:00:00;-0,09
2025-04-12 12:00:00;-10,73
2025-04-12 13:00:00;-38,5
2025-04-12 14:00:00;-42,36
2025-04-12 15:00:00;-22,27
2025-04-12 16:00:00;-0,83
2025-04-12 17:00:00;53,53
2025-04-12 18:00:00;103,8
2025-04-12 19:00:00;140,23
2025-04-12 20:00:00;120,94
2025-04-12 21:00:00;93,85
2025-04-12 22:00:00;86,06
2025-04-12 23:00:00;68,72
2025-04-13 00:00:00;61,82
2025-04-13 01:00:00;52,72
2025-04-13 02:00:00;43,08
2025-04-13 03:00:00;35,46
2025-04-13 04:00:00;35,06
2025-04-13 05:00:00;36
2025-04-13 06:00:00;33,86
2025-04-13 07:00:00;33,08
2025-04-13 08:00:00;18,97
2025-04-13 09:00:00;9,31
2025-04-13 10:00:00;2,4
2025-04-13 11:00:00;0,2
2025-04-13 12:00:00;-2,01
2025-04-13 13:00:00;-10,33
2025-04-13 14:00:00;-17,08
2025-04-13 15:00:00;-10,31
2025-04-13 16:00:00;0,24
2025-04-13 17:00:00;24,45
2025-04-13 18:00:00;92,05
2025-04-13 19:00:00;117,2
2025-04-13 20:00:00;125,85
2025-04-13 21:00:00;112,01
2025-04-13 22:00:00;106,32
2025-04-13 23:00:00;95,48
2025-04-14 00:00:00;85,6
2025-04-14 01:00:00;81,84
2025-04-14 02:00:00;81,35
2025-04-14 03:00:00;81,27
2025-04-14 04:00:00;83,47
2025-04-14 05:00:00;95,51
2025-04-14 06:00:00;124,05
2025-04-14 07:00:00;154,97
2025-04-14 08:00:00;142,85
2025-04-14 09:00:00;105,52
2025-04-14 10:00:00;91,49
2025-04-14 11:00:00;80,92
2025-04-14 12:00:00;67,47
2025-04-14 13:00:00;65,09
2025-04-14 14:00:00;66,28
2025-04-14 15:00:00;77,29
2025-04-14 16:00:00;87,8
2025-04-14 17:00:00;104,35
2025-04-14 18:00:00;123,26
2025-04-14 19:00:00;169,46
2025-04-14 20:00:00;148,26
2025-04-14 21:00:00;114,22
2025-04-14 22:00:00;93,1
2025-04-14 23:00:00;83,71
2025-04-15 00:00:00;69,3
2025-04-15 01:00:00;65,66
2025-04-15 02:00:00;60,2
2025-04-15 03:00:00;58,64
2025-04-15 04:00:00;59,41
2025-04-15 05:00:00;68,6
2025-04-15 06:00:00;88,15
2025-04-15 07:00:00;103,5
2025-04-15 08:00:00;94,78
2025-04-15 09:00:00;63,92
2025-04-15 10:00:00;43,28
2025-04-15 11:00:00;11,68
2025-04-15 12:00:00;3,01
2025-04-15 13:00:00;3,78
2025-04-15 14:00:00;5,94
2025-04-15 15:00:00;33,82
2025-04-15 16:00:00;63,83
2025-04-15 17:00:00;83,7
2025-04-15 18:00:00;105,92
2025-04-15 19:00:00;133,35
2025-04-15 20:00:00;137,08
2025-04-15 21:00:00;109,33
2025-04-15 22:00:00;99,31
2025-04-15 23:00:00;90,21
2025-04-16 00:00:00;86,4
2025-04-16 01:00:00;81,5
2025-04-16 02:00:00;80,54
2025-04-16 03:00:00;79,75
2025-04-16 04:00:00;81,74
2025-04-16 05:00:00;94,05
2025-04-16 06:00:00;115,5
2025-04-16 07:00:00;133,58
2025-04-16 08:00:00;109,36
2025-04-16 09:00:00;89,93
2025-04-16 10:00:00;75,26
2025-04-16 11:00:00;61,44
2025-04-16 12:00:00;36,94
2025-04-16 13:00:00;24,62
2025-04-16 14:00:00;28,12
2025-04-16 15:00:00;56,86
2025-04-16 16:00:00;71,81
2025-04-16 17:00:00;95,04
2025-04-16 18:00:00;119,81
2025-04-16 19:00:00;149,15
2025-04-16 20:00:00;140,73
2025-04-16 21:00:00;117,08
2025-04-16 22:00:00;103,49
2025-04-16 23:00:00;95,22
2025-04-17 00:00:00;88,4
2025-04-17 01:00:00;83,4
2025-04-17 02:00:00;82,74
2025-04-17 03:00:00;80,2
2025-04-17 04:00:00;81,94
2025-04-17 05:00:00;90,46
2025-04-17 06:00:00;109,64
2025-04-17 07:00:00;127,2
2025-04-17 08:00:00;127,39
2025-04-17 09:00:00;119,29
2025-04-17 10:00:00;106,53
2025-04-17 11:00:00;95,78
2025-04-17 12:00:00;81,03
2025-04-17 13:00:00;76,27
2025-04-17 14:00:00;70,6
2025-04-17 15:00:00;73,01
2025-04-17 16:00:00;80,94
2025-04-17 17:00:00;95,58
2025-04-17 18:00:00;109,09
2025-04-17 19:00:00;124,58
2025-04-17 20:00:00;120,14
2025-04-17 21:00:00;106,79
2025-04-17 22:00:00;96,69
2025-04-17 23:00:00;91,11
2025-04-18 00:00:00;89,97
2025-04-18 01:00:00;82,07
2025-04-18 02:00:00;80,05
2025-04-18 03:00:00;77,95
2025-04-18 04:00:00;76,35
2025-04-18 05:00:00;76,94
2025-04-18 06:00:00;76,64
2025-04-18 07:00:00;86,71
2025-04-18 08:00:00;89,8
2025-04-18 09:00:00;88,36
2025-04-18 10:00:00;83,6
2025-04-18 11:00:00;79,64
2025-04-18 12:00:00;71,48
2025-04-18 13:00:00;60,21
2025-04-18 14:00:00;57,6
2025-04-18 15:00:00;62,38
2025-04-18 16:00:00;70,31
2025-04-18 17:00:00;85,32
2025-04-18 18:00:00;101,45
2025-04-18 19:00:00;118,24
2025-04-18 20:00:00;123,51
2025-04-18 21:00:00;113,62
2025-04-18 22:00:00;105,72
2025-04-18 23:00:00;97,9
2025-04-19 00:00:00;95,32
2025-04-19 01:00:00;88,7
2025-04-19 02:00:00;91,24
2025-04-19 03:00:00;88,03
2025-04-19 04:00:00;88,93
2025-04-19 05:00:00;95,83
2025-04-19 06:00:00;98,7
2025-04-19 07:00:00;95,12
2025-04-19 08:00:00;84,93
2025-04-19 09:00:00;71,42
2025-04-19 10:00:00;26,85
2025-04-19 11:00:00;6,52
2025-04-19 12:00:00;-0,78
2025-04-19 13:00:00;-6,14
2025-04-19 14:00:00;-8,37
2025-04-19 15:00:00;-1,03
2025-04-19 16:00:00;6,53
2025-04-19 17:00:00;67,59
2025-04-19 18:00:00;103,48
2025-04-19 19:00:00;127,71
2025-04-19 20:00:00;139,47
2025-04-19 21:00:00;123,38
2025-04-19 22:00:00;109,67
2025-04-19 23:00:00;98,42
2025-04-20 00:00:00;96,26
2025-04-20 01:00:00;91,09
2025-04-20 02:00:00;92,04
2025-04-20 03:00:00;91,35
2025-04-20 04:00:00;91,86
2025-04-20 05:00:00;96,31
2025-04-20 06:00:00;97,14
2025-04-20 07:00:00;84,5
2025-04-20 08:00:00;56,19
2025-04-20 09:00:00;15,16
2025-04-20 10:00:00;1,22
2025-04-20 11:00:00;-7,68
2025-04-20 12:00:00;-42,16
2025-04-20 13:00:00;-66,37
2025-04-20 14:00:00;-52,63
2025-04-20 15:00:00;-19,42
2025-04-20 16:00:00;-1,48
2025-04-20 17:00:00;50,13
2025-04-20 18:00:00;97,66
2025-04-20 19:00:00;120,76
2025-04-20 20:00:00;135,46
2025-04-20 21:00:00;126,38
2025-04-20 22:00:00;114,32
2025-04-20 23:00:00;102,44
2025-04-21 00:00:00;96,49
2025-04-21 01:00:00;88,8
2025-04-21 02:00:00;86,83
2025-04-21 03:00:00;87,45
2025-04-21 04:00:00;88,06
2025-04-21 05:00:00;88,32
2025-04-21 06:00:00;83,68
2025-04-21 07:00:00;78,39
2025-04-21 08:00:00;68,58
2025-04-21 09:00:00;63,02
2025-04-21 10:00:00;36,91
2025-04-21 11:00:00;17,09
2025-04-21 12:00:00;6,68
2025-04-21 13:00:00;0,15
2025-04-21 14:00:00;-0,1
2025-04-21 15:00:00;4,86
2025-04-21 16:00:00;27,73
2025-04-21 17:00:00;67,76
2025-04-21 18:00:00;93,93
2025-04-21 19:00:00;112,68
2025-04-21 20:00:00;126,62
2025-04-21 21:00:00;118,28
2025-04-21 22:00:00;107,58
2025-04-21 23:00:00;96
2025-04-22 00:00:00;88,06
2025-04-22 01:00:00;84,07
2025-04-22 02:00:00;82,37
2025-04-22 03:00:00;80,71
2025-04-22 04:00:00;81,84
2025-04-22 05:00:00;94,32
2025-04-22 06:00:00;122,36
2025-04-22 07:00:00;144,5
2025-04-22 08:00:00;134,6
2025-04-22 09:00:00;114,79
2025-04-22 10:00:00;94,49
2025-04-22 11:00:00;83,44
2025-04-22 12:00:00;74,26
2025-04-22 13:00:00;60,33
2025-04-22 14:00:00;64,79
2025-04-22 15:00:00;72,22
2025-04-22 16:00:00;82,25
2025-04-22 17:00:00;98,52
2025-04-22 18:00:00;123,19
2025-04-22 19:00:00;166,76
2025-04-22 20:00:00;214,16
2025-04-22 21:00:00;147,88
2025-04-22 22:00:00;121,13
2025-04-22 23:00:00;107,55
2025-04-23 00:00:00;104,3
2025-04-23 01:00:00;98,27
2025-04-23 02:00:00;96,98
2025-04-23 03:00:00;95,58
2025-04-23 04:00:00;98,93
2025-04-23 05:00:00;107,92
2025-04-23 06:00:00;139,62
2025-04-23 07:00:00;163,31
2025-04-23 08:00:00;137,68
2025-04-23 09:00:00;104,3
2025-04-23 10:00:00;95,7
2025-04-23 11:00:00;92,7
2025-04-23 12:00:00;83,25
2025-04-23 13:00:00;80,57
2025-04-23 14:00:00;84,75
2025-04-23 15:00:00;91,21
2025-04-23 16:00:00;100,43
2025-04-23 17:00:00;113,29
2025-04-23 18:00:00;131,59
2025-04-23 19:00:00;156,59
2025-04-23 20:00:00;154,06
2025-04-23 21:00:00;127,84
2025-04-23 22:00:00;110,63
2025-04-23 23:00:00;97,98
2025-04-24 00:00:00;92,19
2025-04-24 01:00:00;87,62
2025-04-24 02:00:00;86,43
2025-04-24 03:00:00;86,09
2025-04-24 04:00:00;85,62
2025-04-24 05:00:00;91,56
2025-04-24 06:00:00;112,03
2025-04-24 07:00:00;123,46
2025-04-24 08:00:00;121,82
2025-04-24 09:00:00;111,45
2025-04-24 10:00:00;98,68
2025-04-24 11:00:00;95,45
2025-04-24 12:00:00;84,28
2025-04-24 13:00:00;81,9
2025-04-24 14:00:00;81,23
2025-04-24 15:00:00;84,23
2025-04-24 16:00:00;87,18
2025-04-24 17:00:00;97,38
2025-04-24 18:00:00;107,77
2025-04-24 19:00:00;123,35
2025-04-24 20:00:00;125,66
2025-04-24 21:00:00;116,74
2025-04-24 22:00:00;104,62
2025-04-24 23:00:00;93,5
2025-04-25 00:00:00;90,49
2025-04-25 01:00:00;83,89
2025-04-25 02:00:00;83,05
2025-04-25 03:00:00;83,58
2025-04-25 04:00:00;85,2
2025-04-25 05:00:00;93,4
2025-04-25 06:00:00;106,78
2025-04-25 07:00:00;115,5
2025-04-25 08:00:00;114,1
2025-04-25 09:00:00;100,92
2025-04-25 10:00:00;87,99
2025-04-25 11:00:00;78,31
2025-04-25 12:00:00;68,03
2025-04-25 13:00:00;53,14
2025-04-25 14:00:00;47,36
2025-04-25 15:00:00;60,24
2025-04-25 16:00:00;74,02
2025-04-25 17:00:00;85,79
2025-04-25 18:00:00;103,01
2025-04-25 19:00:00;118,88
2025-04-25 20:00:00;125,95
2025-04-25 21:00:00;112,11
2025-04-25 22:00:00;101,22
2025-04-25 23:00:00;92,89
2025-04-26 00:00:00;96,66
2025-04-26 01:00:00;89,59
2025-04-26 02:00:00;89,33
2025-04-26 03:00:00;89,01
2025-04-26 04:00:00;88,39
2025-04-26 05:00:00;90,78
2025-04-26 06:00:00;90,72
2025-04-26 07:00:00;87,55
2025-04-26 08:00:00;76,1
2025-04-26 09:00:00;43,88
2025-04-26 10:00:00;10,68
2025-04-26 11:00:00;-0,13
2025-04-26 12:00:00;-5,22
2025-04-26 13:00:00;-13,66
2025-04-26 14:00:00;-9,9
2025-04-26 15:00:00;-2,81
2025-04-26 16:00:00;-0,06
2025-04-26 17:00:00;41,15
2025-04-26 18:00:00;80
2025-04-26 19:00:00;101,4
2025-04-26 20:00:00;109,36
2025-04-26 21:00:00;95,94
2025-04-26 22:00:00;86,9
2025-04-26 23:00:00;74,19
2025-04-27 00:00:00;72,37
2025-04-27 01:00:00;65,92
2025-04-27 02:00:00;64,08
2025-04-27 03:00:00;64,01
2025-04-27 04:00:00;65,4
2025-04-27 05:00:00;69,63
2025-04-27 06:00:00;69,07
2025-04-27 07:00:00;64,36
2025-04-27 08:00:00;31,23
2025-04-27 09:00:00;2,41
2025-04-27 10:00:00;-3,56
2025-04-27 11:00:00;-31,44
2025-04-27 12:00:00;-81,92
2025-04-27 13:00:00;-109,64
2025-04-27 14:00:00;-100,96
2025-04-27 15:00:00;-46,56
2025-04-27 16:00:00;-4,82
2025-04-27 17:00:00;25,5
2025-04-27 18:00:00;92,6
2025-04-27 19:00:00;118,63
2025-04-27 20:00:00;127,56
2025-04-27 21:00:00;113,66
2025-04-27 22:00:00;103,22
2025-04-27 23:00:00;94,82
2025-04-28 00:00:00;92,28
2025-04-28 01:00:00;86,74
2025-04-28 02:00:00;84,94
2025-04-28 03:00:00;85,8
2025-04-28 04:00:00;90,04
2025-04-28 05:00:00;102,38
2025-04-28 06:00:00;135,12
2025-04-28 07:00:00;133,14
2025-04-28 08:00:00;103,73
2025-04-28 09:00:00;74,98
2025-04-28 10:00:00;32,02
2025-04-28 11:00:00;3,76
2025-04-28 12:00:00;-1,17
2025-04-28 13:00:00;-2,42
2025-04-28 14:00:00;-1,94
2025-04-28 15:00:00;1,72
2025-04-28 16:00:00;18,76
2025-04-28 17:00:00;78,7
2025-04-28 18:00:00;109,26
2025-04-28 19:00:00;150,78
2025-04-28 20:00:00;189,28
2025-04-28 21:00:00;132,91
2025-04-28 22:00:00;113,28
2025-04-28 23:00:00;99,16
2025-04-29 00:00:00;93,8
2025-04-29 01:00:00;90,77
2025-04-29 02:00:00;86,33
2025-04-29 03:00:00;82,98
2025-04-29 04:00:00;84,87
2025-04-29 05:00:00;92,72
2025-04-29 06:00:00;114,11
2025-04-29 07:00:00;118,06
2025-04-29 08:00:00;99,68
2025-04-29 09:00:00;73,35
2025-04-29 10:00:00;16,19
2025-04-29 11:00:00;2,31
2025-04-29 12:00:00;-2,83
2025-04-29 13:00:00;-4,3
2025-04-29 14:00:00;-3,29
2025-04-29 15:00:00;0,64
2025-04-29 16:00:00;16,96
2025-04-29 17:00:00;76,1
2025-04-29 18:00:00;102,95
2025-04-29 19:00:00;139,75
2025-04-29 20:00:00;172,18
2025-04-29 21:00:00;132,69
2025-04-29 22:00:00;110,2
2025-04-29 23:00:00;98,76
2025-04-30 00:00:00;95,6
2025-04-30 01:00:00;89,4
2025-04-30 02:00:00;87
2025-04-30 03:00:00;87,44
2025-04-30 04:00:00;89,12
2025-04-30 05:00:00;96,06
2025-04-30 06:00:00;117,26
2025-04-30 07:00:00;120,08
2025-04-30 08:00:00;99,55
2025-04-30 09:00:00;75,51
2025-04-30 10:00:00;17,99
2025-04-30 11:00:00;0,59
2025-04-30 12:00:00;-2,64
2025-04-30 13:00:00;-5,6
2025-04-30 14:00:00;-3,88
2025-04-30 15:00:00;-0,06
2025-04-30 16:00:00;20,37
2025-04-30 17:00:00;74,66
2025-04-30 18:00:00;100,38
2025-04-30 19:00:00;133,42
2025-04-30 20:00:00;169,81
2025-04-30 21:00:00;126,32
2025-04-30 22:00:00;107,39
2025-04-30 23:00:00;95,25
2025-05-01 00:00:00;96,67
2025-05-01 01:00:00;92,05
2025-05-01 02:00:00;89,08
2025-05-01 03:00:00;88,34
2025-05-01 04:00:00;89,7
2025-05-01 05:00:00;85,72
2025-05-01 06:00:00;85,88
2025-05-01 07:00:00;80,62
2025-05-01 08:00:00;55,19
2025-05-01 09:00:00;5,23
2025-05-01 10:00:00;-7,35
2025-05-01 11:00:00;-36,25
2025-05-01 12:00:00;-73,44
2025-05-01 13:00:00;-104,89
2025-05-01 14:00:00;-107,86
2025-05-01 15:00:00;-50,77
2025-05-01 16:00:00;-6,03
2025-05-01 17:00:00;37,82
2025-05-01 18:00:00;92,34
2025-05-01 19:00:00;121,35
2025-05-01 20:00:00;149,19
2025-05-01 21:00:00;121,5
2025-05-01 22:00:00;103,41
2025-05-01 23:00:00;90,6
2025-05-02 00:00:00;86,96
2025-05-02 01:00:00;79,41
2025-05-02 02:00:00;71,55
2025-05-02 03:00:00;67,7
2025-05-02 04:00:00;68,45
2025-05-02 05:00:00;75,69
2025-05-02 06:00:00;87,91
2025-05-02 07:00:00;89,27
2025-05-02 08:00:00;82,9
2025-05-02 09:00:00;56,61
2025-05-02 10:00:00;6,23
2025-05-02 11:00:00;-0,21
2025-05-02 12:00:00;-2,4
2025-05-02 13:00:00;-8,78
2025-05-02 14:00:00;-11,37
2025-05-02 15:00:00;-3,65
2025-05-02 16:00:00;-0,26
2025-05-02 17:00:00;56,51
2025-05-02 18:00:00;95,02
2025-05-02 19:00:00;118,32
2025-05-02 20:00:00;143,34
2025-05-02 21:00:00;118,12
2025-05-02 22:00:00;102,74
2025-05-02 23:00:00;92,28
2025-05-03 00:00:00;96,9
2025-05-03 01:00:00;92,07
2025-05-03 02:00:00;90,1
2025-05-03 03:00:00;89,5
2025-05-03 04:00:00;88,66
2025-05-03 05:00:00;89,53
2025-05-03 06:00:00;92,23
2025-05-03 07:00:00;86,67
2025-05-03 08:00:00;76,34
2025-05-03 09:00:00;27,54
2025-05-03 10:00:00;3,13
2025-05-03 11:00:00;-0,29
2025-05-03 12:00:00;-1,28
2025-05-03 13:00:00;-3,29
2025-05-03 14:00:00;-3,53
2025-05-03 15:00:00;0,44
2025-05-03 16:00:00;1,4
2025-05-03 17:00:00;31,31
2025-05-03 18:00:00;68,35
2025-05-03 19:00:00;81,26
2025-05-03 20:00:00;91,99
2025-05-03 21:00:00;88,01
2025-05-03 22:00:00;74,82
2025-05-03 23:00:00;62,85
2025-05-04 00:00:00;54,65
2025-05-04 01:00:00;40,27
2025-05-04 02:00:00;26,2
2025-05-04 03:00:00;19,7
2025-05-04 04:00:00;19,01
2025-05-04 05:00:00;16,52
2025-05-04 06:00:00;14,98
2025-05-04 07:00:00;9,46
2025-05-04 08:00:00;5,97
2025-05-04 09:00:00;1,25
2025-05-04 10:00:00;0,53
2025-05-04 11:00:00;-0,13
2025-05-04 12:00:00;-0,13
2025-05-04 13:00:00;-1,13
2025-05-04 14:00:00;-2,7
2025-05-04 15:00:00;-0,37
2025-05-04 16:00:00;0,96
2025-05-04 17:00:00;28,17
2025-05-04 18:00:00;80,86
2025-05-04 19:00:00;98,48
2025-05-04 20:00:00;113,67
2025-05-04 21:00:00;107,64
2025-05-04 22:00:00;96,81
2025-05-04 23:00:00;85,87
2025-05-05 00:00:00;79,49
2025-05-05 01:00:00;75,34
2025-05-05 02:00:00;74,59
2025-05-05 03:00:00;75,84
2025-05-05 04:00:00;76,55
2025-05-05 05:00:00;87,67
2025-05-05 06:00:00;109,7
2025-05-05 07:00:00;123,68
2025-05-05 08:00:00;104,75
2025-05-05 09:00:00;86,41
2025-05-05 10:00:00;76,21
2025-05-05 11:00:00;61,01
2025-05-05 12:00:00;55,33
2025-05-05 13:00:00;49,19
2025-05-05 14:00:00;55,79
2025-05-05 15:00:00;63,83
2025-05-05 16:00:00;71,1
2025-05-05 17:00:00;85,05
2025-05-05 18:00:00;102,44
2025-05-05 19:00:00;127,45
2025-05-05 20:00:00;141
2025-05-05 21:00:00;117,07
2025-05-05 22:00:00;101,76
2025-05-05 23:00:00;93,2
2025-05-06 00:00:00;82,64
2025-05-06 01:00:00;80,12
2025-05-06 02:00:00;82,06
2025-05-06 03:00:00;81,38
2025-05-06 04:00:00;83,16
2025-05-06 05:00:00;94,51
2025-05-06 06:00:00;112,49
2025-05-06 07:00:00;119,7
2025-05-06 08:00:00;103,74
2025-05-06 09:00:00;85,25
2025-05-06 10:00:00;70,34
2025-05-06 11:00:00;52,25
2025-05-06 12:00:00;38
2025-05-06 13:00:00;32,14
2025-05-06 14:00:00;37,85
2025-05-06 15:00:00;55,34
2025-05-06 16:00:00;71,73
2025-05-06 17:00:00;91,27
2025-05-06 18:00:00;106,7
2025-05-06 19:00:00;132,85
2025-05-06 20:00:00;150,12
2025-05-06 21:00:00;131,92
2025-05-06 22:00:00;115,25
2025-05-06 23:00:00;100,76
2025-05-07 00:00:00;92,66
2025-05-07 01:00:00;87,82
2025-05-07 02:00:00;86,4
2025-05-07 03:00:00;88,37
2025-05-07 04:00:00;94,26
2025-05-07 05:00:00;105,59
2025-05-07 06:00:00;128,85
2025-05-07 07:00:00;139,72
2025-05-07 08:00:00;124,34
2025-05-07 09:00:00;93,86
2025-05-07 10:00:00;77,48
2025-05-07 11:00:00;69,46
2025-05-07 12:00:00;61,45
2025-05-07 13:00:00;58,58
2025-05-07 14:00:00;64,29
2025-05-07 15:00:00;74,07
2025-05-07 16:00:00;82,54
2025-05-07 17:00:00;97,29
2025-05-07 18:00:00;109,74
2025-05-07 19:00:00;130,26
2025-05-07 20:00:00;145,56
2025-05-07 21:00:00;126,76
2025-05-07 22:00:00;109,4
2025-05-07 23:00:00;98,24
2025-05-08 00:00:00;93,93
2025-05-08 01:00:00;89,43
2025-05-08 02:00:00;89,06
2025-05-08 03:00:00;89,94
2025-05-08 04:00:00;94,05
2025-05-08 05:00:00;105,4
2025-05-08 06:00:00;122,58
2025-05-08 07:00:00;137,32
2025-05-08 08:00:00;121,23
2025-05-08 09:00:00;98,57
2025-05-08 10:00:00;83,3
2025-05-08 11:00:00;71,78
2025-05-08 12:00:00;61,24
2025-05-08 13:00:00;60,22
2025-05-08 14:00:00;66,9
2025-05-08 15:00:00;76,24
2025-05-08 16:00:00;83,32
2025-05-08 17:00:00;93,12
2025-05-08 18:00:00;108,84
2025-05-08 19:00:00;135,28
2025-05-08 20:00:00;171,11
2025-05-08 21:00:00;140,16
2025-05-08 22:00:00;114,93
2025-05-08 23:00:00;105,78
2025-05-09 00:00:00;101,8
2025-05-09 01:00:00;96,32
2025-05-09 02:00:00;93,91
2025-05-09 03:00:00;94,28
2025-05-09 04:00:00;98,73
2025-05-09 05:00:00;111,39
2025-05-09 06:00:00;136,39
2025-05-09 07:00:00;134,48
2025-05-09 08:00:00;105,29
2025-05-09 09:00:00;84,92
2025-05-09 10:00:00;58,4
2025-05-09 11:00:00;16,15
2025-05-09 12:00:00;7,04
2025-05-09 13:00:00;6,47
2025-05-09 14:00:00;8,9
2025-05-09 15:00:00;26,02
2025-05-09 16:00:00;54,59
2025-05-09 17:00:00;76,75
2025-05-09 18:00:00;98,05
2025-05-09 19:00:00;121,65
2025-05-09 20:00:00;153,3
2025-05-09 21:00:00;131,88
2025-05-09 22:00:00;109,74
2025-05-09 23:00:00;100,69
2025-05-10 00:00:00;102,57
2025-05-10 01:00:00;101,05
2025-05-10 02:00:00;97,64
2025-05-10 03:00:00;96,11
2025-05-10 04:00:00;97,76
2025-05-10 05:00:00;100,15
2025-05-10 06:00:00;98,31
2025-05-10 07:00:00;94,46
2025-05-10 08:00:00;70,8
2025-05-10 09:00:00;16,06
2025-05-10 10:00:00;-1,44
2025-05-10 11:00:00;-19,36
2025-05-10 12:00:00;-52,83
2025-05-10 13:00:00;-88,48
2025-05-10 14:00:00;-86,69
2025-05-10 15:00:00;-41,45
2025-05-10 16:00:00;-5,62
2025-05-10 17:00:00;32,2
2025-05-10 18:00:00;94,74
2025-05-10 19:00:00;117,37
2025-05-10 20:00:00;146,7
2025-05-10 21:00:00;123,74
2025-05-10 22:00:00;103,46
2025-05-10 23:00:00;92,18
2025-05-11 00:00:00;91,27
2025-05-11 01:00:00;87,75
2025-05-11 02:00:00;86,27
2025-05-11 03:00:00;85,78
2025-05-11 04:00:00;85,71
2025-05-11 05:00:00;85,57
2025-05-11 06:00:00;78,8
2025-05-11 07:00:00;61,23
2025-05-11 08:00:00;10,48
2025-05-11 09:00:00;2,08
2025-05-11 10:00:00;-25,37
2025-05-11 11:00:00;-66,58
2025-05-11 12:00:00;-160,94
2025-05-11 13:00:00;-205,08
2025-05-11 14:00:00;-199,19
2025-05-11 15:00:00;-117,69
2025-05-11 16:00:00;-44,04
2025-05-11 17:00:00;-0,84
2025-05-11 18:00:00;70,25
2025-05-11 19:00:00;100,71
2025-05-11 20:00:00;115,23
2025-05-11 21:00:00;104,91
2025-05-11 22:00:00;95,27
2025-05-11 23:00:00;83,54
2025-05-12 00:00:00;75,1
2025-05-12 01:00:00;70,58
2025-05-12 02:00:00;70,63
2025-05-12 03:00:00;70,84
2025-05-12 04:00:00;74,35
2025-05-12 05:00:00;86,7
2025-05-12 06:00:00;118,58
2025-05-12 07:00:00;124,08
2025-05-12 08:00:00;95,19
2025-05-12 09:00:00;60,53
2025-05-12 10:00:00;14,88
2025-05-12 11:00:00;3,68
2025-05-12 12:00:00;-27,82
2025-05-12 13:00:00;-39,69
2025-05-12 14:00:00;-31,09
2025-05-12 15:00:00;-8,76
2025-05-12 16:00:00;13,1
2025-05-12 17:00:00;59,34
2025-05-12 18:00:00;89,21
2025-05-12 19:00:00;118,7
2025-05-12 20:00:00;150,13
2025-05-12 21:00:00;118,27
2025-05-12 22:00:00;97,16
2025-05-12 23:00:00;87,44
2025-05-13 00:00:00;89,93
2025-05-13 01:00:00;88,57
2025-05-13 02:00:00;88,89
2025-05-13 03:00:00;92,21
2025-05-13 04:00:00;96,86
2025-05-13 05:00:00;105,94
2025-05-13 06:00:00;135,91
2025-05-13 07:00:00;133,11
2025-05-13 08:00:00;103,06
2025-05-13 09:00:00;78,82
2025-05-13 10:00:00;26,68
2025-05-13 11:00:00;1,32
2025-05-13 12:00:00;-9,45
2025-05-13 13:00:00;-16,58
2025-05-13 14:00:00;-10,77
2025-05-13 15:00:00;-1,93
2025-05-13 16:00:00;12,88
2025-05-13 17:00:00;77,3
2025-05-13 18:00:00;109,12
2025-05-13 19:00:00;149,54
2025-05-13 20:00:00;203,14
2025-05-13 21:00:00;149,68
2025-05-13 22:00:00;117,17
2025-05-13 23:00:00;106,19
2025-05-14 00:00:00;102,44
2025-05-14 01:00:00;98,25
2025-05-14 02:00:00;96,35
2025-05-14 03:00:00;96,64
2025-05-14 04:00:00;99,25
2025-05-14 05:00:00;107,68
2025-05-14 06:00:00;133,51
2025-05-14 07:00:00;127,72
2025-05-14 08:00:00;103,1
2025-05-14 09:00:00;71,92
2025-05-14 10:00:00;5,98
2025-05-14 11:00:00;-3,22
2025-05-14 12:00:00;-26,81
2025-05-14 13:00:00;-43,32
2025-05-14 14:00:00;-41,86
2025-05-14 15:00:00;-21,28
2025-05-14 16:00:00;-2,95
2025-05-14 17:00:00;41,05
2025-05-14 18:00:00;94,18
2025-05-14 19:00:00;119,34
2025-05-14 20:00:00;154,14
2025-05-14 21:00:00;130,81
2025-05-14 22:00:00;109,54
2025-05-14 23:00:00;100,18
2025-05-15 00:00:00;94,06
2025-05-15 01:00:00;87,35
2025-05-15 02:00:00;87,6
2025-05-15 03:00:00;87,86
2025-05-15 04:00:00;88,84
2025-05-15 05:00:00;96,9
2025-05-15 06:00:00;117,88
2025-05-15 07:00:00;119
2025-05-15 08:00:00;98,24
2025-05-15 09:00:00;70,58
2025-05-15 10:00:00;14,68
2025-05-15 11:00:00;-0,06
2025-05-15 12:00:00;-7,02
2025-05-15 13:00:00;-16,18
2025-05-15 14:00:00;-14,62
2025-05-15 15:00:00;-9,76
2025-05-15 16:00:00;-3,34
2025-05-15 17:00:00;13,48
2025-05-15 18:00:00;79,71
2025-05-15 19:00:00;110,83
2025-05-15 20:00:00;138,49
2025-05-15 21:00:00;129,61
2025-05-15 22:00:00;110,58
2025-05-15 23:00:00;101,48
2025-05-16 00:00:00;94,78
2025-05-16 01:00:00;90,16
2025-05-16 02:00:00;86,76
2025-05-16 03:00:00;86,7
2025-05-16 04:00:00;89,37
2025-05-16 05:00:00;98,09
2025-05-16 06:00:00;114,61
2025-05-16 07:00:00;117,35
2025-05-16 08:00:00;101,32
2025-05-16 09:00:00;72,85
2025-05-16 10:00:00;20,42
2025-05-16 11:00:00;3,48
2025-05-16 12:00:00;-0,62
2025-05-16 13:00:00;-1,25
2025-05-16 14:00:00;-1,32
2025-05-16 15:00:00;0,93
2025-05-16 16:00:00;13,09
2025-05-16 17:00:00;64,84
2025-05-16 18:00:00;95,36
2025-05-16 19:00:00;111,68
2025-05-16 20:00:00;145,03
2025-05-16 21:00:00;137,11
2025-05-16 22:00:00;114,24
2025-05-16 23:00:00;100,99
2025-05-17 00:00:00;95,08
2025-05-17 01:00:00;92,54
2025-05-17 02:00:00;88,28
2025-05-17 03:00:00;86,28
2025-05-17 04:00:00;87,04
2025-05-17 05:00:00;88,66
2025-05-17 06:00:00;86,2
2025-05-17 07:00:00;82,78
2025-05-17 08:00:00;49,36
2025-05-17 09:00:00;2,99
2025-05-17 10:00:00;-2,05
2025-05-17 11:00:00;-5
2025-05-17 12:00:00;-9,68
2025-05-17 13:00:00;-17,82
2025-05-17 14:00:00;-18,01
2025-05-17 15:00:00;-7,95
2025-05-17 16:00:00;-1,45
2025-05-17 17:00:00;9,66
2025-05-17 18:00:00;76,93
2025-05-17 19:00:00;99,67
2025-05-17 20:00:00;126,72
2025-05-17 21:00:00;126,7
2025-05-17 22:00:00;121,88
2025-05-17 23:00:00;107,75
2025-05-18 00:00:00;103,93
2025-05-18 01:00:00;99,23
2025-05-18 02:00:00;96,85
2025-05-18 03:00:00;94
2025-05-18 04:00:00;95,47
2025-05-18 05:00:00;95,86
2025-05-18 06:00:00;88,65
2025-05-18 07:00:00;78,63
2025-05-18 08:00:00;59,4
2025-05-18 09:00:00;10,8
2025-05-18 10:00:00;-1,45
2025-05-18 11:00:00;-6,1
2025-05-18 12:00:00;-17,72
2025-05-18 13:00:00;-22,74
2025-05-18 14:00:00;-27,2
2025-05-18 15:00:00;-16,27
2025-05-18 16:00:00;-2,35
2025-05-18 17:00:00;11,01
2025-05-18 18:00:00;81,1
2025-05-18 19:00:00;106,65
2025-05-18 20:00:00;125,12
2025-05-18 21:00:00;125,98
2025-05-18 22:00:00;115,47
2025-05-18 23:00:00;103,26
2025-05-19 00:00:00;103,12
2025-05-19 01:00:00;95,51
2025-05-19 02:00:00;92,37
2025-05-19 03:00:00;89,37
2025-05-19 04:00:00;94,06
2025-05-19 05:00:00;104,84
2025-05-19 06:00:00;124,12
2025-05-19 07:00:00;132,3
2025-05-19 08:00:00;110,9
2025-05-19 09:00:00;92,19
2025-05-19 10:00:00;60,96
2025-05-19 11:00:00;33,59
2025-05-19 12:00:00;22,23
2025-05-19 13:00:00;20,3
2025-05-19 14:00:00;24,75
2025-05-19 15:00:00;43,47
2025-05-19 16:00:00;67,75
2025-05-19 17:00:00;92,67
2025-05-19 18:00:00;117,15
2025-05-19 19:00:00;142,92
2025-05-19 20:00:00;206,54
2025-05-19 21:00:00;155,42
2025-05-19 22:00:00;127,67
2025-05-19 23:00:00;110,89
2025-05-20 00:00:00;111,39
2025-05-20 01:00:00;105,06
2025-05-20 02:00:00;101,98
2025-05-20 03:00:00;102,58
2025-05-20 04:00:00;106,57
2025-05-20 05:00:00;118,48
2025-05-20 06:00:00;146,19
2025-05-20 07:00:00;133,79
2025-05-20 08:00:00;104,21
2025-05-20 09:00:00;87,62
2025-05-20 10:00:00;59,5
2025-05-20 11:00:00;15,74
2025-05-20 12:00:00;3,08
2025-05-20 13:00:00;2,46
2025-05-20 14:00:00;2,43
2025-05-20 15:00:00;9,7
2025-05-20 16:00:00;63,14
2025-05-20 17:00:00;90,65
2025-05-20 18:00:00;111,84
2025-05-20 19:00:00;141,71
2025-05-20 20:00:00;198,03
2025-05-20 21:00:00;150,41
2025-05-20 22:00:00;121,99
2025-05-20 23:00:00;109,62
2025-05-21 00:00:00;107,93
2025-05-21 01:00:00;102,8
2025-05-21 02:00:00;97,73
2025-05-21 03:00:00;94,21
2025-05-21 04:00:00;93,59
2025-05-21 05:00:00;102,68
2025-05-21 06:00:00;117,11
2025-05-21 07:00:00;118,9
2025-05-21 08:00:00;105,06
2025-05-21 09:00:00;81,6
2025-05-21 10:00:00;40,91
2025-05-21 11:00:00;1,79
2025-05-21 12:00:00;-1,34
2025-05-21 13:00:00;-5,99
2025-05-21 14:00:00;-5,8
2025-05-21 15:00:00;-2,66
2025-05-21 16:00:00;4,88
2025-05-21 17:00:00;50,53
2025-05-21 18:00:00;84,36
2025-05-21 19:00:00;99,94
2025-05-21 20:00:00;119,26
2025-05-21 21:00:00;113,04
2025-05-21 22:00:00;100,2
2025-05-21 23:00:00;90
2025-05-22 00:00:00;94,93
2025-05-22 01:00:00;87,71
2025-05-22 02:00:00;83,45
2025-05-22 03:00:00;82
2025-05-22 04:00:00;85
2025-05-22 05:00:00;91,07
2025-05-22 06:00:00;109,47
2025-05-22 07:00:00;109,33
2025-05-22 08:00:00;95,42
2025-05-22 09:00:00;60,86
2025-05-22 10:00:00;10,73
2025-05-22 11:00:00;0,01
2025-05-22 12:00:00;-2,36
2025-05-22 13:00:00;-10,98
2025-05-22 14:00:00;-13,66
2025-05-22 15:00:00;-7,12
2025-05-22 16:00:00;-1,46
2025-05-22 17:00:00;5,04
2025-05-22 18:00:00;55,98
2025-05-22 19:00:00;98,79
2025-05-22 20:00:00;116,36
2025-05-22 21:00:00;123
2025-05-22 22:00:00;113,11
2025-05-22 23:00:00;102,23
2025-05-23 00:00:00;100,18
2025-05-23 01:00:00;92,91
2025-05-23 02:00:00;89,13
2025-05-23 03:00:00;88,84
2025-05-23 04:00:00;92,35
2025-05-23 05:00:00;104,64
2025-05-23 06:00:00;123,62
2025-05-23 07:00:00;126,78
2025-05-23 08:00:00;108,69
2025-05-23 09:00:00;82,44
2025-05-23 10:00:00;60,23
2025-05-23 11:00:00;36,37
2025-05-23 12:00:00;13,43
2025-05-23 13:00:00;2,14
2025-05-23 14:00:00;0,5
2025-05-23 15:00:00;1,66
2025-05-23 16:00:00;20,9
2025-05-23 17:00:00;68,84
2025-05-23 18:00:00;94,22
2025-05-23 19:00:00;114,12
2025-05-23 20:00:00;134,78
2025-05-23 21:00:00;140,78
2025-05-23 22:00:00;121,31
2025-05-23 23:00:00;106,4
2025-05-24 00:00:00;104,6
2025-05-24 01:00:00;98,52
2025-05-24 02:00:00;93,83
2025-05-24 03:00:00;90,95
2025-05-24 04:00:00;89,92
2025-05-24 05:00:00;90,12
2025-05-24 06:00:00;90,13
2025-05-24 07:00:00;83,99
2025-05-24 08:00:00;67,56
2025-05-24 09:00:00;21,33
2025-05-24 10:00:00;1,97
2025-05-24 11:00:00;0,44
2025-05-24 12:00:00;0,01
2025-05-24 13:00:00;-0,45
2025-05-24 14:00:00;-0,76
2025-05-24 15:00:00;-0,86
2025-05-24 16:00:00;4,54
2025-05-24 17:00:00;49,92
2025-05-24 18:00:00;87,42
2025-05-24 19:00:00;109,31
2025-05-24 20:00:00;112,98
2025-05-24 21:00:00;107,76
2025-05-24 22:00:00;93,58
2025-05-24 23:00:00;82,2
2025-05-25 00:00:00;48,18
2025-05-25 01:00:00;38,68
2025-05-25 02:00:00;28,3
2025-05-25 03:00:00;15,16
2025-05-25 04:00:00;11,77
2025-05-25 05:00:00;10,78
2025-05-25 06:00:00;6,82
2025-05-25 07:00:00;5,51
2025-05-25 08:00:00;4,72
2025-05-25 09:00:00;1,9
2025-05-25 10:00:00;2,33
2025-05-25 11:00:00;-0,08
2025-05-25 12:00:00;0
2025-05-25 13:00:00;-4,55
2025-05-25 14:00:00;-8,26
2025-05-25 15:00:00;-7,36
2025-05-25 16:00:00;-2,52
2025-05-25 17:00:00;-1,25
2025-05-25 18:00:00;18,49
2025-05-25 19:00:00;78,08
2025-05-25 20:00:00;90,7
2025-05-25 21:00:00;95,61
2025-05-25 22:00:00;96,18
2025-05-25 23:00:00;87,87
2025-05-26 00:00:00;84,99
2025-05-26 01:00:00;80,1
2025-05-26 02:00:00;73,29
2025-05-26 03:00:00;72,87
2025-05-26 04:00:00;77,25
2025-05-26 05:00:00;87,6
2025-05-26 06:00:00;117,7
2025-05-26 07:00:00;133,28
2025-05-26 08:00:00;114,34
2025-05-26 09:00:00;81,96
2025-05-26 10:00:00;26,64
2025-05-26 11:00:00;5,8
2025-05-26 12:00:00;0,79
2025-05-26 13:00:00;-0,35
2025-05-26 14:00:00;-0,23
2025-05-26 15:00:00;-0,01
2025-05-26 16:00:00;1,45
2025-05-26 17:00:00;28,67
2025-05-26 18:00:00;94,29
2025-05-26 19:00:00;124,09
2025-05-26 20:00:00;166,31
2025-05-26 21:00:00;156,5
2025-05-26 22:00:00;121,74
2025-05-26 23:00:00;101,99
2025-05-27 00:00:00;92,26
2025-05-27 01:00:00;80,77
2025-05-27 02:00:00;68,09
2025-05-27 03:00:00;64,84
2025-05-27 04:00:00;67,62
2025-05-27 05:00:00;66,49
2025-05-27 06:00:00;76,33
2025-05-27 07:00:00;88,97
2025-05-27 08:00:00;80,28
2025-05-27 09:00:00;55,08
2025-05-27 10:00:00;13,44
2025-05-27 11:00:00;8,24
2025-05-27 12:00:00;4,05
2025-05-27 13:00:00;3,56
2025-05-27 14:00:00;2,78
2025-05-27 15:00:00;6,8
2025-05-27 16:00:00;48,66
2025-05-27 17:00:00;81,06
2025-05-27 18:00:00;103,75
2025-05-27 19:00:00;126,6
2025-05-27 20:00:00;139,51
2025-05-27 21:00:00;119,06
2025-05-27 22:00:00;102,54
2025-05-27 23:00:00;84,1
2025-05-28 00:00:00;73,92
2025-05-28 01:00:00;63,86
2025-05-28 02:00:00;59,36
2025-05-28 03:00:00;54,73
2025-05-28 04:00:00;57,75
2025-05-28 05:00:00;63,1
2025-05-28 06:00:00;83,68
2025-05-28 07:00:00;95,29
2025-05-28 08:00:00;96,18
2025-05-28 09:00:00;87,36
2025-05-28 10:00:00;70,31
2025-05-28 11:00:00;61,57
2025-05-28 12:00:00;49,32
2025-05-28 13:00:00;42,4
2025-05-28 14:00:00;34,3
2025-05-28 15:00:00;29,48
2025-05-28 16:00:00;51,1
2025-05-28 17:00:00;66,54
2025-05-28 18:00:00;91,04
2025-05-28 19:00:00;111,92
2025-05-28 20:00:00;135,62
2025-05-28 21:00:00;135,2
2025-05-28 22:00:00;118,94
2025-05-28 23:00:00;102,41
2025-05-29 00:00:00;98,11
2025-05-29 01:00:00;93,09
2025-05-29 02:00:00;92,24
2025-05-29 03:00:00;90,4
2025-05-29 04:00:00;90,92
2025-05-29 05:00:00;91,86
2025-05-29 06:00:00;89,78
2025-05-29 07:00:00;85,3
2025-05-29 08:00:00;78,92
2025-05-29 09:00:00;52,28
2025-05-29 10:00:00;13,15
2025-05-29 11:00:00;0,83
2025-05-29 12:00:00;-0,53
2025-05-29 13:00:00;-1,58
2025-05-29 14:00:00;-1,85
2025-05-29 15:00:00;-1,53
2025-05-29 16:00:00;-0,41
2025-05-29 17:00:00;29,89
2025-05-29 18:00:00;69,21
2025-05-29 19:00:00;85,78
2025-05-29 20:00:00;84,79
2025-05-29 21:00:00;84,33
2025-05-29 22:00:00;80,26
2025-05-29 23:00:00;62,98
2025-05-30 00:00:00;49,95
2025-05-30 01:00:00;35,4
2025-05-30 02:00:00;39,95
2025-05-30 03:00:00;38,99
2025-05-30 04:00:00;41,6
2025-05-30 05:00:00;55,97
2025-05-30 06:00:00;64,86
2025-05-30 07:00:00;69,36
2025-05-30 08:00:00;50,85
2025-05-30 09:00:00;21,68
2025-05-30 10:00:00;1
2025-05-30 11:00:00;-0,24
2025-05-30 12:00:00;-2,8
2025-05-30 13:00:00;-5,87
2025-05-30 14:00:00;-8,25
2025-05-30 15:00:00;-4,56
2025-05-30 16:00:00;-2,5
2025-05-30 17:00:00;6,67
2025-05-30 18:00:00;68,2
2025-05-30 19:00:00;111,93
2025-05-30 20:00:00;131,15
2025-05-30 21:00:00;137,82
2025-05-30 22:00:00;128,1
2025-05-30 23:00:00;109,08
2025-05-31 00:00:00;106,5
2025-05-31 01:00:00;101,54
2025-05-31 02:00:00;101,38
2025-05-31 03:00:00;100,82
2025-05-31 04:00:00;100,09
2025-05-31 05:00:00;99,28
2025-05-31 06:00:00;96,17
2025-05-31 07:00:00;90,2
2025-05-31 08:00:00;61,4
2025-05-31 09:00:00;7,5
2025-05-31 10:00:00;0,95
2025-05-31 11:00:00;-0,95
2025-05-31 12:00:00;-5,23
2025-05-31 13:00:00;-12,44
2025-05-31 14:00:00;-9,67
2025-05-31 15:00:00;-2,93
2025-05-31 16:00:00;-0,71
2025-05-31 17:00:00;45,24
2025-05-31 18:00:00;94,84
2025-05-31 19:00:00;127,85
2025-05-31 20:00:00;179,71
2025-05-31 21:00:00;177,97
2025-05-31 22:00:00;130,17
2025-05-31 23:00:00;105,55
2025-06-01 00:00:00;91,68
2025-06-01 01:00:00;86,5
2025-06-01 02:00:00;78,89
2025-06-01 03:00:00;75,73
2025-06-01 04:00:00;73,89
2025-06-01 05:00:00;66,07
2025-06-01 06:00:00;51,88
2025-06-01 07:00:00;36,08
2025-06-01 08:00:00;18,71
2025-06-01 09:00:00;10,6
2025-06-01 10:00:00;3,62
2025-06-01 11:00:00;-2,54
2025-06-01 12:00:00;-9,78
2025-06-01 13:00:00;-16,31
2025-06-01 14:00:00;-22,32
2025-06-01 15:00:00;-17,94
2025-06-01 16:00:00;-10,37
2025-06-01 17:00:00;-3,23
2025-06-01 18:00:00;28,49
2025-06-01 19:00:00;77,05
2025-06-01 20:00:00;94,41
2025-06-01 21:00:00;100,88
2025-06-01 22:00:00;99,17
2025-06-01 23:00:00;88,26
2025-06-02 00:00:00;82,99
2025-06-02 01:00:00;76,53
2025-06-02 02:00:00;78,28
2025-06-02 03:00:00;79,78
2025-06-02 04:00:00;83,02
2025-06-02 05:00:00;88,2
2025-06-02 06:00:00;111,14
2025-06-02 07:00:00;125,61
2025-06-02 08:00:00;108,18
2025-06-02 09:00:00;86,14
2025-06-02 10:00:00;62,09
2025-06-02 11:00:00;43,26
2025-06-02 12:00:00;28
2025-06-02 13:00:00;17,72
2025-06-02 14:00:00;12,3
2025-06-02 15:00:00;21,8
2025-06-02 16:00:00;53,66
2025-06-02 17:00:00;77,33
2025-06-02 18:00:00;98,12
2025-06-02 19:00:00;127,89
2025-06-02 20:00:00;190,18
2025-06-02 21:00:00;205,23
2025-06-02 22:00:00;133,78
2025-06-02 23:00:00;109,2
2025-06-03 00:00:00;109,95
2025-06-03 01:00:00;105,88
2025-06-03 02:00:00;99,48
2025-06-03 03:00:00;96,61
2025-06-03 04:00:00;95,76
2025-06-03 05:00:00;107,25
2025-06-03 06:00:00;126,89
2025-06-03 07:00:00;113,93
2025-06-03 08:00:00;91,24
2025-06-03 09:00:00;62,98
2025-06-03 10:00:00;11,5
2025-06-03 11:00:00;1,25
2025-06-03 12:00:00;0,44
2025-06-03 13:00:00;-2,21
2025-06-03 14:00:00;-1,87
2025-06-03 15:00:00;1,29
2025-06-03 16:00:00;6,42
2025-06-03 17:00:00;66,6
2025-06-03 18:00:00;91,92
2025-06-03 19:00:00;111
2025-06-03 20:00:00;141,2
2025-06-03 21:00:00;124,01
2025-06-03 22:00:00;105,69
2025-06-03 23:00:00;93,78
2025-06-04 00:00:00;79,98
2025-06-04 01:00:00;74,36
2025-06-04 02:00:00;68,68
2025-06-04 03:00:00;71,02
2025-06-04 04:00:00;72,52
2025-06-04 05:00:00;84,19
2025-06-04 06:00:00;99,91
2025-06-04 07:00:00;112,58
2025-06-04 08:00:00;103,8
2025-06-04 09:00:00;78,49
2025-06-04 10:00:00;64,58
2025-06-04 11:00:00;39,28
2025-06-04 12:00:00;20,57
2025-06-04 13:00:00;17,31
2025-06-04 14:00:00;24,12
2025-06-04 15:00:00;47,03
2025-06-04 16:00:00;71,02
2025-06-04 17:00:00;88,51
2025-06-04 18:00:00;105
2025-06-04 19:00:00;138,25
2025-06-04 20:00:00;183,34
2025-06-04 21:00:00;150,38
2025-06-04 22:00:00;117,99
2025-06-04 23:00:00;101,01
2025-06-05 00:00:00;95,97
2025-06-05 01:00:00;91,5
2025-06-05 02:00:00;87,78
2025-06-05 03:00:00;86,64
2025-06-05 04:00:00;86,87
2025-06-05 05:00:00;90,4
2025-06-05 06:00:00;114,8
2025-06-05 07:00:00;129,9
2025-06-05 08:00:00;117,94
2025-06-05 09:00:00;84,55
2025-06-05 10:00:00;61,48
2025-06-05 11:00:00;43,37
2025-06-05 12:00:00;17,88
2025-06-05 13:00:00;10,59
2025-06-05 14:00:00;9,59
2025-06-05 15:00:00;21,3
2025-06-05 16:00:00;51,08
2025-06-05 17:00:00;78,11
2025-06-05 18:00:00;99,18
2025-06-05 19:00:00;113,85
2025-06-05 20:00:00;133,15
2025-06-05 21:00:00;112,05
2025-06-05 22:00:00;95,58
2025-06-05 23:00:00;80,47
2025-06-06 00:00:00;76,15
2025-06-06 01:00:00;65,81
2025-06-06 02:00:00;60,98
2025-06-06 03:00:00;54,24
2025-06-06 04:00:00;51,64
2025-06-06 05:00:00;59,3
2025-06-06 06:00:00;67,59
2025-06-06 07:00:00;73,88
2025-06-06 08:00:00;58,35
2025-06-06 09:00:00;12,67
2025-06-06 10:00:00;0,81
2025-06-06 11:00:00;-0,59
2025-06-06 12:00:00;-3,04
2025-06-06 13:00:00;-6,52
2025-06-06 14:00:00;-10,19
2025-06-06 15:00:00;-6,55
2025-06-06 16:00:00;-1,99
2025-06-06 17:00:00;1,08
2025-06-06 18:00:00;57,63
2025-06-06 19:00:00;92,59
2025-06-06 20:00:00;120,1
2025-06-06 21:00:00;128,66
2025-06-06 22:00:00;119,47
2025-06-06 23:00:00;101,27
2025-06-07 00:00:00;90,65
2025-06-07 01:00:00;85,14
2025-06-07 02:00:00;80,69
2025-06-07 03:00:00;81,66
2025-06-07 04:00:00;83,63
2025-06-07 05:00:00;87,92
2025-06-07 06:00:00;86,14
2025-06-07 07:00:00;85,67
2025-06-07 08:00:00;78,48
2025-06-07 09:00:00;59,28
2025-06-07 10:00:00;29,41
2025-06-07 11:00:00;8,57
2025-06-07 12:00:00;3,18
2025-06-07 13:00:00;-0,77
2025-06-07 14:00:00;-1,45
2025-06-07 15:00:00;-1,81
2025-06-07 16:00:00;-1,45
2025-06-07 17:00:00;22,74
2025-06-07 18:00:00;66,19
2025-06-07 19:00:00;87,4
2025-06-07 20:00:00;107,05
2025-06-07 21:00:00;108,27
2025-06-07 22:00:00;94,95
2025-06-07 23:00:00;80,45
2025-06-08 00:00:00;84,38
2025-06-08 01:00:00;71,4
2025-06-08 02:00:00;60,56
2025-06-08 03:00:00;48,77
2025-06-08 04:00:00;41,96
2025-06-08 05:00:00;34,48
2025-06-08 06:00:00;20,16
2025-06-08 07:00:00;1,81
2025-06-08 08:00:00;-0,5
2025-06-08 09:00:00;-2,77
2025-06-08 10:00:00;-7,29
2025-06-08 11:00:00;-16,29
2025-06-08 12:00:00;-44,27
2025-06-08 13:00:00;-59,04
2025-06-08 14:00:00;-65,77
2025-06-08 15:00:00;-61,77
2025-06-08 16:00:00;-45,9
2025-06-08 17:00:00;-18,25
2025-06-08 18:00:00;-1,41
2025-06-08 19:00:00;23,83
2025-06-08 20:00:00;44,17
2025-06-08 21:00:00;58,04
2025-06-08 22:00:00;62,9
2025-06-08 23:00:00;51,26
2025-06-09 00:00:00;20,95
2025-06-09 01:00:00;19,12
2025-06-09 02:00:00;9,95
2025-06-09 03:00:00;13,59
2025-06-09 04:00:00;20,61
2025-06-09 05:00:00;29,45
2025-06-09 06:00:00;37,61
2025-06-09 07:00:00;37,13
2025-06-09 08:00:00;13,95
2025-06-09 09:00:00;1,54
2025-06-09 10:00:00;-5,09
2025-06-09 11:00:00;-9,23
2025-06-09 12:00:00;-20,3
2025-06-09 13:00:00;-32,1
2025-06-09 14:00:00;-30,19
2025-06-09 15:00:00;-17,11
2025-06-09 16:00:00;-8,16
2025-06-09 17:00:00;4,1
2025-06-09 18:00:00;52,02
2025-06-09 19:00:00;101,29
2025-06-09 20:00:00;119,25
2025-06-09 21:00:00;128,61
2025-06-09 22:00:00;115,84
2025-06-09 23:00:00;95,87
2025-06-10 00:00:00;90,32
2025-06-10 01:00:00;81,51
2025-06-10 02:00:00;74,73
2025-06-10 03:00:00;69,93
2025-06-10 04:00:00;66,94
2025-06-10 05:00:00;76,09
2025-06-10 06:00:00;100,43
2025-06-10 07:00:00;104,13
2025-06-10 08:00:00;85,27
2025-06-10 09:00:00;69,5
2025-06-10 10:00:00;20,61
2025-06-10 11:00:00;7,25
2025-06-10 12:00:00;2,82
2025-06-10 13:00:00;-0,68
2025-06-10 14:00:00;1,5
2025-06-10 15:00:00;1,41
2025-06-10 16:00:00;11,5
2025-06-10 17:00:00;57,91
2025-06-10 18:00:00;79,14
2025-06-10 19:00:00;98,29
2025-06-10 20:00:00;112,61
2025-06-10 21:00:00;113,45
2025-06-10 22:00:00;110,32
2025-06-10 23:00:00;98,16
2025-06-11 00:00:00;69,59
2025-06-11 01:00:00;69,87
2025-06-11 02:00:00;67,78
2025-06-11 03:00:00;68,98
2025-06-11 04:00:00;72,78
2025-06-11 05:00:00;81,79
2025-06-11 06:00:00;101,07
2025-06-11 07:00:00;107
2025-06-11 08:00:00;88,49
2025-06-11 09:00:00;68,25
2025-06-11 10:00:00;25,83
2025-06-11 11:00:00;5,5
2025-06-11 12:00:00;-0,16
2025-06-11 13:00:00;-1,74
2025-06-11 14:00:00;-3,54
2025-06-11 15:00:00;-1,87
2025-06-11 16:00:00;3,66
2025-06-11 17:00:00;64,86
2025-06-11 18:00:00;93,27
2025-06-11 19:00:00;128,68
2025-06-11 20:00:00;200,52
2025-06-11 21:00:00;171,8
2025-06-11 22:00:00;119,81
2025-06-11 23:00:00;100,48
2025-06-12 00:00:00;96,22
2025-06-12 01:00:00;90,1
2025-06-12 02:00:00;87,52
2025-06-12 03:00:00;86,22
2025-06-12 04:00:00;89,28
2025-06-12 05:00:00;96
2025-06-12 06:00:00;114,48
2025-06-12 07:00:00;106,21
2025-06-12 08:00:00;83,98
2025-06-12 09:00:00;43,74
2025-06-12 10:00:00;4,35
2025-06-12 11:00:00;-1,5
2025-06-12 12:00:00;-11,06
2025-06-12 13:00:00;-22,63
2025-06-12 14:00:00;-21,56
2025-06-12 15:00:00;-8,96
2025-06-12 16:00:00;2,22
2025-06-12 17:00:00;22,56
2025-06-12 18:00:00;76,94
2025-06-12 19:00:00;108,4
2025-06-12 20:00:00;128
2025-06-12 21:00:00;112,49
2025-06-12 22:00:00;104,01
2025-06-12 23:00:00;88,62
2025-06-13 00:00:00;73,53
2025-06-13 01:00:00;60,2
2025-06-13 02:00:00;61,09
2025-06-13 03:00:00;62,84
2025-06-13 04:00:00;64,88
2025-06-13 05:00:00;71,61
2025-06-13 06:00:00;85,18
2025-06-13 07:00:00;87,48
2025-06-13 08:00:00;72,69
2025-06-13 09:00:00;39,91
2025-06-13 10:00:00;5,38
2025-06-13 11:00:00;-1,31
2025-06-13 12:00:00;-3,69
2025-06-13 13:00:00;-7,5
2025-06-13 14:00:00;-6,8
2025-06-13 15:00:00;-3,44
2025-06-13 16:00:00;2,29
2025-06-13 17:00:00;37,41
2025-06-13 18:00:00;80,62
2025-06-13 19:00:00;105,23
2025-06-13 20:00:00;111,65
2025-06-13 21:00:00;98,39
2025-06-13 22:00:00;89,77
2025-06-13 23:00:00;74,85
2025-06-14 00:00:00;69,41
2025-06-14 01:00:00;64,52
2025-06-14 02:00:00;61,24
2025-06-14 03:00:00;60,15
2025-06-14 04:00:00;59,98
2025-06-14 05:00:00;57,38
2025-06-14 06:00:00;47,29
2025-06-14 07:00:00;23,91
2025-06-14 08:00:00;8,65
2025-06-14 09:00:00;-0,41
2025-06-14 10:00:00;-2,06
2025-06-14 11:00:00;-7,53
2025-06-14 12:00:00;-26,31
2025-06-14 13:00:00;-27,22
2025-06-14 14:00:00;-19,1
2025-06-14 15:00:00;-6,16
2025-06-14 16:00:00;0,05
2025-06-14 17:00:00;18,04
2025-06-14 18:00:00;80,61
2025-06-14 19:00:00;110,88
2025-06-14 20:00:00;125,66
2025-06-14 21:00:00;115,29
2025-06-14 22:00:00;114,25
2025-06-14 23:00:00;102,71
2025-06-15 00:00:00;89,17
2025-06-15 01:00:00;84,86
2025-06-15 02:00:00;84,12
2025-06-15 03:00:00;85,88
2025-06-15 04:00:00;86,98
2025-06-15 05:00:00;85,02
2025-06-15 06:00:00;79,47
2025-06-15 07:00:00;65,38
2025-06-15 08:00:00;49,33
2025-06-15 09:00:00;14,62
2025-06-15 10:00:00;3,98
2025-06-15 11:00:00;0,95
2025-06-15 12:00:00;-0,11
2025-06-15 13:00:00;-2,8
2025-06-15 14:00:00;-2,57
2025-06-15 15:00:00;0,35
2025-06-15 16:00:00;5,85
2025-06-15 17:00:00;53,34
2025-06-15 18:00:00;94,34
2025-06-15 19:00:00;109,75
2025-06-15 20:00:00;122,4
2025-06-15 21:00:00;130,81
2025-06-15 22:00:00;119,81
2025-06-15 23:00:00;102,05
2025-06-16 00:00:00;96,4
2025-06-16 01:00:00;86,46
2025-06-16 02:00:00;82,68
2025-06-16 03:00:00;81,78
2025-06-16 04:00:00;81,64
2025-06-16 05:00:00;87,35
2025-06-16 06:00:00;118,39
2025-06-16 07:00:00;127,22
2025-06-16 08:00:00;106,46
2025-06-16 09:00:00;84,54
2025-06-16 10:00:00;61,01
2025-06-16 11:00:00;35,86
2025-06-16 12:00:00;7,78
2025-06-16 13:00:00;5,38
2025-06-16 14:00:00;5,6
2025-06-16 15:00:00;5,05
2025-06-16 16:00:00;20,24
2025-06-16 17:00:00;69,9
2025-06-16 18:00:00;94,65
2025-06-16 19:00:00;120,65
2025-06-16 20:00:00;176,55
2025-06-16 21:00:00;170,78
2025-06-16 22:00:00;128,79
2025-06-16 23:00:00;105,28
2025-06-17 00:00:00;107,14
2025-06-17 01:00:00;101,63
2025-06-17 02:00:00;97,24
2025-06-17 03:00:00;97,17
2025-06-17 04:00:00;98,26
2025-06-17 05:00:00;106,66
2025-06-17 06:00:00;124,48
2025-06-17 07:00:00;115,25
2025-06-17 08:00:00;99,51
2025-06-17 09:00:00;75,1
2025-06-17 10:00:00;22,47
2025-06-17 11:00:00;2,24
2025-06-17 12:00:00;-0,15
2025-06-17 13:00:00;-2,39
2025-06-17 14:00:00;-3,55
2025-06-17 15:00:00;-0,99
2025-06-17 16:00:00;18,28
2025-06-17 17:00:00;77,22
2025-06-17 18:00:00;103,76
2025-06-17 19:00:00;131,51
2025-06-17 20:00:00;234,23
2025-06-17 21:00:00;234,65
2025-06-17 22:00:00;145,34
2025-06-17 23:00:00;124,32
2025-06-18 00:00:00;112
2025-06-18 01:00:00;107,4
2025-06-18 02:00:00;102,25
2025-06-18 03:00:00;97,94
2025-06-18 04:00:00;98,52
2025-06-18 05:00:00;105,5
2025-06-18 06:00:00;113,67
2025-06-18 07:00:00;114,62
2025-06-18 08:00:00;106,45
2025-06-18 09:00:00;79,14
2025-06-18 10:00:00;24,04
2025-06-18 11:00:00;2,93
2025-06-18 12:00:00;-0,85
2025-06-18 13:00:00;-2,56
2025-06-18 14:00:00;-3,7
2025-06-18 15:00:00;-2,28
2025-06-18 16:00:00;2,34
2025-06-18 17:00:00;69,21
2025-06-18 18:00:00;97,68
2025-06-18 19:00:00;114,54
2025-06-18 20:00:00;147,11
2025-06-18 21:00:00;163,89
2025-06-18 22:00:00;130,89
2025-06-18 23:00:00;112,28
2025-06-19 00:00:00;113,49
2025-06-19 01:00:00;107,24
2025-06-19 02:00:00;105,2
2025-06-19 03:00:00;99,75
2025-06-19 04:00:00;99,21
2025-06-19 05:00:00;96,56
2025-06-19 06:00:00;95,12
2025-06-19 07:00:00;89,98
2025-06-19 08:00:00;66,53
2025-06-19 09:00:00;3,31
2025-06-19 10:00:00;-3,99
2025-06-19 11:00:00;-22,3
2025-06-19 12:00:00;-49,3
2025-06-19 13:00:00;-59,73
2025-06-19 14:00:00;-56,48
2025-06-19 15:00:00;-30,97
2025-06-19 16:00:00;-4,26
2025-06-19 17:00:00;6,25
2025-06-19 18:00:00;76,23
2025-06-19 19:00:00;110,97
2025-06-19 20:00:00;140,12
2025-06-19 21:00:00;145,68
2025-06-19 22:00:00;125,26
2025-06-19 23:00:00;109,44
2025-06-20 00:00:00;103,6
2025-06-20 01:00:00;100,27
2025-06-20 02:00:00;99,24
2025-06-20 03:00:00;99,71
2025-06-20 04:00:00;100,15
2025-06-20 05:00:00;104,98
2025-06-20 06:00:00;116,99
2025-06-20 07:00:00;113,9
2025-06-20 08:00:00;102,32
2025-06-20 09:00:00;73,78
2025-06-20 10:00:00;18,61
2025-06-20 11:00:00;1,16
2025-06-20 12:00:00;-3,2
2025-06-20 13:00:00;-4,6
2025-06-20 14:00:00;-3,94
2025-06-20 15:00:00;-1,91
2025-06-20 16:00:00;20,99
2025-06-20 17:00:00;77,39
2025-06-20 18:00:00;108,77
2025-06-20 19:00:00;141,03
2025-06-20 20:00:00;212,38
2025-06-20 21:00:00;189,35
2025-06-20 22:00:00;141,49
2025-06-20 23:00:00;120,46
2025-06-21 00:00:00;116,43
2025-06-21 01:00:00;109,66
2025-06-21 02:00:00;106,19
2025-06-21 03:00:00;104,78
2025-06-21 04:00:00;105,92
2025-06-21 05:00:00;102,93
2025-06-21 06:00:00;101,13
2025-06-21 07:00:00;89,92
2025-06-21 08:00:00;71,96
2025-06-21 09:00:00;20,44
2025-06-21 10:00:00;-0,45
2025-06-21 11:00:00;-1,01
2025-06-21 12:00:00;-12,37
2025-06-21 13:00:00;-24,12
2025-06-21 14:00:00;-22,49
2025-06-21 15:00:00;-5,18
2025-06-21 16:00:00;-1,32
2025-06-21 17:00:00;50,43
2025-06-21 18:00:00;99,33
2025-06-21 19:00:00;127,34
2025-06-21 20:00:00;156,97
2025-06-21 21:00:00;161,8
2025-06-21 22:00:00;135,71
2025-06-21 23:00:00;116,5
2025-06-22 00:00:00;108,33
2025-06-22 01:00:00;98,86
2025-06-22 02:00:00;93,3
2025-06-22 03:00:00;88,1
2025-06-22 04:00:00;87,04
2025-06-22 05:00:00;84,48
2025-06-22 06:00:00;67,14
2025-06-22 07:00:00;32,23
2025-06-22 08:00:00;9,8
2025-06-22 09:00:00;1,4
2025-06-22 10:00:00;-6,32
2025-06-22 11:00:00;-24,8
2025-06-22 12:00:00;-60,83
2025-06-22 13:00:00;-95,27
2025-06-22 14:00:00;-79,2
2025-06-22 15:00:00;-33,28
2025-06-22 16:00:00;-1,21
2025-06-22 17:00:00;4,68
2025-06-22 18:00:00;68,18
2025-06-22 19:00:00;108,78
2025-06-22 20:00:00;122,83
2025-06-22 21:00:00;134,29
2025-06-22 22:00:00;122,63
2025-06-22 23:00:00;104,93
2025-06-23 00:00:00;77,3
2025-06-23 01:00:00;70,29
2025-06-23 02:00:00;67,01
2025-06-23 03:00:00;64,77
2025-06-23 04:00:00;69,65
2025-06-23 05:00:00;79,24
2025-06-23 06:00:00;92,36
2025-06-23 07:00:00;99,18
2025-06-23 08:00:00;85,34
2025-06-23 09:00:00;43,02
2025-06-23 10:00:00;12,41
2025-06-23 11:00:00;-2,47
2025-06-23 12:00:00;-6,59
2025-06-23 13:00:00;-20,94
2025-06-23 14:00:00;-25,5
2025-06-23 15:00:00;-25,98
2025-06-23 16:00:00;-15,65
2025-06-23 17:00:00;-6,55
2025-06-23 18:00:00;15,32
2025-06-23 19:00:00;38,38
2025-06-23 20:00:00;81,16
2025-06-23 21:00:00;91,46
2025-06-23 22:00:00;94,84
2025-06-23 23:00:00;86,81
2025-06-24 00:00:00;74,51
2025-06-24 01:00:00;63,88
2025-06-24 02:00:00;61,4
2025-06-24 03:00:00;57,81
2025-06-24 04:00:00;60,53
2025-06-24 05:00:00;67,09
2025-06-24 06:00:00;82,63
2025-06-24 07:00:00;83,4
2025-06-24 08:00:00;45,89
2025-06-24 09:00:00;2,85
2025-06-24 10:00:00;-6
2025-06-24 11:00:00;-13,92
2025-06-24 12:00:00;-22,48
2025-06-24 13:00:00;-24,92
2025-06-24 14:00:00;-19,88
2025-06-24 15:00:00;-9,38
2025-06-24 16:00:00;-4,56
2025-06-24 17:00:00;2,02
2025-06-24 18:00:00;61,16
2025-06-24 19:00:00;96,6
2025-06-24 20:00:00;123,7
2025-06-24 21:00:00;119,82
2025-06-24 22:00:00;104,85
2025-06-24 23:00:00;97,61
2025-06-25 00:00:00;75,98
2025-06-25 01:00:00;68,28
2025-06-25 02:00:00;66,89
2025-06-25 03:00:00;67,08
2025-06-25 04:00:00;68,91
2025-06-25 05:00:00;81,03
2025-06-25 06:00:00;98,46
2025-06-25 07:00:00;105,03
2025-06-25 08:00:00;92,51
2025-06-25 09:00:00;63,37
2025-06-25 10:00:00;14,06
2025-06-25 11:00:00;-0,48
2025-06-25 12:00:00;-1,53
2025-06-25 13:00:00;-3,08
2025-06-25 14:00:00;-2,55
2025-06-25 15:00:00;-1,03
2025-06-25 16:00:00;17,67
2025-06-25 17:00:00;76,1
2025-06-25 18:00:00;105,1
2025-06-25 19:00:00;134,96
2025-06-25 20:00:00;210,96
2025-06-25 21:00:00;247,64
2025-06-25 22:00:00;182,66
2025-06-25 23:00:00;137,53
2025-06-26 00:00:00;122,62
2025-06-26 01:00:00;112,78
2025-06-26 02:00:00;107,88
2025-06-26 03:00:00;104,09
2025-06-26 04:00:00;103,7
2025-06-26 05:00:00;107,96
2025-06-26 06:00:00;124,16
2025-06-26 07:00:00;127,48
2025-06-26 08:00:00;113,53
2025-06-26 09:00:00;98,52
2025-06-26 10:00:00;86,57
2025-06-26 11:00:00;75,63
2025-06-26 12:00:00;66,11
2025-06-26 13:00:00;54,3
2025-06-26 14:00:00;47,04
2025-06-26 15:00:00;49,64
2025-06-26 16:00:00;61,08
2025-06-26 17:00:00;71,24
2025-06-26 18:00:00;89,94
2025-06-26 19:00:00;97,27
2025-06-26 20:00:00;103,24
2025-06-26 21:00:00;103,7
2025-06-26 22:00:00;107,32
2025-06-26 23:00:00;95,27
2025-06-27 00:00:00;84,77
2025-06-27 01:00:00;77,56
2025-06-27 02:00:00;75,19
2025-06-27 03:00:00;76,15
2025-06-27 04:00:00;78,19
2025-06-27 05:00:00;87
2025-06-27 06:00:00;104,03
2025-06-27 07:00:00;112,88
2025-06-27 08:00:00;106,95
2025-06-27 09:00:00;89,58
2025-06-27 10:00:00;71,7
2025-06-27 11:00:00;58,02
2025-06-27 12:00:00;40,86
2025-06-27 13:00:00;19,37
2025-06-27 14:00:00;5,69
2025-06-27 15:00:00;11,2
2025-06-27 16:00:00;30,42
2025-06-27 17:00:00;62,37
2025-06-27 18:00:00;87,86
2025-06-27 19:00:00;107,72
2025-06-27 20:00:00;127,89
2025-06-27 21:00:00;137,01
2025-06-27 22:00:00;125,83
2025-06-27 23:00:00;108,74
2025-06-28 00:00:00;98,64
2025-06-28 01:00:00;93,04
2025-06-28 02:00:00;84,95
2025-06-28 03:00:00;80,5
2025-06-28 04:00:00;74,8
2025-06-28 05:00:00;75,72
2025-06-28 06:00:00;71,85
2025-06-28 07:00:00;56,14
2025-06-28 08:00:00;30
2025-06-28 09:00:00;2,93
2025-06-28 10:00:00;0
2025-06-28 11:00:00;-0,56
2025-06-28 12:00:00;-1,78
2025-06-28 13:00:00;-5,42
2025-06-28 14:00:00;-5,48
2025-06-28 15:00:00;-2,92
2025-06-28 16:00:00;-0,85
2025-06-28 17:00:00;2,08
2025-06-28 18:00:00;56,56
2025-06-28 19:00:00;93,21
2025-06-28 20:00:00;110,19
2025-06-28 21:00:00;121,37
2025-06-28 22:00:00;115,97
2025-06-28 23:00:00;102,98
2025-06-29 00:00:00;94,98
2025-06-29 01:00:00;88,87
2025-06-29 02:00:00;87,42
2025-06-29 03:00:00;85,68
2025-06-29 04:00:00;87,7
2025-06-29 05:00:00;87,71
2025-06-29 06:00:00;84,95
2025-06-29 07:00:00;74,5
2025-06-29 08:00:00;31,73
2025-06-29 09:00:00;1,32
2025-06-29 10:00:00;-0,74
2025-06-29 11:00:00;-4,84
2025-06-29 12:00:00;-10,01
2025-06-29 13:00:00;-21,92
2025-06-29 14:00:00;-23,6
2025-06-29 15:00:00;-15,83
2025-06-29 16:00:00;-2,15
2025-06-29 17:00:00;2
2025-06-29 18:00:00;79,17
2025-06-29 19:00:00;106,94
2025-06-29 20:00:00;123,26
2025-06-29 21:00:00;127,38
2025-06-29 22:00:00;123,49
2025-06-29 23:00:00;112,4
2025-06-30 00:00:00;101,78
2025-06-30 01:00:00;94,93
2025-06-30 02:00:00;92,21
2025-06-30 03:00:00;92,02
2025-06-30 04:00:00;93,47
2025-06-30 05:00:00;102,54
2025-06-30 06:00:00;124,38
2025-06-30 07:00:00;122,34
2025-06-30 08:00:00;111,52
2025-06-30 09:00:00;92,11
2025-06-30 10:00:00;71,32
2025-06-30 11:00:00;43,48
2025-06-30 12:00:00;21,87
2025-06-30 13:00:00;13,11
2025-06-30 14:00:00;19,62
2025-06-30 15:00:00;47,68
2025-06-30 16:00:00;76,81
2025-06-30 17:00:00;98,14
2025-06-30 18:00:00;119,3
2025-06-30 19:00:00;167,7
2025-06-30 20:00:00;253,61
2025-06-30 21:00:00;216,24
2025-06-30 22:00:00;152,95
2025-06-30 23:00:00;121,77
2025-07-01 00:00:00;109,82
2025-07-01 01:00:00;95,41
2025-07-01 02:00:00;90,5
2025-07-01 03:00:00;89,48
2025-07-01 04:00:00;90,43
2025-07-01 05:00:00;98,73
2025-07-01 06:00:00;114,32
2025-07-01 07:00:00;121,46
2025-07-01 08:00:00;114,56
2025-07-01 09:00:00;93,64
2025-07-01 10:00:00;79,95
2025-07-01 11:00:00;67,33
2025-07-01 12:00:00;44,58
2025-07-01 13:00:00;38,82
2025-07-01 14:00:00;52,85
2025-07-01 15:00:00;74,64
2025-07-01 16:00:00;88,29
2025-07-01 17:00:00;101,48
2025-07-01 18:00:00;136,92
2025-07-01 19:00:00;252,31
2025-07-01 20:00:00;404,91
2025-07-01 21:00:00;338
2025-07-01 22:00:00;209,52
2025-07-01 23:00:00;137,54
2025-07-02 00:00:00;115,87
2025-07-02 01:00:00;102,2
2025-07-02 02:00:00;93,96
2025-07-02 03:00:00;93,49
2025-07-02 04:00:00;94,36
2025-07-02 05:00:00;102,44
2025-07-02 06:00:00;119,56
2025-07-02 07:00:00;118,35
2025-07-02 08:00:00;109,02
2025-07-02 09:00:00;94,84
2025-07-02 10:00:00;81,28
2025-07-02 11:00:00;68,3
2025-07-02 12:00:00;34,55
2025-07-02 13:00:00;36,28
2025-07-02 14:00:00;47,54
2025-07-02 15:00:00;69,64
2025-07-02 16:00:00;80,07
2025-07-02 17:00:00;91,6
2025-07-02 18:00:00;114,7
2025-07-02 19:00:00;175,66
2025-07-02 20:00:00;240,16
2025-07-02 21:00:00;184,47
2025-07-02 22:00:00;143,56
2025-07-02 23:00:00;113,81
2025-07-03 00:00:00;88,85
2025-07-03 01:00:00;82,22
2025-07-03 02:00:00;79,61
2025-07-03 03:00:00;76,79
2025-07-03 04:00:00;77,86
2025-07-03 05:00:00;85,63
2025-07-03 06:00:00;99,7
2025-07-03 07:00:00;105,89
2025-07-03 08:00:00;100,5
2025-07-03 09:00:00;86,09
2025-07-03 10:00:00;69,69
2025-07-03 11:00:00;51,24
2025-07-03 12:00:00;36,46
2025-07-03 13:00:00;28,85
2025-07-03 14:00:00;24,61
2025-07-03 15:00:00;36,03
2025-07-03 16:00:00;52,27
2025-07-03 17:00:00;82,73
2025-07-03 18:00:00;100,34
2025-07-03 19:00:00;120,14
2025-07-03 20:00:00;165,6
2025-07-03 21:00:00;173,09
2025-07-03 22:00:00;134,64
2025-07-03 23:00:00;117,21
2025-07-04 00:00:00;110,06
2025-07-04 01:00:00;104,94
2025-07-04 02:00:00;100,5
2025-07-04 03:00:00;98,23
2025-07-04 04:00:00;101,27
2025-07-04 05:00:00;106,38
2025-07-04 06:00:00;124,13
2025-07-04 07:00:00;119,32
2025-07-04 08:00:00;101,2
2025-07-04 09:00:00;90,72
2025-07-04 10:00:00;67,64
2025-07-04 11:00:00;21,24
2025-07-04 12:00:00;7,52
2025-07-04 13:00:00;1,68
2025-07-04 14:00:00;-0,16
2025-07-04 15:00:00;3,52
2025-07-04 16:00:00;18,8
2025-07-04 17:00:00;65,03
2025-07-04 18:00:00;91,04
2025-07-04 19:00:00;111,86
2025-07-04 20:00:00;143,12
2025-07-04 21:00:00;156,69
2025-07-04 22:00:00;130,26
2025-07-04 23:00:00;108,41
2025-07-05 00:00:00;102,33
2025-07-05 01:00:00;95,72
2025-07-05 02:00:00;93,87
2025-07-05 03:00:00;90,26
2025-07-05 04:00:00;89,56
2025-07-05 05:00:00;82,82
2025-07-05 06:00:00;79,44
2025-07-05 07:00:00;55,2
2025-07-05 08:00:00;31,99
2025-07-05 09:00:00;9,14
2025-07-05 10:00:00;2,06
2025-07-05 11:00:00;0,12
2025-07-05 12:00:00;-1,58
2025-07-05 13:00:00;-3,64
2025-07-05 14:00:00;-3,76
2025-07-05 15:00:00;-1,7
2025-07-05 16:00:00;-0,73
2025-07-05 17:00:00;2,66
2025-07-05 18:00:00;51,58
2025-07-05 19:00:00;89,06
2025-07-05 20:00:00;108,9
2025-07-05 21:00:00;120,09
2025-07-05 22:00:00;115,48
2025-07-05 23:00:00;105,4
2025-07-06 00:00:00;94,16
2025-07-06 01:00:00;90,41
2025-07-06 02:00:00;85,9
2025-07-06 03:00:00;83,18
2025-07-06 04:00:00;83,26
2025-07-06 05:00:00;83,11
2025-07-06 06:00:00;76,26
2025-07-06 07:00:00;75,1
2025-07-06 08:00:00;68,33
2025-07-06 09:00:00;40,01
2025-07-06 10:00:00;21,7
2025-07-06 11:00:00;14,47
2025-07-06 12:00:00;10,13
2025-07-06 13:00:00;3,45
2025-07-06 14:00:00;6,12
2025-07-06 15:00:00;30,33
2025-07-06 16:00:00;52,24
2025-07-06 17:00:00;82,49
2025-07-06 18:00:00;99,7
2025-07-06 19:00:00;109,89
2025-07-06 20:00:00;122,81
2025-07-06 21:00:00;127,06
2025-07-06 22:00:00;119
2025-07-06 23:00:00;106,75
2025-07-07 00:00:00;108,43
2025-07-07 01:00:00;98,61
2025-07-07 02:00:00;94,11
2025-07-07 03:00:00;92,29
2025-07-07 04:00:00;93,97
2025-07-07 05:00:00;102,73
2025-07-07 06:00:00;125,48
2025-07-07 07:00:00;132,5
2025-07-07 08:00:00;131,68
2025-07-07 09:00:00;112,64
2025-07-07 10:00:00;96,26
2025-07-07 11:00:00;92,08
2025-07-07 12:00:00;71,71
2025-07-07 13:00:00;56,24
2025-07-07 14:00:00;46,54
2025-07-07 15:00:00;48,12
2025-07-07 16:00:00;56,14
2025-07-07 17:00:00;73,33
2025-07-07 18:00:00;88,85
2025-07-07 19:00:00;98,56
2025-07-07 20:00:00;107,09
2025-07-07 21:00:00;112,79
2025-07-07 22:00:00;109,2
2025-07-07 23:00:00;96,65
2025-07-08 00:00:00;99,26
2025-07-08 01:00:00;91,33
2025-07-08 02:00:00;86,8
2025-07-08 03:00:00;85,27
2025-07-08 04:00:00;86,14
2025-07-08 05:00:00;91,03
2025-07-08 06:00:00;106,94
2025-07-08 07:00:00;117,21
2025-07-08 08:00:00;112,36
2025-07-08 09:00:00;96,18
2025-07-08 10:00:00;84,34
2025-07-08 11:00:00;78,32
2025-07-08 12:00:00;60,28
2025-07-08 13:00:00;55,71
2025-07-08 14:00:00;51,49
2025-07-08 15:00:00;55,36
2025-07-08 16:00:00;66,33
2025-07-08 17:00:00;82,87
2025-07-08 18:00:00;89,02
2025-07-08 19:00:00;109,76
2025-07-08 20:00:00;126,64
2025-07-08 21:00:00;126,5
2025-07-08 22:00:00;117,4
2025-07-08 23:00:00;101,62
2025-07-09 00:00:00;97,68
2025-07-09 01:00:00;89,17
2025-07-09 02:00:00;86,77
2025-07-09 03:00:00;86,58
2025-07-09 04:00:00;87,65
2025-07-09 05:00:00;96,59
2025-07-09 06:00:00;111,48
2025-07-09 07:00:00;115,42
2025-07-09 08:00:00;111,84
2025-07-09 09:00:00;96,32
2025-07-09 10:00:00;83,43
2025-07-09 11:00:00;77,35
2025-07-09 12:00:00;65,66
2025-07-09 13:00:00;49,16
2025-07-09 14:00:00;43,58
2025-07-09 15:00:00;52,39
2025-07-09 16:00:00;68,94
2025-07-09 17:00:00;83,49
2025-07-09 18:00:00;98
2025-07-09 19:00:00;117,34
2025-07-09 20:00:00;140,42
2025-07-09 21:00:00;141,67
2025-07-09 22:00:00;121,86
2025-07-09 23:00:00;106,45
2025-07-10 00:00:00;101,19
2025-07-10 01:00:00;95,75
2025-07-10 02:00:00;91,15
2025-07-10 03:00:00;89,92
2025-07-10 04:00:00;91,13
2025-07-10 05:00:00;100,26
2025-07-10 06:00:00;113,84
2025-07-10 07:00:00;115,11
2025-07-10 08:00:00;108,97
2025-07-10 09:00:00;92,7
2025-07-10 10:00:00;81,55
2025-07-10 11:00:00;67,59
2025-07-10 12:00:00;48,1
2025-07-10 13:00:00;42,27
2025-07-10 14:00:00;43,22
2025-07-10 15:00:00;56,2
2025-07-10 16:00:00;74,74
2025-07-10 17:00:00;87,06
2025-07-10 18:00:00;101,6
2025-07-10 19:00:00;116,49
2025-07-10 20:00:00;136,72
2025-07-10 21:00:00;134,27
2025-07-10 22:00:00;120,21
2025-07-10 23:00:00;106,98
2025-07-11 00:00:00;104,16
2025-07-11 01:00:00;98,79
2025-07-11 02:00:00;94,31
2025-07-11 03:00:00;92,02
2025-07-11 04:00:00;92,34
2025-07-11 05:00:00;99,31
2025-07-11 06:00:00;110,48
2025-07-11 07:00:00;110,91
2025-07-11 08:00:00;105,12
2025-07-11 09:00:00;92,67
2025-07-11 10:00:00;81,54
2025-07-11 11:00:00;71,13
2025-07-11 12:00:00;59,26
2025-07-11 13:00:00;39,35
2025-07-11 14:00:00;29,61
2025-07-11 15:00:00;38,14
2025-07-11 16:00:00;61,98
2025-07-11 17:00:00;80,77
2025-07-11 18:00:00;88,89
2025-07-11 19:00:00;101,86
2025-07-11 20:00:00;120,56
2025-07-11 21:00:00;120,48
2025-07-11 22:00:00;113,13
2025-07-11 23:00:00;102,1
2025-07-12 00:00:00;107
2025-07-12 01:00:00;100,14
2025-07-12 02:00:00;98,22
2025-07-12 03:00:00;94,89
2025-07-12 04:00:00;91,58
2025-07-12 05:00:00;90,26
2025-07-12 06:00:00;85,72
2025-07-12 07:00:00;88,34
2025-07-12 08:00:00;80,53
2025-07-12 09:00:00;56,95
2025-07-12 10:00:00;21,18
2025-07-12 11:00:00;5,12
2025-07-12 12:00:00;0,96
2025-07-12 13:00:00;0,44
2025-07-12 14:00:00;0,23
2025-07-12 15:00:00;1,31
2025-07-12 16:00:00;16,71
2025-07-12 17:00:00;61,75
2025-07-12 18:00:00;96,99
2025-07-12 19:00:00;103,51
2025-07-12 20:00:00;116,44
2025-07-12 21:00:00;121,56
2025-07-12 22:00:00;118,71
2025-07-12 23:00:00;110,24
2025-07-13 00:00:00;108,98
2025-07-13 01:00:00;104,23
2025-07-13 02:00:00;102,36
2025-07-13 03:00:00;101,2
2025-07-13 04:00:00;100
2025-07-13 05:00:00;98,1
2025-07-13 06:00:00;94,18
2025-07-13 07:00:00;87,56
2025-07-13 08:00:00;78,2
2025-07-13 09:00:00;51,46
2025-07-13 10:00:00;13,18
2025-07-13 11:00:00;2,94
2025-07-13 12:00:00;1
2025-07-13 13:00:00;0,6
2025-07-13 14:00:00;0,67
2025-07-13 15:00:00;1,04
2025-07-13 16:00:00;9,41
2025-07-13 17:00:00;67,72
2025-07-13 18:00:00;95,9
2025-07-13 19:00:00;111,72
2025-07-13 20:00:00;123,1
2025-07-13 21:00:00;131,41
2025-07-13 22:00:00;127,25
2025-07-13 23:00:00;113,23
2025-07-14 00:00:00;109,27
2025-07-14 01:00:00;102,64
2025-07-14 02:00:00;97,56
2025-07-14 03:00:00;95,95
2025-07-14 04:00:00;98,86
2025-07-14 05:00:00;107,14
2025-07-14 06:00:00;123,26
2025-07-14 07:00:00;126,54
2025-07-14 08:00:00;114,43
2025-07-14 09:00:00;98,16
2025-07-14 10:00:00;87,94
2025-07-14 11:00:00;81,25
2025-07-14 12:00:00;73,55
2025-07-14 13:00:00;66,2
2025-07-14 14:00:00;61,99
2025-07-14 15:00:00;62,27
2025-07-14 16:00:00;76
2025-07-14 17:00:00;88,02
2025-07-14 18:00:00;102,92
2025-07-14 19:00:00;121,6
2025-07-14 20:00:00;149,26
2025-07-14 21:00:00;158,36
2025-07-14 22:00:00;129,96
2025-07-14 23:00:00;114,58
2025-07-15 00:00:00;106,18
2025-07-15 01:00:00;101,42
2025-07-15 02:00:00;93,83
2025-07-15 03:00:00;88,62
2025-07-15 04:00:00;89,23
2025-07-15 05:00:00;95,06
2025-07-15 06:00:00;111,28
2025-07-15 07:00:00;113,97
2025-07-15 08:00:00;104,76
2025-07-15 09:00:00;90,44
2025-07-15 10:00:00;76,33
2025-07-15 11:00:00;66,02
2025-07-15 12:00:00;58,02
2025-07-15 13:00:00;45,3
2025-07-15 14:00:00;39,7
2025-07-15 15:00:00;47,03
2025-07-15 16:00:00;66,55
2025-07-15 17:00:00;84,48
2025-07-15 18:00:00;98,29
2025-07-15 19:00:00;109,34
2025-07-15 20:00:00;127,69
2025-07-15 21:00:00;141,18
2025-07-15 22:00:00;122,94
2025-07-15 23:00:00;112,38
2025-07-16 00:00:00;100,76
2025-07-16 01:00:00;95,22
2025-07-16 02:00:00;88,83
2025-07-16 03:00:00;85,52
2025-07-16 04:00:00;86,03
2025-07-16 05:00:00;91,96
2025-07-16 06:00:00;106,65
2025-07-16 07:00:00;112,22
2025-07-16 08:00:00;111,55
2025-07-16 09:00:00;101,34
2025-07-16 10:00:00;91,9
2025-07-16 11:00:00;87,18
2025-07-16 12:00:00;80,73
2025-07-16 13:00:00;76,27
2025-07-16 14:00:00;65,91
2025-07-16 15:00:00;68,39
2025-07-16 16:00:00;79,72
2025-07-16 17:00:00;89,83
2025-07-16 18:00:00;97,24
2025-07-16 19:00:00;109,84
2025-07-16 20:00:00;121,71
2025-07-16 21:00:00;127,94
2025-07-16 22:00:00;121,35
2025-07-16 23:00:00;109,88
2025-07-17 00:00:00;103,27
2025-07-17 01:00:00;97,14
2025-07-17 02:00:00;90,95
2025-07-17 03:00:00;88,19
2025-07-17 04:00:00;88,7
2025-07-17 05:00:00;91,8
2025-07-17 06:00:00;106,18
2025-07-17 07:00:00;110,53
2025-07-17 08:00:00;107,15
2025-07-17 09:00:00;94,63
2025-07-17 10:00:00;86,2
2025-07-17 11:00:00;75,13
2025-07-17 12:00:00;69,12
2025-07-17 13:00:00;57,34
2025-07-17 14:00:00;52,44
2025-07-17 15:00:00;63,59
2025-07-17 16:00:00;74,09
2025-07-17 17:00:00;84,35
2025-07-17 18:00:00;96,13
2025-07-17 19:00:00;110,02
2025-07-17 20:00:00;126,39
2025-07-17 21:00:00;137,27
2025-07-17 22:00:00;127,73
2025-07-17 23:00:00;114,1
2025-07-18 00:00:00;107,76
2025-07-18 01:00:00;99,78
2025-07-18 02:00:00;97,04
2025-07-18 03:00:00;96,66
2025-07-18 04:00:00;99,42
2025-07-18 05:00:00;108,06
2025-07-18 06:00:00;118,86
2025-07-18 07:00:00;119,53
2025-07-18 08:00:00;111,04
2025-07-18 09:00:00;99,07
2025-07-18 10:00:00;87,64
2025-07-18 11:00:00;82,92
2025-07-18 12:00:00;76,44
2025-07-18 13:00:00;69
2025-07-18 14:00:00;67,08
2025-07-18 15:00:00;71,39
2025-07-18 16:00:00;80,16
2025-07-18 17:00:00;88,04
2025-07-18 18:00:00;104,66
2025-07-18 19:00:00;125,14
2025-07-18 20:00:00;159,59
2025-07-18 21:00:00;155,18
2025-07-18 22:00:00;127,98
2025-07-18 23:00:00;114,53
2025-07-19 00:00:00;111,17
2025-07-19 01:00:00;106,99
2025-07-19 02:00:00;103,9
2025-07-19 03:00:00;102,85
2025-07-19 04:00:00;100,22
2025-07-19 05:00:00;97,8
2025-07-19 06:00:00;99,74
2025-07-19 07:00:00;90,34
2025-07-19 08:00:00;81,31
2025-07-19 09:00:00;59,74
2025-07-19 10:00:00;14,46
2025-07-19 11:00:00;2,35
2025-07-19 12:00:00;0,63
2025-07-19 13:00:00;-0,29
2025-07-19 14:00:00;-0,27
2025-07-19 15:00:00;3,05
2025-07-19 16:00:00;33,6
2025-07-19 17:00:00;78,67
2025-07-19 18:00:00;98,78
2025-07-19 19:00:00;115,12
2025-07-19 20:00:00;117,34
2025-07-19 21:00:00;115,29
2025-07-19 22:00:00;108,62
2025-07-19 23:00:00;100,3
2025-07-20 00:00:00;93,65
2025-07-20 01:00:00;91,43
2025-07-20 02:00:00;89,97
2025-07-20 03:00:00;95,48
2025-07-20 04:00:00;97,3
2025-07-20 05:00:00;96,7
2025-07-20 06:00:00;93,6
2025-07-20 07:00:00;81,99
2025-07-20 08:00:00;77,98
2025-07-20 09:00:00;50,49
2025-07-20 10:00:00;11,62
2025-07-20 11:00:00;2,19
2025-07-20 12:00:00;0,9
2025-07-20 13:00:00;0,59
2025-07-20 14:00:00;1,05
2025-07-20 15:00:00;12,1
2025-07-20 16:00:00;61,74
2025-07-20 17:00:00;87,99
2025-07-20 18:00:00;103,68
2025-07-20 19:00:00;116,9
2025-07-20 20:00:00;121,64
2025-07-20 21:00:00;123,6
2025-07-20 22:00:00;119,15
2025-07-20 23:00:00;108,46
2025-07-21 00:00:00;94,9
2025-07-21 01:00:00;88,94
2025-07-21 02:00:00;90,63
2025-07-21 03:00:00;90,81
2025-07-21 04:00:00;91,22
2025-07-21 05:00:00;99,6
2025-07-21 06:00:00;114,43
2025-07-21 07:00:00;127,67
2025-07-21 08:00:00;119,66
2025-07-21 09:00:00;106,32
2025-07-21 10:00:00;100,99
2025-07-21 11:00:00;95,94
2025-07-21 12:00:00;87,78
2025-07-21 13:00:00;85,12
2025-07-21 14:00:00;86,8
2025-07-21 15:00:00;87,59
2025-07-21 16:00:00;90,49
2025-07-21 17:00:00;99,03
2025-07-21 18:00:00;104,41
2025-07-21 19:00:00;115,84
2025-07-21 20:00:00;125,53
2025-07-21 21:00:00;120,45
2025-07-21 22:00:00;109,28
2025-07-21 23:00:00;98,97
2025-07-22 00:00:00;94,04
2025-07-22 01:00:00;88,95
2025-07-22 02:00:00;87,74
2025-07-22 03:00:00;85,05
2025-07-22 04:00:00;83,58
2025-07-22 05:00:00;90,41
2025-07-22 06:00:00;105,14
2025-07-22 07:00:00;108,37
2025-07-22 08:00:00;101,45
2025-07-22 09:00:00;91,61
2025-07-22 10:00:00;79,59
2025-07-22 11:00:00;68,42
2025-07-22 12:00:00;42,38
2025-07-22 13:00:00;11,2
2025-07-22 14:00:00;4,98
2025-07-22 15:00:00;9,14
2025-07-22 16:00:00;35,72
2025-07-22 17:00:00;75,66
2025-07-22 18:00:00;89,28
2025-07-22 19:00:00;106,05
2025-07-22 20:00:00;116,33
2025-07-22 21:00:00;115,36
2025-07-22 22:00:00;108,79
2025-07-22 23:00:00;101,3
2025-07-23 00:00:00;88,8
2025-07-23 01:00:00;81,88
2025-07-23 02:00:00;79,25
2025-07-23 03:00:00;77,17
2025-07-23 04:00:00;78,21
2025-07-23 05:00:00;81,82
2025-07-23 06:00:00;93,96
2025-07-23 07:00:00;101,7
2025-07-23 08:00:00;96,06
2025-07-23 09:00:00;82,97
2025-07-23 10:00:00;64,03
2025-07-23 11:00:00;49,31
2025-07-23 12:00:00;29,61
2025-07-23 13:00:00;20,86
2025-07-23 14:00:00;22,91
2025-07-23 15:00:00;39,25
2025-07-23 16:00:00;65,48
2025-07-23 17:00:00;77,32
2025-07-23 18:00:00;90,34
2025-07-23 19:00:00;108,14
2025-07-23 20:00:00;117,73
2025-07-23 21:00:00;119,47
2025-07-23 22:00:00;113,15
2025-07-23 23:00:00;104,58
2025-07-24 00:00:00;98,83
2025-07-24 01:00:00;95,91
2025-07-24 02:00:00;91,48
2025-07-24 03:00:00;90,54
2025-07-24 04:00:00;93,29
2025-07-24 05:00:00;100,82
2025-07-24 06:00:00;112,81
2025-07-24 07:00:00;119,22
2025-07-24 08:00:00;110,24
2025-07-24 09:00:00;96,79
2025-07-24 10:00:00;89,82
2025-07-24 11:00:00;85,89
2025-07-24 12:00:00;84,58
2025-07-24 13:00:00;83,29
2025-07-24 14:00:00;83,53
2025-07-24 15:00:00;85,9
2025-07-24 16:00:00;91,15
2025-07-24 17:00:00;98,41
2025-07-24 18:00:00;107,82
2025-07-24 19:00:00;124,4
2025-07-24 20:00:00;150,71
2025-07-24 21:00:00;140,68
2025-07-24 22:00:00;119,85
2025-07-24 23:00:00;109,22
2025-07-25 00:00:00;107,91
2025-07-25 01:00:00;101,59
2025-07-25 02:00:00;96,68
2025-07-25 03:00:00;93,85
2025-07-25 04:00:00;95,6
2025-07-25 05:00:00;98,55
2025-07-25 06:00:00;109,73
2025-07-25 07:00:00;114,48
2025-07-25 08:00:00;109,63
2025-07-25 09:00:00;97,99
2025-07-25 10:00:00;92,65
2025-07-25 11:00:00;84,65
2025-07-25 12:00:00;82,3
2025-07-25 13:00:00;76,76
2025-07-25 14:00:00;74,69
2025-07-25 15:00:00;76,32
2025-07-25 16:00:00;81,24
2025-07-25 17:00:00;85,96
2025-07-25 18:00:00;95,03
2025-07-25 19:00:00;105,45
2025-07-25 20:00:00;116,85
2025-07-25 21:00:00;123,04
2025-07-25 22:00:00;113,67
2025-07-25 23:00:00;108,15
2025-07-26 00:00:00;105,24
2025-07-26 01:00:00;100,31
2025-07-26 02:00:00;97,55
2025-07-26 03:00:00;96,95
2025-07-26 04:00:00;96,97
2025-07-26 05:00:00;95,88
2025-07-26 06:00:00;96,15
2025-07-26 07:00:00;94,93
2025-07-26 08:00:00;89,98
2025-07-26 09:00:00;86,55
2025-07-26 10:00:00;76,97
2025-07-26 11:00:00;69,82
2025-07-26 12:00:00;62,45
2025-07-26 13:00:00;49,23
2025-07-26 14:00:00;47,84
2025-07-26 15:00:00;62,83
2025-07-26 16:00:00;74,31
2025-07-26 17:00:00;86,5
2025-07-26 18:00:00;98,66
2025-07-26 19:00:00;108,98
2025-07-26 20:00:00;122,5
2025-07-26 21:00:00;121,76
2025-07-26 22:00:00;113,22
2025-07-26 23:00:00;105,74
2025-07-27 00:00:00;103,19
2025-07-27 01:00:00;99,14
2025-07-27 02:00:00;95,46
2025-07-27 03:00:00;93
2025-07-27 04:00:00;92,74
2025-07-27 05:00:00;91,54
2025-07-27 06:00:00;89,49
2025-07-27 07:00:00;86,64
2025-07-27 08:00:00;82,74
2025-07-27 09:00:00;77,27
2025-07-27 10:00:00;68,8
2025-07-27 11:00:00;65,26
2025-07-27 12:00:00;48,34
2025-07-27 13:00:00;18,42
2025-07-27 14:00:00;14,64
2025-07-27 15:00:00;25,64
2025-07-27 16:00:00;50,72
2025-07-27 17:00:00;77,39
2025-07-27 18:00:00;94,32
2025-07-27 19:00:00;103,56
2025-07-27 20:00:00;107,58
2025-07-27 21:00:00;111,98
2025-07-27 22:00:00;106
2025-07-27 23:00:00;98,89
2025-07-28 00:00:00;96,24
2025-07-28 01:00:00;89,85
2025-07-28 02:00:00;84,67
2025-07-28 03:00:00;82,65
2025-07-28 04:00:00;82,16
2025-07-28 05:00:00;89,15
2025-07-28 06:00:00;107,24
2025-07-28 07:00:00;118,81
2025-07-28 08:00:00;111,58
2025-07-28 09:00:00;102,53
2025-07-28 10:00:00;92,06
2025-07-28 11:00:00;83,59
2025-07-28 12:00:00;74,46
2025-07-28 13:00:00;67,69
2025-07-28 14:00:00;56,77
2025-07-28 15:00:00;58,83
2025-07-28 16:00:00;65
2025-07-28 17:00:00;80,35
2025-07-28 18:00:00;91,28
2025-07-28 19:00:00;100,15
2025-07-28 20:00:00;111,27
2025-07-28 21:00:00;110,16
2025-07-28 22:00:00;101,23
2025-07-28 23:00:00;90,37
2025-07-29 00:00:00;85,26
2025-07-29 01:00:00;82,3
2025-07-29 02:00:00;80,1
2025-07-29 03:00:00;79,19
2025-07-29 04:00:00;80,43
2025-07-29 05:00:00;87,18
2025-07-29 06:00:00;98,18
2025-07-29 07:00:00;105,02
2025-07-29 08:00:00;97,56
2025-07-29 09:00:00;85,35
2025-07-29 10:00:00;70,25
2025-07-29 11:00:00;55,94
2025-07-29 12:00:00;31,75
2025-07-29 13:00:00;8,31
2025-07-29 14:00:00;5,15
2025-07-29 15:00:00;13,61
2025-07-29 16:00:00;46,43
2025-07-29 17:00:00;78,57
2025-07-29 18:00:00;94,79
2025-07-29 19:00:00;104,1
2025-07-29 20:00:00;124,72
2025-07-29 21:00:00;124,04
2025-07-29 22:00:00;111,97
2025-07-29 23:00:00;100,06
2025-07-30 00:00:00;93,96
2025-07-30 01:00:00;89,94
2025-07-30 02:00:00;86,77
2025-07-30 03:00:00;84,16
2025-07-30 04:00:00;84,79
2025-07-30 05:00:00;92,5
2025-07-30 06:00:00;99,19
2025-07-30 07:00:00;99,84
2025-07-30 08:00:00;94,44
2025-07-30 09:00:00;80,06
2025-07-30 10:00:00;67,6
2025-07-30 11:00:00;52,49
2025-07-30 12:00:00;35,67
2025-07-30 13:00:00;24,62
2025-07-30 14:00:00;16,85
2025-07-30 15:00:00;31,24
2025-07-30 16:00:00;51,78
2025-07-30 17:00:00;76,79
2025-07-30 18:00:00;93,01
2025-07-30 19:00:00;101,28
2025-07-30 20:00:00;111,54
2025-07-30 21:00:00;109,38
2025-07-30 22:00:00;104,2
2025-07-30 23:00:00;92,96
2025-07-31 00:00:00;89,96
2025-07-31 01:00:00;81,71
2025-07-31 02:00:00;79,84
2025-07-31 03:00:00;78,44
2025-07-31 04:00:00;79,86
2025-07-31 05:00:00;85,06
2025-07-31 06:00:00;94,59
2025-07-31 07:00:00;100,04
2025-07-31 08:00:00;98,12
2025-07-31 09:00:00;89,86
2025-07-31 10:00:00;75,38
2025-07-31 11:00:00;70,57
2025-07-31 12:00:00;59,76
2025-07-31 13:00:00;42,85
2025-07-31 14:00:00;33,84
2025-07-31 15:00:00;50,97
2025-07-31 16:00:00;67,88
2025-07-31 17:00:00;84,09
2025-07-31 18:00:00;96,96
2025-07-31 19:00:00;106,94
2025-07-31 20:00:00;126,5
2025-07-31 21:00:00;122,19
2025-07-31 22:00:00;113,08
2025-07-31 23:00:00;102,42
2025-08-01 00:00:00;103,21
2025-08-01 01:00:00;96,6
2025-08-01 02:00:00;92,48
2025-08-01 03:00:00;88,9
2025-08-01 04:00:00;92,07
2025-08-01 05:00:00;98,21
2025-08-01 06:00:00;109,52
2025-08-01 07:00:00;111,53
2025-08-01 08:00:00;107,06
2025-08-01 09:00:00;102,35
2025-08-01 10:00:00;95,7
2025-08-01 11:00:00;84,45
2025-08-01 12:00:00;74,58
2025-08-01 13:00:00;60,84
2025-08-01 14:00:00;52,67
2025-08-01 15:00:00;54,45
2025-08-01 16:00:00;69,42
2025-08-01 17:00:00;84,66
2025-08-01 18:00:00;96,88
2025-08-01 19:00:00;107,5
2025-08-01 20:00:00;119,86
2025-08-01 21:00:00;119,07
2025-08-01 22:00:00;110,46
2025-08-01 23:00:00;103,96
2025-08-02 00:00:00;104,15
2025-08-02 01:00:00;98,26
2025-08-02 02:00:00;96,16
2025-08-02 03:00:00;92,1
2025-08-02 04:00:00;92,27
2025-08-02 05:00:00;92,16
2025-08-02 06:00:00;90,85
2025-08-02 07:00:00;86,56
2025-08-02 08:00:00;82,48
2025-08-02 09:00:00;74,44
2025-08-02 10:00:00;47,52
2025-08-02 11:00:00;22,4
2025-08-02 12:00:00;9,06
2025-08-02 13:00:00;1,81
2025-08-02 14:00:00;1,16
2025-08-02 15:00:00;1,87
2025-08-02 16:00:00;16,49
2025-08-02 17:00:00;60,5
2025-08-02 18:00:00;87,84
2025-08-02 19:00:00;99,2
2025-08-02 20:00:00;108,07
2025-08-02 21:00:00;109,34
2025-08-02 22:00:00;103,44
2025-08-02 23:00:00;95,66
2025-08-03 00:00:00;87,5
2025-08-03 01:00:00;79,84
2025-08-03 02:00:00;74,57
2025-08-03 03:00:00;71,73
2025-08-03 04:00:00;69,38
2025-08-03 05:00:00;64,72
2025-08-03 06:00:00;56,75
2025-08-03 07:00:00;45,68
2025-08-03 08:00:00;32,88
2025-08-03 09:00:00;24,65
2025-08-03 10:00:00;15,23
2025-08-03 11:00:00;8,25
2025-08-03 12:00:00;1,52
2025-08-03 13:00:00;-3,58
2025-08-03 14:00:00;-3,89
2025-08-03 15:00:00;-0,89
2025-08-03 16:00:00;3,95
2025-08-03 17:00:00;24,29
2025-08-03 18:00:00;73,06
2025-08-03 19:00:00;88,99
2025-08-03 20:00:00;98,73
2025-08-03 21:00:00;97,41
2025-08-03 22:00:00;97,1
2025-08-03 23:00:00;87,76
2025-08-04 00:00:00;83,92
2025-08-04 01:00:00;75,53
2025-08-04 02:00:00;74,48
2025-08-04 03:00:00;74,29
2025-08-04 04:00:00;78,37
2025-08-04 05:00:00;84,61
2025-08-04 06:00:00;98,26
2025-08-04 07:00:00;110,26
2025-08-04 08:00:00;111,37
2025-08-04 09:00:00;99,39
2025-08-04 10:00:00;86,02
2025-08-04 11:00:00;70,62
2025-08-04 12:00:00;39,85
2025-08-04 13:00:00;19,52
2025-08-04 14:00:00;14,93
2025-08-04 15:00:00;17,3
2025-08-04 16:00:00;40,04
2025-08-04 17:00:00;71,32
2025-08-04 18:00:00;87
2025-08-04 19:00:00;94,26
2025-08-04 20:00:00;98,98
2025-08-04 21:00:00;90,75
2025-08-04 22:00:00;77,06
2025-08-04 23:00:00;59,29
2025-08-05 00:00:00;28,55
2025-08-05 01:00:00;22,66
2025-08-05 02:00:00;24,08
2025-08-05 03:00:00;32,33
2025-08-05 04:00:00;51,7
2025-08-05 05:00:00;73,24
2025-08-05 06:00:00;89,63
2025-08-05 07:00:00;90,79
2025-08-05 08:00:00;77,98
2025-08-05 09:00:00;16,51
2025-08-05 10:00:00;3,71
2025-08-05 11:00:00;-0,96
2025-08-05 12:00:00;-3,72
2025-08-05 13:00:00;-8,95
2025-08-05 14:00:00;-10,76
2025-08-05 15:00:00;-6,65
2025-08-05 16:00:00;-3,97
2025-08-05 17:00:00;0,09
2025-08-05 18:00:00;11,43
2025-08-05 19:00:00;75,42
2025-08-05 20:00:00;90,1
2025-08-05 21:00:00;99,26
2025-08-05 22:00:00;86,18
2025-08-05 23:00:00;78,78
2025-08-06 00:00:00;71,94
2025-08-06 01:00:00;59,92
2025-08-06 02:00:00;58,23
2025-08-06 03:00:00;59,84
2025-08-06 04:00:00;59,83
2025-08-06 05:00:00;77,85
2025-08-06 06:00:00;95,67
2025-08-06 07:00:00;96,79
2025-08-06 08:00:00;79,13
2025-08-06 09:00:00;23,81
2025-08-06 10:00:00;1,89
2025-08-06 11:00:00;-1,56
2025-08-06 12:00:00;-6,82
2025-08-06 13:00:00;-9
2025-08-06 14:00:00;-5,05
2025-08-06 15:00:00;-1,3
2025-08-06 16:00:00;4,5
2025-08-06 17:00:00;53,3
2025-08-06 18:00:00;95,1
2025-08-06 19:00:00;115,06
2025-08-06 20:00:00;158,84
2025-08-06 21:00:00;157,04
2025-08-06 22:00:00;113,53
2025-08-06 23:00:00;104,78
2025-08-07 00:00:00;100,71
2025-08-07 01:00:00;97,07
2025-08-07 02:00:00;92,89
2025-08-07 03:00:00;90,87
2025-08-07 04:00:00;90,93
2025-08-07 05:00:00;97,58
2025-08-07 06:00:00;108,34
2025-08-07 07:00:00;107,07
2025-08-07 08:00:00;96,29
2025-08-07 09:00:00;76,26
2025-08-07 10:00:00;27,9
2025-08-07 11:00:00;2,98
2025-08-07 12:00:00;-0,58
2025-08-07 13:00:00;-1,54
2025-08-07 14:00:00;-0,63
2025-08-07 15:00:00;0,1
2025-08-07 16:00:00;5,4
2025-08-07 17:00:00;66,75
2025-08-07 18:00:00;95,89
2025-08-07 19:00:00;115,05
2025-08-07 20:00:00;145,45
2025-08-07 21:00:00;132,55
2025-08-07 22:00:00;110,25
2025-08-07 23:00:00;101,28
2025-08-08 00:00:00;93,41
2025-08-08 01:00:00;89,94
2025-08-08 02:00:00;86,05
2025-08-08 03:00:00;83,99
2025-08-08 04:00:00;83,26
2025-08-08 05:00:00;90,77
2025-08-08 06:00:00;101,47
2025-08-08 07:00:00;104,52
2025-08-08 08:00:00;103,28
2025-08-08 09:00:00;86,24
2025-08-08 10:00:00;63,42
2025-08-08 11:00:00;14,2
2025-08-08 12:00:00;3,96
2025-08-08 13:00:00;-0,52
2025-08-08 14:00:00;-0,98
2025-08-08 15:00:00;0,81
2025-08-08 16:00:00;17,92
2025-08-08 17:00:00;72,53
2025-08-08 18:00:00;102,48
2025-08-08 19:00:00;114,52
2025-08-08 20:00:00;149,72
2025-08-08 21:00:00;152,14
2025-08-08 22:00:00;118,85
2025-08-08 23:00:00;107,28
2025-08-09 00:00:00;105,71
2025-08-09 01:00:00;102,36
2025-08-09 02:00:00;100,85
2025-08-09 03:00:00;98,76
2025-08-09 04:00:00;97,71
2025-08-09 05:00:00;98,22
2025-08-09 06:00:00;98,28
2025-08-09 07:00:00;92,82
2025-08-09 08:00:00;74,72
2025-08-09 09:00:00;24,72
2025-08-09 10:00:00;0,39
2025-08-09 11:00:00;-2
2025-08-09 12:00:00;-8,3
2025-08-09 13:00:00;-17,52
2025-08-09 14:00:00;-17,78
2025-08-09 15:00:00;-8,2
2025-08-09 16:00:00;0,11
2025-08-09 17:00:00;12,15
2025-08-09 18:00:00;85,86
2025-08-09 19:00:00;102,68
2025-08-09 20:00:00;123,1
2025-08-09 21:00:00;119,02
2025-08-09 22:00:00;107,92
2025-08-09 23:00:00;97,04
2025-08-10 00:00:00;91
2025-08-10 01:00:00;86,52
2025-08-10 02:00:00;84,2
2025-08-10 03:00:00;79,63
2025-08-10 04:00:00;80,71
2025-08-10 05:00:00;83,96
2025-08-10 06:00:00;79,42
2025-08-10 07:00:00;67,36
2025-08-10 08:00:00;23,6
2025-08-10 09:00:00;0,99
2025-08-10 10:00:00;-4,16
2025-08-10 11:00:00;-21,49
2025-08-10 12:00:00;-47,28
2025-08-10 13:00:00;-71,26
2025-08-10 14:00:00;-62,73
2025-08-10 15:00:00;-31,24
2025-08-10 16:00:00;-5,09
2025-08-10 17:00:00;2,81
2025-08-10 18:00:00;81,32
2025-08-10 19:00:00;106,98
2025-08-10 20:00:00;119,62
2025-08-10 21:00:00;121,82
2025-08-10 22:00:00;110,72
2025-08-10 23:00:00;101,66
2025-08-11 00:00:00;95,52
2025-08-11 01:00:00;90,54
2025-08-11 02:00:00;87,85
2025-08-11 03:00:00;86,6
2025-08-11 04:00:00;91,47
2025-08-11 05:00:00;100,71
2025-08-11 06:00:00;122,11
2025-08-11 07:00:00;127,99
2025-08-11 08:00:00;105,39
2025-08-11 09:00:00;89
2025-08-11 10:00:00;49,34
2025-08-11 11:00:00;10,38
2025-08-11 12:00:00;4,15
2025-08-11 13:00:00;1,64
2025-08-11 14:00:00;1,4
2025-08-11 15:00:00;9,55
2025-08-11 16:00:00;51,23
2025-08-11 17:00:00;87,74
2025-08-11 18:00:00;108,2
2025-08-11 19:00:00;146,12
2025-08-11 20:00:00;191,88
2025-08-11 21:00:00;148,91
2025-08-11 22:00:00;113,53
2025-08-11 23:00:00;99,9
2025-08-12 00:00:00;94,96
2025-08-12 01:00:00;91,56
2025-08-12 02:00:00;88,32
2025-08-12 03:00:00;88,17
2025-08-12 04:00:00;89,06
2025-08-12 05:00:00;98,29
2025-08-12 06:00:00;115,06
2025-08-12 07:00:00;113,59
2025-08-12 08:00:00;101,74
2025-08-12 09:00:00;90,65
2025-08-12 10:00:00;73,94
2025-08-12 11:00:00;36,83
2025-08-12 12:00:00;11,98
2025-08-12 13:00:00;8,47
2025-08-12 14:00:00;8,9
2025-08-12 15:00:00;30,27
2025-08-12 16:00:00;71,97
2025-08-12 17:00:00;96,14
2025-08-12 18:00:00;108,89
2025-08-12 19:00:00;143,66
2025-08-12 20:00:00;162,88
2025-08-12 21:00:00;140,48
2025-08-12 22:00:00;111,42
2025-08-12 23:00:00;98,22
2025-08-13 00:00:00;98,26
2025-08-13 01:00:00;91,82
2025-08-13 02:00:00;88,99
2025-08-13 03:00:00;86,27
2025-08-13 04:00:00;87,49
2025-08-13 05:00:00;96,04
2025-08-13 06:00:00;108,31
2025-08-13 07:00:00;108,97
2025-08-13 08:00:00;106,07
2025-08-13 09:00:00;94,9
2025-08-13 10:00:00;82,78
2025-08-13 11:00:00;57,29
2025-08-13 12:00:00;32,12
2025-08-13 13:00:00;21,34
2025-08-13 14:00:00;31,57
2025-08-13 15:00:00;58,78
2025-08-13 16:00:00;84,76
2025-08-13 17:00:00;99,13
2025-08-13 18:00:00;117,48
2025-08-13 19:00:00;183,06
2025-08-13 20:00:00;209,49
2025-08-13 21:00:00;151,63
2025-08-13 22:00:00;125,12
2025-08-13 23:00:00;107,3
2025-08-14 00:00:00;98,52
2025-08-14 01:00:00;93,6
2025-08-14 02:00:00;90,75
2025-08-14 03:00:00;89,32
2025-08-14 04:00:00;89,5
2025-08-14 05:00:00;96,71
2025-08-14 06:00:00;112,09
2025-08-14 07:00:00;112,6
2025-08-14 08:00:00;99,78
2025-08-14 09:00:00;90,76
2025-08-14 10:00:00;82,86
2025-08-14 11:00:00;69,5
2025-08-14 12:00:00;56,39
2025-08-14 13:00:00;45,01
2025-08-14 14:00:00;56,96
2025-08-14 15:00:00;75,17
2025-08-14 16:00:00;86,36
2025-08-14 17:00:00;101,67
2025-08-14 18:00:00;119,6
2025-08-14 19:00:00;229,19
2025-08-14 20:00:00;283,15
2025-08-14 21:00:00;162,53
2025-08-14 22:00:00;124
2025-08-14 23:00:00;108,14
2025-08-15 00:00:00;101,87
2025-08-15 01:00:00;96,6
2025-08-15 02:00:00;91,74
2025-08-15 03:00:00;90,04
2025-08-15 04:00:00;93,19
2025-08-15 05:00:00;97,41
2025-08-15 06:00:00;104,39
2025-08-15 07:00:00;103,62
2025-08-15 08:00:00;95,66
2025-08-15 09:00:00;80,2
2025-08-15 10:00:00;46,92
2025-08-15 11:00:00;5,5
2025-08-15 12:00:00;1,76
2025-08-15 13:00:00;1
2025-08-15 14:00:00;1,19
2025-08-15 15:00:00;5,86
2025-08-15 16:00:00;34,19
2025-08-15 17:00:00;79,05
2025-08-15 18:00:00;100,7
2025-08-15 19:00:00;111,44
2025-08-15 20:00:00;123,27
2025-08-15 21:00:00;114,15
2025-08-15 22:00:00;105,29
2025-08-15 23:00:00;97,24
2025-08-16 00:00:00;95,51
2025-08-16 01:00:00;90,29
2025-08-16 02:00:00;88,76
2025-08-16 03:00:00;84,57
2025-08-16 04:00:00;83,88
2025-08-16 05:00:00;86,55
2025-08-16 06:00:00;88,36
2025-08-16 07:00:00;86,61
2025-08-16 08:00:00;83,76
2025-08-16 09:00:00;66,35
2025-08-16 10:00:00;24,05
2025-08-16 11:00:00;6,78
2025-08-16 12:00:00;1,35
2025-08-16 13:00:00;0,02
2025-08-16 14:00:00;0
2025-08-16 15:00:00;-0,9
2025-08-16 16:00:00;0,71
2025-08-16 17:00:00;20,73
2025-08-16 18:00:00;69,9
2025-08-16 19:00:00;96,81
2025-08-16 20:00:00;101,88
2025-08-16 21:00:00;100,48
2025-08-16 22:00:00;96,05
2025-08-16 23:00:00;90,28
2025-08-17 00:00:00;89,72
2025-08-17 01:00:00;85,3
2025-08-17 02:00:00;85,7
2025-08-17 03:00:00;85,33
2025-08-17 04:00:00;85,34
2025-08-17 05:00:00;87,19
2025-08-17 06:00:00;86,57
2025-08-17 07:00:00;79,13
2025-08-17 08:00:00;73,48
2025-08-17 09:00:00;30,03
2025-08-17 10:00:00;5,36
2025-08-17 11:00:00;-0,4
2025-08-17 12:00:00;-1,1
2025-08-17 13:00:00;-5,65
2025-08-17 14:00:00;-4,71
2025-08-17 15:00:00;0,24
2025-08-17 16:00:00;10,68
2025-08-17 17:00:00;70,47
2025-08-17 18:00:00;99,69
2025-08-17 19:00:00;114,3
2025-08-17 20:00:00;115,26
2025-08-17 21:00:00;113,72
2025-08-17 22:00:00;106,89
2025-08-17 23:00:00;102,04
2025-08-18 00:00:00;93,98
2025-08-18 01:00:00;89,41
2025-08-18 02:00:00;86,21
2025-08-18 03:00:00;86,12
2025-08-18 04:00:00;89,15
2025-08-18 05:00:00;101,03
2025-08-18 06:00:00;123,41
2025-08-18 07:00:00;129,71
2025-08-18 08:00:00;109,88
2025-08-18 09:00:00;90,07
2025-08-18 10:00:00;71,86
2025-08-18 11:00:00;54,96
2025-08-18 12:00:00;25,51
2025-08-18 13:00:00;17,74
2025-08-18 14:00:00;19,82
2025-08-18 15:00:00;50,95
2025-08-18 16:00:00;69,92
2025-08-18 17:00:00;91,87
2025-08-18 18:00:00;111,11
2025-08-18 19:00:00;183,35
2025-08-18 20:00:00;218,04
2025-08-18 21:00:00;140,5
2025-08-18 22:00:00;113,12
2025-08-18 23:00:00;103,6
2025-08-19 00:00:00;100,22
2025-08-19 01:00:00;94,73
2025-08-19 02:00:00;90,42
2025-08-19 03:00:00;88,08
2025-08-19 04:00:00;91,54
2025-08-19 05:00:00;101,5
2025-08-19 06:00:00;115,52
2025-08-19 07:00:00;115,16
2025-08-19 08:00:00;100,95
2025-08-19 09:00:00;90,41
2025-08-19 10:00:00;69,85
2025-08-19 11:00:00;43,55
2025-08-19 12:00:00;16,17
2025-08-19 13:00:00;6,86
2025-08-19 14:00:00;10,48
2025-08-19 15:00:00;26,49
2025-08-19 16:00:00;62,56
2025-08-19 17:00:00;91,7
2025-08-19 18:00:00;104,8
2025-08-19 19:00:00;128,64
2025-08-19 20:00:00;138,38
2025-08-19 21:00:00;114,58
2025-08-19 22:00:00;102,93
2025-08-19 23:00:00;94,64
2025-08-20 00:00:00;97,27
2025-08-20 01:00:00;91,18
2025-08-20 02:00:00;86,73
2025-08-20 03:00:00;84,82
2025-08-20 04:00:00;87,74
2025-08-20 05:00:00;97,88
2025-08-20 06:00:00;107,57
2025-08-20 07:00:00;108,69
2025-08-20 08:00:00;99,53
2025-08-20 09:00:00;90,46
2025-08-20 10:00:00;79,82
2025-08-20 11:00:00;66,86
2025-08-20 12:00:00;49,94
2025-08-20 13:00:00;38,34
2025-08-20 14:00:00;47,76
2025-08-20 15:00:00;70,43
2025-08-20 16:00:00;85,36
2025-08-20 17:00:00;101,11
2025-08-20 18:00:00;109,79
2025-08-20 19:00:00;127,8
2025-08-20 20:00:00;126,08
2025-08-20 21:00:00;112,75
2025-08-20 22:00:00;102,79
2025-08-20 23:00:00;97,34
2025-08-21 00:00:00;95,93
2025-08-21 01:00:00;91,02
2025-08-21 02:00:00;89,04
2025-08-21 03:00:00;90,6
2025-08-21 04:00:00;93,24
2025-08-21 05:00:00;104,59
2025-08-21 06:00:00;114,48
2025-08-21 07:00:00;117,12
2025-08-21 08:00:00;108,29
2025-08-21 09:00:00;97,75
2025-08-21 10:00:00;87,87
2025-08-21 11:00:00;77,26
2025-08-21 12:00:00;67,7
2025-08-21 13:00:00;60,03
2025-08-21 14:00:00;54,64
2025-08-21 15:00:00;65,89
2025-08-21 16:00:00;73,6
2025-08-21 17:00:00;88,92
2025-08-21 18:00:00;100,17
2025-08-21 19:00:00;106,01
2025-08-21 20:00:00;111,16
2025-08-21 21:00:00;107,56
2025-08-21 22:00:00;101,29
2025-08-21 23:00:00;91,48
2025-08-22 00:00:00;89,87
2025-08-22 01:00:00;84,54
2025-08-22 02:00:00;81,24
2025-08-22 03:00:00;80,09
2025-08-22 04:00:00;81,16
2025-08-22 05:00:00;90,24
2025-08-22 06:00:00;104,22
2025-08-22 07:00:00;107,72
2025-08-22 08:00:00;102,07
2025-08-22 09:00:00;88,96
2025-08-22 10:00:00;68,83
2025-08-22 11:00:00;38,3
2025-08-22 12:00:00;19,12
2025-08-22 13:00:00;7,96
2025-08-22 14:00:00;1,93
2025-08-22 15:00:00;6,66
2025-08-22 16:00:00;36,84
2025-08-22 17:00:00;72,31
2025-08-22 18:00:00;95,82
2025-08-22 19:00:00;107,76
2025-08-22 20:00:00;115,11
2025-08-22 21:00:00;109,58
2025-08-22 22:00:00;102,89
2025-08-22 23:00:00;95,57
2025-08-23 00:00:00;95,87
2025-08-23 01:00:00;89,66
2025-08-23 02:00:00;87,38
2025-08-23 03:00:00;83,96
2025-08-23 04:00:00;83,68
2025-08-23 05:00:00;83,7
2025-08-23 06:00:00;86,17
2025-08-23 07:00:00;86,41
2025-08-23 08:00:00;80,47
2025-08-23 09:00:00;59,9
2025-08-23 10:00:00;15,4
2025-08-23 11:00:00;3,06
2025-08-23 12:00:00;1,15
2025-08-23 13:00:00;0,42
2025-08-23 14:00:00;0,08
2025-08-23 15:00:00;2,22
2025-08-23 16:00:00;9,86
2025-08-23 17:00:00;66,82
2025-08-23 18:00:00;99,22
2025-08-23 19:00:00;111,1
2025-08-23 20:00:00;120,58
2025-08-23 21:00:00;116,83
2025-08-23 22:00:00;109,14
2025-08-23 23:00:00;104,39
2025-08-24 00:00:00;100,25
2025-08-24 01:00:00;94,56
2025-08-24 02:00:00;93,95
2025-08-24 03:00:00;93,06
2025-08-24 04:00:00;90,44
2025-08-24 05:00:00;92
2025-08-24 06:00:00;91,22
2025-08-24 07:00:00;84,37
2025-08-24 08:00:00;68,63
2025-08-24 09:00:00;9,98
2025-08-24 10:00:00;0,38
2025-08-24 11:00:00;-1,94
2025-08-24 12:00:00;-3,69
2025-08-24 13:00:00;-10,47
2025-08-24 14:00:00;-8,89
2025-08-24 15:00:00;-1,16
2025-08-24 16:00:00;1,43
2025-08-24 17:00:00;54,1
2025-08-24 18:00:00;96,68
2025-08-24 19:00:00;109,09
2025-08-24 20:00:00;119,11
2025-08-24 21:00:00;115,71
2025-08-24 22:00:00;107,56
2025-08-24 23:00:00;101,24
2025-08-25 00:00:00;95,09
2025-08-25 01:00:00;88,32
2025-08-25 02:00:00;85,69
2025-08-25 03:00:00;84,3
2025-08-25 04:00:00;86,84
2025-08-25 05:00:00;100,39
2025-08-25 06:00:00;116,47
2025-08-25 07:00:00;124,32
2025-08-25 08:00:00;111,22
2025-08-25 09:00:00;92,63
2025-08-25 10:00:00;68,62
2025-08-25 11:00:00;37,4
2025-08-25 12:00:00;8,97
2025-08-25 13:00:00;5,67
2025-08-25 14:00:00;5,74
2025-08-25 15:00:00;24,85
2025-08-25 16:00:00;59,56
2025-08-25 17:00:00;87,73
2025-08-25 18:00:00;111,55
2025-08-25 19:00:00;154,07
2025-08-25 20:00:00;208,92
2025-08-25 21:00:00;138,5
2025-08-25 22:00:00;116,24
2025-08-25 23:00:00;105,96
2025-08-26 00:00:00;104,32
2025-08-26 01:00:00;99,43
2025-08-26 02:00:00;95,73
2025-08-26 03:00:00;94,33
2025-08-26 04:00:00;95,62
2025-08-26 05:00:00;106,13
2025-08-26 06:00:00;123,3
2025-08-26 07:00:00;124,85
2025-08-26 08:00:00;107,31
2025-08-26 09:00:00;91,95
2025-08-26 10:00:00;77,83
2025-08-26 11:00:00;58,92
2025-08-26 12:00:00;40
2025-08-26 13:00:00;28,14
2025-08-26 14:00:00;40,47
2025-08-26 15:00:00;70,64
2025-08-26 16:00:00;86,21
2025-08-26 17:00:00;103,94
2025-08-26 18:00:00;125,84
2025-08-26 19:00:00;182,5
2025-08-26 20:00:00;173,82
2025-08-26 21:00:00;124,66
2025-08-26 22:00:00;109,82
2025-08-26 23:00:00;96,79
2025-08-27 00:00:00;96,4
2025-08-27 01:00:00;90,44
2025-08-27 02:00:00;86,84
2025-08-27 03:00:00;86,51
2025-08-27 04:00:00;88,48
2025-08-27 05:00:00;96,44
2025-08-27 06:00:00;108,06
2025-08-27 07:00:00;116,64
2025-08-27 08:00:00;110,44
2025-08-27 09:00:00;100,16
2025-08-27 10:00:00;86,65
2025-08-27 11:00:00;79
2025-08-27 12:00:00;59,71
2025-08-27 13:00:00;49,24
2025-08-27 14:00:00;51,92
2025-08-27 15:00:00;75,61
2025-08-27 16:00:00;85,74
2025-08-27 17:00:00;104,56
2025-08-27 18:00:00;133,94
2025-08-27 19:00:00;220,64
2025-08-27 20:00:00;237,7
2025-08-27 21:00:00;135,49
2025-08-27 22:00:00;112,73
2025-08-27 23:00:00;102,07
2025-08-28 00:00:00;99,81
2025-08-28 01:00:00;94,62
2025-08-28 02:00:00;90,75
2025-08-28 03:00:00;89,9
2025-08-28 04:00:00;92,06
2025-08-28 05:00:00;101,14
2025-08-28 06:00:00;121,75
2025-08-28 07:00:00;141,33
2025-08-28 08:00:00;143,65
2025-08-28 09:00:00;122,31
2025-08-28 10:00:00;114,12
2025-08-28 11:00:00;111,1
2025-08-28 12:00:00;108,55
2025-08-28 13:00:00;106,13
2025-08-28 14:00:00;103,64
2025-08-28 15:00:00;105,06
2025-08-28 16:00:00;106,02
2025-08-28 17:00:00;125,68
2025-08-28 18:00:00;155,84
2025-08-28 19:00:00;203,6
2025-08-28 20:00:00;170,78
2025-08-28 21:00:00;128,11
2025-08-28 22:00:00;109,91
2025-08-28 23:00:00;96,06
2025-08-29 00:00:00;89,26
2025-08-29 01:00:00;86,54
2025-08-29 02:00:00;85,8
2025-08-29 03:00:00;84,5
2025-08-29 04:00:00;85,5
2025-08-29 05:00:00;93,19
2025-08-29 06:00:00;115,39
2025-08-29 07:00:00;123,9
2025-08-29 08:00:00;119,6
2025-08-29 09:00:00;107,06
2025-08-29 10:00:00;87,91
2025-08-29 11:00:00;78,53
2025-08-29 12:00:00;67,84
2025-08-29 13:00:00;56,41
2025-08-29 14:00:00;59,04
2025-08-29 15:00:00;71,08
2025-08-29 16:00:00;84,59
2025-08-29 17:00:00;103,02
2025-08-29 18:00:00;119,85
2025-08-29 19:00:00;147,34
2025-08-29 20:00:00;125,65
2025-08-29 21:00:00;112,39
2025-08-29 22:00:00;98,03
2025-08-29 23:00:00;89,37
2025-08-30 00:00:00;91,47
2025-08-30 01:00:00;87,08
2025-08-30 02:00:00;84,45
2025-08-30 03:00:00;83,14
2025-08-30 04:00:00;84,87
2025-08-30 05:00:00;89,4
2025-08-30 06:00:00;95,41
2025-08-30 07:00:00;96,98
2025-08-30 08:00:00;90,9
2025-08-30 09:00:00;77,27
2025-08-30 10:00:00;39,88
2025-08-30 11:00:00;7,02
2025-08-30 12:00:00;1,55
2025-08-30 13:00:00;-0,67
2025-08-30 14:00:00;0,46
2025-08-30 15:00:00;-0,19
2025-08-30 16:00:00;13,59
2025-08-30 17:00:00;79,09
2025-08-30 18:00:00;101,47
2025-08-30 19:00:00;123,58
2025-08-30 20:00:00;129,76
2025-08-30 21:00:00;116,84
2025-08-30 22:00:00;105,2
2025-08-30 23:00:00;92,41
2025-08-31 00:00:00;87,96
2025-08-31 01:00:00;79,96
2025-08-31 02:00:00;73,38
2025-08-31 03:00:00;68,92
2025-08-31 04:00:00;63,21
2025-08-31 05:00:00;64
2025-08-31 06:00:00;63,46
2025-08-31 07:00:00;59,03
2025-08-31 08:00:00;33,44
2025-08-31 09:00:00;9,6
2025-08-31 10:00:00;1,24
2025-08-31 11:00:00;-0,71
2025-08-31 12:00:00;-1,95
2025-08-31 13:00:00;-3,77
2025-08-31 14:00:00;-2,55
2025-08-31 15:00:00;0,24
2025-08-31 16:00:00;22,04
2025-08-31 17:00:00;83,25
2025-08-31 18:00:00;114,69
2025-08-31 19:00:00;134,18
2025-08-31 20:00:00;139,35
2025-08-31 21:00:00;115,69
2025-08-31 22:00:00;103,77
2025-08-31 23:00:00;94,42
2025-09-01 00:00:00;87,91
2025-09-01 01:00:00;84,62
2025-09-01 02:00:00;83,27
2025-09-01 03:00:00;81,74
2025-09-01 04:00:00;82,74
2025-09-01 05:00:00;93,18
2025-09-01 06:00:00;115,54
2025-09-01 07:00:00;121,34
2025-09-01 08:00:00;112,62
2025-09-01 09:00:00;98,14
2025-09-01 10:00:00;85,8
2025-09-01 11:00:00;73,41
2025-09-01 12:00:00;50,18
2025-09-01 13:00:00;38,06
2025-09-01 14:00:00;49,39
2025-09-01 15:00:00;65,83
2025-09-01 16:00:00;83,18
2025-09-01 17:00:00;105,62
2025-09-01 18:00:00;134,87
2025-09-01 19:00:00;206,66
2025-09-01 20:00:00;178,17
2025-09-01 21:00:00;118,3
2025-09-01 22:00:00;105,57
2025-09-01 23:00:00;95,38
2025-09-02 00:00:00;95,25
2025-09-02 01:00:00;91,5
2025-09-02 02:00:00;90,98
2025-09-02 03:00:00;89,7
2025-09-02 04:00:00;93,66
2025-09-02 05:00:00;103,6
2025-09-02 06:00:00;129,16
2025-09-02 07:00:00;152,7
2025-09-02 08:00:00;141,28
2025-09-02 09:00:00;115,87
2025-09-02 10:00:00;101,79
2025-09-02 11:00:00;89,18
2025-09-02 12:00:00;82,44
2025-09-02 13:00:00;78,93
2025-09-02 14:00:00;77,81
2025-09-02 15:00:00;81,84
2025-09-02 16:00:00;93,26
2025-09-02 17:00:00;108,77
2025-09-02 18:00:00;159,91
2025-09-02 19:00:00;278,88
2025-09-02 20:00:00;238,22
2025-09-02 21:00:00;137,36
2025-09-02 22:00:00;110,78
2025-09-02 23:00:00;96,17
2025-09-03 00:00:00;97,18
2025-09-03 01:00:00;90,06
2025-09-03 02:00:00;85
2025-09-03 03:00:00;81,77
2025-09-03 04:00:00;81,34
2025-09-03 05:00:00;86,77
2025-09-03 06:00:00;102,44
2025-09-03 07:00:00;109,97
2025-09-03 08:00:00;103,5
2025-09-03 09:00:00;84,81
2025-09-03 10:00:00;36,47
2025-09-03 11:00:00;3,47
2025-09-03 12:00:00;-0,25
2025-09-03 13:00:00;-1,02
2025-09-03 14:00:00;-1,12
2025-09-03 15:00:00;3,58
2025-09-03 16:00:00;15,22
2025-09-03 17:00:00;65,91
2025-09-03 18:00:00;98,27
2025-09-03 19:00:00;110,7
2025-09-03 20:00:00;108,53
2025-09-03 21:00:00;92,61
2025-09-03 22:00:00;81,29
2025-09-03 23:00:00;61,53
2025-09-04 00:00:00;33,54
2025-09-04 01:00:00;28,35
2025-09-04 02:00:00;29,52
2025-09-04 03:00:00;37,77
2025-09-04 04:00:00;57,73
2025-09-04 05:00:00;81,69
2025-09-04 06:00:00;107,62
2025-09-04 07:00:00;120,84
2025-09-04 08:00:00;103,8
2025-09-04 09:00:00;81,23
2025-09-04 10:00:00;51,21
2025-09-04 11:00:00;20,74
2025-09-04 12:00:00;11,26
2025-09-04 13:00:00;10,35
2025-09-04 14:00:00;35,52
2025-09-04 15:00:00;73,15
2025-09-04 16:00:00;93,61
2025-09-04 17:00:00;111,16
2025-09-04 18:00:00;184,71
2025-09-04 19:00:00;310,81
2025-09-04 20:00:00;224,28
2025-09-04 21:00:00;131,95
2025-09-04 22:00:00;113,36
2025-09-04 23:00:00;103,55
2025-09-05 00:00:00;97,67
2025-09-05 01:00:00;92,11
2025-09-05 02:00:00;88,12
2025-09-05 03:00:00;87,09
2025-09-05 04:00:00;89,02
2025-09-05 05:00:00;98,52
2025-09-05 06:00:00;118,64
2025-09-05 07:00:00;132,95
2025-09-05 08:00:00;126,15
2025-09-05 09:00:00;102,91
2025-09-05 10:00:00;91,63
2025-09-05 11:00:00;87,52
2025-09-05 12:00:00;75,38
2025-09-05 13:00:00;68,14
2025-09-05 14:00:00;69,29
2025-09-05 15:00:00;75,21
2025-09-05 16:00:00;85,93
2025-09-05 17:00:00;96,05
2025-09-05 18:00:00;121,08
2025-09-05 19:00:00;184,34
2025-09-05 20:00:00;163,64
2025-09-05 21:00:00;121,1
2025-09-05 22:00:00;107,95
2025-09-05 23:00:00;102,53
2025-09-06 00:00:00;102,29
2025-09-06 01:00:00;99,94
2025-09-06 02:00:00;99,74
2025-09-06 03:00:00;97,69
2025-09-06 04:00:00;97,56
2025-09-06 05:00:00;99,64
2025-09-06 06:00:00;105,54
2025-09-06 07:00:00;105,25
2025-09-06 08:00:00;97,09
2025-09-06 09:00:00;80,6
2025-09-06 10:00:00;26,17
2025-09-06 11:00:00;0,99
2025-09-06 12:00:00;-0,62
2025-09-06 13:00:00;-1,14
2025-09-06 14:00:00;-1,21
2025-09-06 15:00:00;2,1
2025-09-06 16:00:00;44,97
2025-09-06 17:00:00;90,64
2025-09-06 18:00:00;117,89
2025-09-06 19:00:00;158,93
2025-09-06 20:00:00;142,63
2025-09-06 21:00:00;114,04
2025-09-06 22:00:00;98,02
2025-09-06 23:00:00;85,24
2025-09-07 00:00:00;91,86
2025-09-07 01:00:00;85,19
2025-09-07 02:00:00;82,67
2025-09-07 03:00:00;82,16
2025-09-07 04:00:00;81,81
2025-09-07 05:00:00;81,85
2025-09-07 06:00:00;81,25
2025-09-07 07:00:00;63,5
2025-09-07 08:00:00;14,87
2025-09-07 09:00:00;1,86
2025-09-07 10:00:00;-2
2025-09-07 11:00:00;-13,02
2025-09-07 12:00:00;-30,7
2025-09-07 13:00:00;-46,75
2025-09-07 14:00:00;-40,42
2025-09-07 15:00:00;-13,97
2025-09-07 16:00:00;-0,79
2025-09-07 17:00:00;33,33
2025-09-07 18:00:00;94,24
2025-09-07 19:00:00;110,31
2025-09-07 20:00:00;102,94
2025-09-07 21:00:00;94,05
2025-09-07 22:00:00;86,89
2025-09-07 23:00:00;85,13
2025-09-08 00:00:00;73,05
2025-09-08 01:00:00;76,1
2025-09-08 02:00:00;77,18
2025-09-08 03:00:00;78,3
2025-09-08 04:00:00;81,94
2025-09-08 05:00:00;92,9
2025-09-08 06:00:00;113,64
2025-09-08 07:00:00;139,43
2025-09-08 08:00:00;122,22
2025-09-08 09:00:00;102,36
2025-09-08 10:00:00;88,11
2025-09-08 11:00:00;77,17
2025-09-08 12:00:00;67,03
2025-09-08 13:00:00;64,96
2025-09-08 14:00:00;73,2
2025-09-08 15:00:00;82,3
2025-09-08 16:00:00;98,56
2025-09-08 17:00:00;118,66
2025-09-08 18:00:00;189,18
2025-09-08 19:00:00;359,44
2025-09-08 20:00:00;276,32
2025-09-08 21:00:00;148,48
2025-09-08 22:00:00;118,43
2025-09-08 23:00:00;107,83
2025-09-09 00:00:00;111,62
2025-09-09 01:00:00;108,97
2025-09-09 02:00:00;105,97
2025-09-09 03:00:00;105,65
2025-09-09 04:00:00;108,17
2025-09-09 05:00:00;116,38
2025-09-09 06:00:00;171,23
2025-09-09 07:00:00;257,88
2025-09-09 08:00:00;192,52
2025-09-09 09:00:00;128,82
2025-09-09 10:00:00;110,55
2025-09-09 11:00:00;102,76
2025-09-09 12:00:00;92,21
2025-09-09 13:00:00;90,26
2025-09-09 14:00:00;90,08
2025-09-09 15:00:00;95,77
2025-09-09 16:00:00;104,82
2025-09-09 17:00:00;127,8
2025-09-09 18:00:00;196,34
2025-09-09 19:00:00;371,05
2025-09-09 20:00:00;230,54
2025-09-09 21:00:00;136,3
2025-09-09 22:00:00;115,77
2025-09-09 23:00:00;105,94
2025-09-10 00:00:00;105,76
2025-09-10 01:00:00;104,5
2025-09-10 02:00:00;102,02
2025-09-10 03:00:00;102,4
2025-09-10 04:00:00;103,68
2025-09-10 05:00:00;113,79
2025-09-10 06:00:00;149,72
2025-09-10 07:00:00;243,15
2025-09-10 08:00:00;183,8
2025-09-10 09:00:00;126,9
2025-09-10 10:00:00;107,42
2025-09-10 11:00:00;100,24
2025-09-10 12:00:00;88,37
2025-09-10 13:00:00;85,44
2025-09-10 14:00:00;87,57
2025-09-10 15:00:00;92,66
2025-09-10 16:00:00;103,78
2025-09-10 17:00:00;130,9
2025-09-10 18:00:00;184,31
2025-09-10 19:00:00;311,29
2025-09-10 20:00:00;186,78
2025-09-10 21:00:00;123,68
2025-09-10 22:00:00;103,29
2025-09-10 23:00:00;89,99
2025-09-11 00:00:00;93,51
2025-09-11 01:00:00;86,33
2025-09-11 02:00:00;79,42
2025-09-11 03:00:00;74,88
2025-09-11 04:00:00;74,55
2025-09-11 05:00:00;83,27
2025-09-11 06:00:00;109,6
2025-09-11 07:00:00;124,07
2025-09-11 08:00:00;117,49
2025-09-11 09:00:00;97,86
2025-09-11 10:00:00;73,09
2025-09-11 11:00:00;15,6
2025-09-11 12:00:00;2,45
2025-09-11 13:00:00;1,11
2025-09-11 14:00:00;-0,76
2025-09-11 15:00:00;2,8
2025-09-11 16:00:00;19,99
2025-09-11 17:00:00;80,26
2025-09-11 18:00:00;113,2
2025-09-11 19:00:00;134,06
2025-09-11 20:00:00;127,09
2025-09-11 21:00:00;109,82
2025-09-11 22:00:00;87,82
2025-09-11 23:00:00;67
2025-09-12 00:00:00;40,71
2025-09-12 01:00:00;32,82
2025-09-12 02:00:00;22,04
2025-09-12 03:00:00;20,65
2025-09-12 04:00:00;32,98
2025-09-12 05:00:00;56,8
2025-09-12 06:00:00;95,24
2025-09-12 07:00:00;109,49
2025-09-12 08:00:00;101,32
2025-09-12 09:00:00;60,39
2025-09-12 10:00:00;15,16
2025-09-12 11:00:00;-1,34
2025-09-12 12:00:00;-3,59
2025-09-12 13:00:00;-6,8
2025-09-12 14:00:00;-5,75
2025-09-12 15:00:00;-1,54
2025-09-12 16:00:00;3,5
2025-09-12 17:00:00;61,97
2025-09-12 18:00:00;109,26
2025-09-12 19:00:00;146,74
2025-09-12 20:00:00;145,44
2025-09-12 21:00:00;115,66
2025-09-12 22:00:00;103,56
2025-09-12 23:00:00;94,44
2025-09-13 00:00:00;84,25
2025-09-13 01:00:00;73,27
2025-09-13 02:00:00;69,8
2025-09-13 03:00:00;70,64
2025-09-13 04:00:00;70,49
2025-09-13 05:00:00;73,6
2025-09-13 06:00:00;79,7
2025-09-13 07:00:00;80,85
2025-09-13 08:00:00;77,69
2025-09-13 09:00:00;55,86
2025-09-13 10:00:00;16,95
2025-09-13 11:00:00;4,35
2025-09-13 12:00:00;-1,14
2025-09-13 13:00:00;-1,18
2025-09-13 14:00:00;-1,19
2025-09-13 15:00:00;-0,76
2025-09-13 16:00:00;6,33
2025-09-13 17:00:00;72,18
2025-09-13 18:00:00;106,66
2025-09-13 19:00:00;123,36
2025-09-13 20:00:00;123,45
2025-09-13 21:00:00;108,1
2025-09-13 22:00:00;98,08
2025-09-13 23:00:00;89,21
2025-09-14 00:00:00;86,76
2025-09-14 01:00:00;79,25
2025-09-14 02:00:00;80,46
2025-09-14 03:00:00;82,81
2025-09-14 04:00:00;87,48
2025-09-14 05:00:00;91,86
2025-09-14 06:00:00;94,24
2025-09-14 07:00:00;100,26
2025-09-14 08:00:00;98,04
2025-09-14 09:00:00;76,93
2025-09-14 10:00:00;44,3
2025-09-14 11:00:00;11,41
2025-09-14 12:00:00;3,25
2025-09-14 13:00:00;-0,03
2025-09-14 14:00:00;-0,03
2025-09-14 15:00:00;0,15
2025-09-14 16:00:00;18,99
2025-09-14 17:00:00;89,77
2025-09-14 18:00:00;121,06
2025-09-14 19:00:00;142,9
2025-09-14 20:00:00;123,36
2025-09-14 21:00:00;91,66
2025-09-14 22:00:00;75,46
2025-09-14 23:00:00;19,34
2025-09-15 00:00:00;14,02
2025-09-15 01:00:00;3,65
2025-09-15 02:00:00;2,42
2025-09-15 03:00:00;0,64
2025-09-15 04:00:00;0,55
2025-09-15 05:00:00;1,34
2025-09-15 06:00:00;14,96
2025-09-15 07:00:00;55,76
2025-09-15 08:00:00;48,86
2025-09-15 09:00:00;11,91
2025-09-15 10:00:00;-1,13
2025-09-15 11:00:00;-3,41
2025-09-15 12:00:00;-15,22
2025-09-15 13:00:00;-22,68
2025-09-15 14:00:00;-20,08
2025-09-15 15:00:00;-13,76
2025-09-15 16:00:00;-4,17
2025-09-15 17:00:00;2,12
2025-09-15 18:00:00;43,54
2025-09-15 19:00:00;73,62
2025-09-15 20:00:00;72,27
2025-09-15 21:00:00;34,89
2025-09-15 22:00:00;26,5
2025-09-15 23:00:00;13,21
2025-09-16 00:00:00;-2,6
2025-09-16 01:00:00;-2,7
2025-09-16 02:00:00;-2,94
2025-09-16 03:00:00;-3,25
2025-09-16 04:00:00;-3,39
2025-09-16 05:00:00;-2,3
2025-09-16 06:00:00;2,12
2025-09-16 07:00:00;17,25
2025-09-16 08:00:00;5,35
2025-09-16 09:00:00;-1
2025-09-16 10:00:00;-5,36
2025-09-16 11:00:00;-8,89
2025-09-16 12:00:00;-15,81
2025-09-16 13:00:00;-16,45
2025-09-16 14:00:00;-9,66
2025-09-16 15:00:00;-9,2
2025-09-16 16:00:00;-2,97
2025-09-16 17:00:00;2,77
2025-09-16 18:00:00;70,62
2025-09-16 19:00:00;99,24
2025-09-16 20:00:00;104,25
2025-09-16 21:00:00;87,18
2025-09-16 22:00:00;73,37
2025-09-16 23:00:00;59,69
2025-09-17 00:00:00;62,93
2025-09-17 01:00:00;56,95
2025-09-17 02:00:00;49,63
2025-09-17 03:00:00;49,26
2025-09-17 04:00:00;58,43
2025-09-17 05:00:00;75,78
2025-09-17 06:00:00;98,36
2025-09-17 07:00:00;117,27
2025-09-17 08:00:00;112,88
2025-09-17 09:00:00;97,89
2025-09-17 10:00:00;71,84
2025-09-17 11:00:00;47,54
2025-09-17 12:00:00;19,28
2025-09-17 13:00:00;13,07
2025-09-17 14:00:00;10,42
2025-09-17 15:00:00;33,97
2025-09-17 16:00:00;73,01
2025-09-17 17:00:00;105,34
2025-09-17 18:00:00;118,82
2025-09-17 19:00:00;137
2025-09-17 20:00:00;122,75
2025-09-17 21:00:00;95,41
2025-09-17 22:00:00;84,35
2025-09-17 23:00:00;70,74
2025-09-18 00:00:00;56,84
2025-09-18 01:00:00;50,44
2025-09-18 02:00:00;41,29
2025-09-18 03:00:00;37,55
2025-09-18 04:00:00;48,6
2025-09-18 05:00:00;72,04
2025-09-18 06:00:00;105,37
2025-09-18 07:00:00;119,3
2025-09-18 08:00:00;111,2
2025-09-18 09:00:00;93,21
2025-09-18 10:00:00;66,83
2025-09-18 11:00:00;12,54
2025-09-18 12:00:00;5,59
2025-09-18 13:00:00;0,9
2025-09-18 14:00:00;0,75
2025-09-18 15:00:00;3,57
2025-09-18 16:00:00;24,74
2025-09-18 17:00:00;91,07
2025-09-18 18:00:00;114,39
2025-09-18 19:00:00;137,78
2025-09-18 20:00:00;124,58
2025-09-18 21:00:00;107,08
2025-09-18 22:00:00;96,98
2025-09-18 23:00:00;88,08
2025-09-19 00:00:00;74,33
2025-09-19 01:00:00;70,5
2025-09-19 02:00:00;71,03
2025-09-19 03:00:00;72,28
2025-09-19 04:00:00;76,02
2025-09-19 05:00:00;90,4
2025-09-19 06:00:00;116,15
2025-09-19 07:00:00;142,62
2025-09-19 08:00:00;116,43
2025-09-19 09:00:00;91,39
2025-09-19 10:00:00;56,82
2025-09-19 11:00:00;10,47
2025-09-19 12:00:00;0,95
2025-09-19 13:00:00;-0,44
2025-09-19 14:00:00;-0,44
2025-09-19 15:00:00;9,92
2025-09-19 16:00:00;71,85
2025-09-19 17:00:00;114,92
2025-09-19 18:00:00;224,1
2025-09-19 19:00:00;360,22
2025-09-19 20:00:00;160,69
2025-09-19 21:00:00;111,32
2025-09-19 22:00:00;93,6
2025-09-19 23:00:00;85,69
2025-09-20 00:00:00;85,62
2025-09-20 01:00:00;78,24
2025-09-20 02:00:00;76,24
2025-09-20 03:00:00;75,25
2025-09-20 04:00:00;75,34
2025-09-20 05:00:00;79,09
2025-09-20 06:00:00;87,12
2025-09-20 07:00:00;88,13
2025-09-20 08:00:00;73,44
2025-09-20 09:00:00;34,63
2025-09-20 10:00:00;5,64
2025-09-20 11:00:00;0,86
2025-09-20 12:00:00;-2,76
2025-09-20 13:00:00;-5,66
2025-09-20 14:00:00;-2,74
2025-09-20 15:00:00;0,58
2025-09-20 16:00:00;28,3
2025-09-20 17:00:00;92,79
2025-09-20 18:00:00;122,21
2025-09-20 19:00:00;134,96
2025-09-20 20:00:00;102,89
2025-09-20 21:00:00;86,07
2025-09-20 22:00:00;75,12
2025-09-20 23:00:00;53,36
2025-09-21 00:00:00;28,2
2025-09-21 01:00:00;19,91
2025-09-21 02:00:00;14,96
2025-09-21 03:00:00;9,59
2025-09-21 04:00:00;8,25
2025-09-21 05:00:00;8,34
2025-09-21 06:00:00;10,44
2025-09-21 07:00:00;11,32
2025-09-21 08:00:00;6,49
2025-09-21 09:00:00;5,14
2025-09-21 10:00:00;3,11
2025-09-21 11:00:00;2,26
2025-09-21 12:00:00;1,4
2025-09-21 13:00:00;0,13
2025-09-21 14:00:00;2,45
2025-09-21 15:00:00;10,49
2025-09-21 16:00:00;39,8
2025-09-21 17:00:00;88,94
2025-09-21 18:00:00;112,85
2025-09-21 19:00:00;123,67
2025-09-21 20:00:00;119,27
2025-09-21 21:00:00;106,15
2025-09-21 22:00:00;100,18
2025-09-21 23:00:00;92,76
2025-09-22 00:00:00;86,32
2025-09-22 01:00:00;81,6
2025-09-22 02:00:00;77,22
2025-09-22 03:00:00;75,16
2025-09-22 04:00:00;76,84
2025-09-22 05:00:00;89,7
2025-09-22 06:00:00;119,91
2025-09-22 07:00:00;141,09
2025-09-22 08:00:00;139,26
2025-09-22 09:00:00;124,64
2025-09-22 10:00:00;109,21
2025-09-22 11:00:00;90,75
2025-09-22 12:00:00;81,07
2025-09-22 13:00:00;79,59
2025-09-22 14:00:00;76,31
2025-09-22 15:00:00;85,31
2025-09-22 16:00:00;94,71
2025-09-22 17:00:00;109,51
2025-09-22 18:00:00;133,74
2025-09-22 19:00:00;165,9
2025-09-22 20:00:00;148,21
2025-09-22 21:00:00;121,23
2025-09-22 22:00:00;104,91
2025-09-22 23:00:00;95,97
2025-09-23 00:00:00;90,58
2025-09-23 01:00:00;89,39
2025-09-23 02:00:00;88,72
2025-09-23 03:00:00;89,78
2025-09-23 04:00:00;91,17
2025-09-23 05:00:00;97,52
2025-09-23 06:00:00;125,24
2025-09-23 07:00:00;192,55
2025-09-23 08:00:00;167,8
2025-09-23 09:00:00;125,43
2025-09-23 10:00:00;96,9
2025-09-23 11:00:00;89,75
2025-09-23 12:00:00;79,9
2025-09-23 13:00:00;76,76
2025-09-23 14:00:00;76,93
2025-09-23 15:00:00;84,97
2025-09-23 16:00:00;89,44
2025-09-23 17:00:00;111,71
2025-09-23 18:00:00;138,25
2025-09-23 19:00:00;154,09
2025-09-23 20:00:00;122,7
2025-09-23 21:00:00;101,3
2025-09-23 22:00:00;87,96
2025-09-23 23:00:00;83
2025-09-24 00:00:00;86,2
2025-09-24 01:00:00;83,16
2025-09-24 02:00:00;82,63
2025-09-24 03:00:00;80,14
2025-09-24 04:00:00;81,11
2025-09-24 05:00:00;85,74
2025-09-24 06:00:00;110,87
2025-09-24 07:00:00;124,1
2025-09-24 08:00:00;124,03
2025-09-24 09:00:00;107,7
2025-09-24 10:00:00;88,04
2025-09-24 11:00:00;71
2025-09-24 12:00:00;36,75
2025-09-24 13:00:00;18,67
2025-09-24 14:00:00;22,3
2025-09-24 15:00:00;33,03
2025-09-24 16:00:00;68,53
2025-09-24 17:00:00;87,57
2025-09-24 18:00:00;112,53
2025-09-24 19:00:00;119,05
2025-09-24 20:00:00;110,41
2025-09-24 21:00:00;91,19
2025-09-24 22:00:00;81,86
2025-09-24 23:00:00;68,44
2025-09-25 00:00:00;68,59
2025-09-25 01:00:00;62,6
2025-09-25 02:00:00;60,27
2025-09-25 03:00:00;60,46
2025-09-25 04:00:00;65,26
2025-09-25 05:00:00;76,29
2025-09-25 06:00:00;101,41
2025-09-25 07:00:00;116,93
2025-09-25 08:00:00;118,63
2025-09-25 09:00:00;102,4
2025-09-25 10:00:00;78,02
2025-09-25 11:00:00;61,6
2025-09-25 12:00:00;33,47
2025-09-25 13:00:00;14,59
2025-09-25 14:00:00;18,2
2025-09-25 15:00:00;38,91
2025-09-25 16:00:00;73,63
2025-09-25 17:00:00;90,29
2025-09-25 18:00:00;114,42
2025-09-25 19:00:00;123,14
2025-09-25 20:00:00;118,88
2025-09-25 21:00:00;102,05
2025-09-25 22:00:00;92,14
2025-09-25 23:00:00;80,78
2025-09-26 00:00:00;78,59
2025-09-26 01:00:00;76,08
2025-09-26 02:00:00;73,99
2025-09-26 03:00:00;73,86
2025-09-26 04:00:00;75,57
2025-09-26 05:00:00;82,75
2025-09-26 06:00:00;108,15
2025-09-26 07:00:00;124,36
2025-09-26 08:00:00;125,16
2025-09-26 09:00:00;110,91
2025-09-26 10:00:00;92,46
2025-09-26 11:00:00;85,66
2025-09-26 12:00:00;75,33
2025-09-26 13:00:00;71,17
2025-09-26 14:00:00;71,36
2025-09-26 15:00:00;78,56
2025-09-26 16:00:00;95,67
2025-09-26 17:00:00;109,59
2025-09-26 18:00:00;125,69
2025-09-26 19:00:00;135,3
2025-09-26 20:00:00;120,57
2025-09-26 21:00:00;106,1
2025-09-26 22:00:00;97,64
2025-09-26 23:00:00;90,12
2025-09-27 00:00:00;86,99
2025-09-27 01:00:00;85,98
2025-09-27 02:00:00;83,68
2025-09-27 03:00:00;83,16
2025-09-27 04:00:00;85,1
2025-09-27 05:00:00;87,63
2025-09-27 06:00:00;91,79
2025-09-27 07:00:00;104,38
2025-09-27 08:00:00;105,76
2025-09-27 09:00:00;95,54
2025-09-27 10:00:00;86,1
2025-09-27 11:00:00;72,65
2025-09-27 12:00:00;60,03
2025-09-27 13:00:00;41,39
2025-09-27 14:00:00;53,93
2025-09-27 15:00:00;73,55
2025-09-27 16:00:00;90,54
2025-09-27 17:00:00;109,83
2025-09-27 18:00:00;134,11
2025-09-27 19:00:00;150,25
2025-09-27 20:00:00;126,01
2025-09-27 21:00:00;113,76
2025-09-27 22:00:00;107,78
2025-09-27 23:00:00;99,67
2025-09-28 00:00:00;100
2025-09-28 01:00:00;95,32
2025-09-28 02:00:00;95,16
2025-09-28 03:00:00;93,45
2025-09-28 04:00:00;97,84
2025-09-28 05:00:00;98,49
2025-09-28 06:00:00;100,6
2025-09-28 07:00:00;102,9
2025-09-28 08:00:00;99,99
2025-09-28 09:00:00;91,71
2025-09-28 10:00:00;70,56
2025-09-28 11:00:00;27,2
2025-09-28 12:00:00;12,98
2025-09-28 13:00:00;7,1
2025-09-28 14:00:00;10,03
2025-09-28 15:00:00;43,59
2025-09-28 16:00:00;82,7
2025-09-28 17:00:00;106,73
2025-09-28 18:00:00;133,11
2025-09-28 19:00:00;145,94
2025-09-28 20:00:00;125,87
2025-09-28 21:00:00;112,72
2025-09-28 22:00:00;104,85
2025-09-28 23:00:00;98,36
2025-09-29 00:00:00;90,78
2025-09-29 01:00:00;88,85
2025-09-29 02:00:00;88,39
2025-09-29 03:00:00;88,47
2025-09-29 04:00:00;93,17
2025-09-29 05:00:00;101,36
2025-09-29 06:00:00;136,5
2025-09-29 07:00:00;213,13
2025-09-29 08:00:00;176,64
2025-09-29 09:00:00;125,08
2025-09-29 10:00:00;97,16
2025-09-29 11:00:00;88,59
2025-09-29 12:00:00;80,86
2025-09-29 13:00:00;79,03
2025-09-29 14:00:00;83,43
2025-09-29 15:00:00;89,22
2025-09-29 16:00:00;105,76
2025-09-29 17:00:00;140,8
2025-09-29 18:00:00;276,38
2025-09-29 19:00:00;404,84
2025-09-29 20:00:00;182,03
2025-09-29 21:00:00;126,35
2025-09-29 22:00:00;111,55
2025-09-29 23:00:00;99,33
2025-09-30 00:00:00;99,15
2025-09-30 01:00:00;97,14
2025-09-30 02:00:00;95,56
2025-09-30 03:00:00;93,79
2025-09-30 04:00:00;97,5
2025-09-30 05:00:00;114,07
2025-09-30 06:00:00;137,93
2025-09-30 07:00:00;228,62
2025-09-30 08:00:00;200,99
2025-09-30 09:00:00;142,26
2025-09-30 10:00:00;115,57
2025-09-30 11:00:00;100,03
2025-09-30 12:00:00;91,24
2025-09-30 13:00:00;88,97
2025-09-30 14:00:00;90,14
2025-09-30 15:00:00;98,45
2025-09-30 16:00:00;109,02
2025-09-30 17:00:00;149,63
2025-09-30 18:00:00;288,61
2025-09-30 19:00:00;365,46
2025-09-30 20:00:00;152,59
2025-09-30 21:00:00;121,26
2025-09-30 22:00:00;106,53
2025-09-30 23:00:00;94,7
2025-10-01 00:00:00;97,26
2025-10-01 01:00:00;93,12
2025-10-01 02:00:00;91,75
2025-10-01 03:00:00;93,68
2025-10-01 04:00:00;93,63
2025-10-01 05:00:00;102,46
2025-10-01 06:00:00;136,64
2025-10-01 07:00:00;208,06
2025-10-01 08:00:00;154,92
2025-10-01 09:00:00;120,36
2025-10-01 10:00:00;98,07
2025-10-01 11:00:00;91,28
2025-10-01 12:00:00;67,78
2025-10-01 13:00:00;67,78
2025-10-01 14:00:00;84,19
2025-10-01 15:00:00;92,68
2025-10-01 16:00:00;101,35
2025-10-01 17:00:00;142,52
2025-10-01 18:00:00;284,62
2025-10-01 19:00:00;426,29
2025-10-01 20:00:00;174,05
2025-10-01 21:00:00;125,63
2025-10-01 22:00:00;108,18
2025-10-01 23:00:00;99,37
2025-10-02 00:00:00;90,78
2025-10-02 01:00:00;88,66
2025-10-02 02:00:00;87,59
2025-10-02 03:00:00;89,65
2025-10-02 04:00:00;90,31
2025-10-02 05:00:00;96,51
2025-10-02 06:00:00;129,78
2025-10-02 07:00:00;186,8
2025-10-02 08:00:00;139,64
2025-10-02 09:00:00;104,09
2025-10-02 10:00:00;91,91
2025-10-02 11:00:00;77,93
2025-10-02 12:00:00;63,32
2025-10-02 13:00:00;59,43
2025-10-02 14:00:00;66,45
2025-10-02 15:00:00;78,32
2025-10-02 16:00:00;90,01
2025-10-02 17:00:00;111,43
2025-10-02 18:00:00;169,46
2025-10-02 19:00:00;182,9
2025-10-02 20:00:00;115,96
2025-10-02 21:00:00;94,61
2025-10-02 22:00:00;89,85
2025-10-02 23:00:00;77,81
2025-10-03 00:00:00;82,93
2025-10-03 01:00:00;74,04
2025-10-03 02:00:00;72,14
2025-10-03 03:00:00;72,47
2025-10-03 04:00:00;74,2
2025-10-03 05:00:00;76,54
2025-10-03 06:00:00;91,78
2025-10-03 07:00:00;100,21
2025-10-03 08:00:00;97
2025-10-03 09:00:00;84,8
2025-10-03 10:00:00;54,53
2025-10-03 11:00:00;34,85
2025-10-03 12:00:00;26,28
2025-10-03 13:00:00;17,89
2025-10-03 14:00:00;22,79
2025-10-03 15:00:00;40,8
2025-10-03 16:00:00;61,28
2025-10-03 17:00:00;88,67
2025-10-03 18:00:00;113,27
2025-10-03 19:00:00;107,62
2025-10-03 20:00:00;76,51
2025-10-03 21:00:00;50,27
2025-10-03 22:00:00;32,92
2025-10-03 23:00:00;11,74
2025-10-04 00:00:00;1,46
2025-10-04 01:00:00;-2,05
2025-10-04 02:00:00;-2,08
2025-10-04 03:00:00;-1,45
2025-10-04 04:00:00;-2,44
2025-10-04 05:00:00;-2,98
2025-10-04 06:00:00;-3,02
2025-10-04 07:00:00;-2,61
2025-10-04 08:00:00;-2,39
2025-10-04 09:00:00;-2,18
2025-10-04 10:00:00;-1,56
2025-10-04 11:00:00;-1,83
2025-10-04 12:00:00;-1,02
2025-10-04 13:00:00;-5,22
2025-10-04 14:00:00;-6,02
2025-10-04 15:00:00;-3,87
2025-10-04 16:00:00;-2,06
2025-10-04 17:00:00;0,62
2025-10-04 18:00:00;3,57
2025-10-04 19:00:00;9,66
2025-10-04 20:00:00;2,14
2025-10-04 21:00:00;0,5
2025-10-04 22:00:00;-0,19
2025-10-04 23:00:00;-1,57
2025-10-05 00:00:00;-2,7
2025-10-05 01:00:00;-3,7
2025-10-05 02:00:00;-4,24
2025-10-05 03:00:00;-2,64
2025-10-05 04:00:00;-7,49
2025-10-05 05:00:00;-2,74
2025-10-05 06:00:00;-3,38
2025-10-05 07:00:00;-2,5
2025-10-05 08:00:00;-2,53
2025-10-05 09:00:00;-3,7
2025-10-05 10:00:00;-5,09
2025-10-05 11:00:00;-8,27
2025-10-05 12:00:00;-11,77
2025-10-05 13:00:00;-11,68
2025-10-05 14:00:00;-10,71
2025-10-05 15:00:00;-2,66
2025-10-05 16:00:00;-0,67
2025-10-05 17:00:00;1,95
2025-10-05 18:00:00;16,35
2025-10-05 19:00:00;33,18
2025-10-05 20:00:00;19,04
2025-10-05 21:00:00;8,7
2025-10-05 22:00:00;8,91
2025-10-05 23:00:00;6,35
2025-10-06 00:00:00;18,48
2025-10-06 01:00:00;11,02
2025-10-06 02:00:00;9,05
2025-10-06 03:00:00;9,54
2025-10-06 04:00:00;14,15
2025-10-06 05:00:00;23,66
2025-10-06 06:00:00;68,28
2025-10-06 07:00:00;101,72
2025-10-06 08:00:00;109,43
2025-10-06 09:00:00;105,28
2025-10-06 10:00:00;89,55
2025-10-06 11:00:00;83,93
2025-10-06 12:00:00;82,37
2025-10-06 13:00:00;81,04
2025-10-06 14:00:00;85,19
2025-10-06 15:00:00;87,21
2025-10-06 16:00:00;94,82
2025-10-06 17:00:00;106,15
2025-10-06 18:00:00;128,54
2025-10-06 19:00:00;149,27
2025-10-06 20:00:00;124,78
2025-10-06 21:00:00;99,69
2025-10-06 22:00:00;108,04
2025-10-06 23:00:00;94,92
2025-10-07 00:00:00;96,87
2025-10-07 01:00:00;92,19
2025-10-07 02:00:00;89,71
2025-10-07 03:00:00;89,73
2025-10-07 04:00:00;92,38
2025-10-07 05:00:00;97,34
2025-10-07 06:00:00;136,41
2025-10-07 07:00:00;220,01
2025-10-07 08:00:00;293,19
2025-10-07 09:00:00;221,78
2025-10-07 10:00:00;145,53
2025-10-07 11:00:00;125,61
2025-10-07 12:00:00;109,66
2025-10-07 13:00:00;104,8
2025-10-07 14:00:00;102,66
2025-10-07 15:00:00;110,38
2025-10-07 16:00:00;120,28
2025-10-07 17:00:00;155,97
2025-10-07 18:00:00;218,56
2025-10-07 19:00:00;224,29
2025-10-07 20:00:00;150,69
2025-10-07 21:00:00;123,52
2025-10-07 22:00:00;108,76
2025-10-07 23:00:00;99,14
2025-10-08 00:00:00;95,31
2025-10-08 01:00:00;91,04
2025-10-08 02:00:00;88,2
2025-10-08 03:00:00;87,98
2025-10-08 04:00:00;89,53
2025-10-08 05:00:00;96,92
2025-10-08 06:00:00;121,7
2025-10-08 07:00:00;171,99
2025-10-08 08:00:00;184,49
2025-10-08 09:00:00;141,42
2025-10-08 10:00:00;114,69
2025-10-08 11:00:00;102,94
2025-10-08 12:00:00;92,68
2025-10-08 13:00:00;90,82
2025-10-08 14:00:00;92,69
2025-10-08 15:00:00;99,31
2025-10-08 16:00:00;115,03
2025-10-08 17:00:00;152,19
2025-10-08 18:00:00;205,78
2025-10-08 19:00:00;238,06
2025-10-08 20:00:00;151,68
2025-10-08 21:00:00;119,66
2025-10-08 22:00:00;109,8
2025-10-08 23:00:00;100,32
2025-10-09 00:00:00;98,98
2025-10-09 01:00:00;94,09
2025-10-09 02:00:00;92,61
2025-10-09 03:00:00;91,34
2025-10-09 04:00:00;93,5
2025-10-09 05:00:00;101,61
2025-10-09 06:00:00;122,18
2025-10-09 07:00:00;158,22
2025-10-09 08:00:00;153,87
2025-10-09 09:00:00;129,36
2025-10-09 10:00:00;109,05
2025-10-09 11:00:00;96,72
2025-10-09 12:00:00;88,82
2025-10-09 13:00:00;86,53
2025-10-09 14:00:00;82,83
2025-10-09 15:00:00;87,45
2025-10-09 16:00:00;92,01
2025-10-09 17:00:00;110,57
2025-10-09 18:00:00;126,9
2025-10-09 19:00:00;127,61
2025-10-09 20:00:00;112,34
2025-10-09 21:00:00;97,72
2025-10-09 22:00:00;92,92
2025-10-09 23:00:00;85,55
2025-10-10 00:00:00;86,6
2025-10-10 01:00:00;83,14
2025-10-10 02:00:00;78,67
2025-10-10 03:00:00;77,14
2025-10-10 04:00:00;78,65
2025-10-10 05:00:00;86,09
2025-10-10 06:00:00;101,66
2025-10-10 07:00:00;120,56
2025-10-10 08:00:00;123,18
2025-10-10 09:00:00;109,25
2025-10-10 10:00:00;92,97
2025-10-10 11:00:00;82,29
2025-10-10 12:00:00;76,07
2025-10-10 13:00:00;74,44
2025-10-10 14:00:00;76,08
2025-10-10 15:00:00;85,8
2025-10-10 16:00:00;94,85
2025-10-10 17:00:00;114,75
2025-10-10 18:00:00;124,58
2025-10-10 19:00:00;124,09
2025-10-10 20:00:00;114,05
2025-10-10 21:00:00;101,53
2025-10-10 22:00:00;96,15
2025-10-10 23:00:00;90,22
2025-10-11 00:00:00;91,67
2025-10-11 01:00:00;87,64
2025-10-11 02:00:00;85,29
2025-10-11 03:00:00;82,78
2025-10-11 04:00:00;82,16
2025-10-11 05:00:00;84,34
2025-10-11 06:00:00;90,5
2025-10-11 07:00:00;98,63
2025-10-11 08:00:00;103,29
2025-10-11 09:00:00;94,23
2025-10-11 10:00:00;84,5
2025-10-11 11:00:00;74,22
2025-10-11 12:00:00;59,29
2025-10-11 13:00:00;46,77
2025-10-11 14:00:00;51,91
2025-10-11 15:00:00;73,95
2025-10-11 16:00:00;87,23
2025-10-11 17:00:00;108,92
2025-10-11 18:00:00;124,09
2025-10-11 19:00:00;127,96
2025-10-11 20:00:00;117,74
2025-10-11 21:00:00;109,31
2025-10-11 22:00:00;104,84
2025-10-11 23:00:00;94,36
2025-10-12 00:00:00;94,26
2025-10-12 01:00:00;88,78
2025-10-12 02:00:00;86,59
2025-10-12 03:00:00;83,27
2025-10-12 04:00:00;82,9
2025-10-12 05:00:00;83,59
2025-10-12 06:00:00;85,38
2025-10-12 07:00:00;88,51
2025-10-12 08:00:00;90,99
2025-10-12 09:00:00;81,97
2025-10-12 10:00:00;73,5
2025-10-12 11:00:00;66,29
2025-10-12 12:00:00;59,43
2025-10-12 13:00:00;48,76
2025-10-12 14:00:00;58,65
2025-10-12 15:00:00;78,09
2025-10-12 16:00:00;87,1
2025-10-12 17:00:00;106,26
2025-10-12 18:00:00;121,19
2025-10-12 19:00:00;128,32
2025-10-12 20:00:00;117,85
2025-10-12 21:00:00;112,81
2025-10-12 22:00:00;109,51
2025-10-12 23:00:00;98,78
2025-10-13 00:00:00;95,52
2025-10-13 01:00:00;92,34
2025-10-13 02:00:00;91,16
2025-10-13 03:00:00;90,3
2025-10-13 04:00:00;93,68
2025-10-13 05:00:00;100,96
2025-10-13 06:00:00;140,7
2025-10-13 07:00:00;240,17
2025-10-13 08:00:00;235,9
2025-10-13 09:00:00;165,76
2025-10-13 10:00:00;129,85
2025-10-13 11:00:00;110,69
2025-10-13 12:00:00;97,86
2025-10-13 13:00:00;92,95
2025-10-13 14:00:00;96,37
2025-10-13 15:00:00;105,76
2025-10-13 16:00:00;125,58
2025-10-13 17:00:00;181,81
2025-10-13 18:00:00;282,57
2025-10-13 19:00:00;331,66
2025-10-13 20:00:00;173,78
2025-10-13 21:00:00;132,59
2025-10-13 22:00:00;116,6
2025-10-13 23:00:00;107,02
2025-10-14 00:00:00;106,11
2025-10-14 01:00:00;100,53
2025-10-14 02:00:00;96,84
2025-10-14 03:00:00;96,83
2025-10-14 04:00:00;97,96
2025-10-14 05:00:00;103,57
2025-10-14 06:00:00;125,94
2025-10-14 07:00:00;168,7
2025-10-14 08:00:00;181,2
2025-10-14 09:00:00;148,21
2025-10-14 10:00:00;127,33
2025-10-14 11:00:00;113,61
2025-10-14 12:00:00;104,22
2025-10-14 13:00:00;102,39
2025-10-14 14:00:00;102,4
2025-10-14 15:00:00;114,81
2025-10-14 16:00:00;136,5
2025-10-14 17:00:00;202,44
2025-10-14 18:00:00;355,36
2025-10-14 19:00:00;351,93
2025-10-14 20:00:00;212,43
2025-10-14 21:00:00;154,4
2025-10-14 22:00:00;130,71
2025-10-14 23:00:00;115,24
2025-10-15 00:00:00;112,63
2025-10-15 01:00:00;106,93
2025-10-15 02:00:00;105,04
2025-10-15 03:00:00;102,09
2025-10-15 04:00:00;104,87
2025-10-15 05:00:00;111,55
2025-10-15 06:00:00;147,91
2025-10-15 07:00:00;278,09
2025-10-15 08:00:00;260,91
2025-10-15 09:00:00;180,3
2025-10-15 10:00:00;142,18
2025-10-15 11:00:00;125,15
2025-10-15 12:00:00;113,04
2025-10-15 13:00:00;108,19
2025-10-15 14:00:00;110,54
2025-10-15 15:00:00;118,96
2025-10-15 16:00:00;129,8
2025-10-15 17:00:00;168,38
2025-10-15 18:00:00;230,58
2025-10-15 19:00:00;225,06
2025-10-15 20:00:00;162,35
2025-10-15 21:00:00;129,75
2025-10-15 22:00:00;107,85
2025-10-15 23:00:00;97,06
2025-10-16 00:00:00;89,22
2025-10-16 01:00:00;85,42
2025-10-16 02:00:00;85,52
2025-10-16 03:00:00;84,45
2025-10-16 04:00:00;86,5
2025-10-16 05:00:00;87,45
2025-10-16 06:00:00;103,07
2025-10-16 07:00:00;124,4
2025-10-16 08:00:00;133,15
2025-10-16 09:00:00;121,42
2025-10-16 10:00:00;99,44
2025-10-16 11:00:00;92,3
2025-10-16 12:00:00;87,55
2025-10-16 13:00:00;84,7
2025-10-16 14:00:00;85,6
2025-10-16 15:00:00;89,86
2025-10-16 16:00:00;97,98
2025-10-16 17:00:00;122,71
2025-10-16 18:00:00;136,81
2025-10-16 19:00:00;146,33
2025-10-16 20:00:00;122,7
2025-10-16 21:00:00;103,12
2025-10-16 22:00:00;96,93
2025-10-16 23:00:00;91
2025-10-17 00:00:00;91,82
2025-10-17 01:00:00;91,44
2025-10-17 02:00:00;90,53
2025-10-17 03:00:00;88,07
2025-10-17 04:00:00;91,29
2025-10-17 05:00:00;95,05
2025-10-17 06:00:00;110,77
2025-10-17 07:00:00;132,09
2025-10-17 08:00:00;144,77
2025-10-17 09:00:00;129,55
2025-10-17 10:00:00;116,19
2025-10-17 11:00:00;101,12
2025-10-17 12:00:00;90,87
2025-10-17 13:00:00;88,35
2025-10-17 14:00:00;88,42
2025-10-17 15:00:00;91,23
2025-10-17 16:00:00;98,57
2025-10-17 17:00:00;121,36
2025-10-17 18:00:00;134,35
2025-10-17 19:00:00;136,96
2025-10-17 20:00:00;120,34
2025-10-17 21:00:00;106,28
2025-10-17 22:00:00;103,28
2025-10-17 23:00:00;95,45
2025-10-18 00:00:00;95,14
2025-10-18 01:00:00;90,7
2025-10-18 02:00:00;91,18
2025-10-18 03:00:00;89,45
2025-10-18 04:00:00;90,15
2025-10-18 05:00:00;91,68
2025-10-18 06:00:00;95,36
2025-10-18 07:00:00;109,67
2025-10-18 08:00:00;111,97
2025-10-18 09:00:00;102,15
2025-10-18 10:00:00;95,03
2025-10-18 11:00:00;81,58
2025-10-18 12:00:00;74,82
2025-10-18 13:00:00;69,11
2025-10-18 14:00:00;72,34
2025-10-18 15:00:00;84,59
2025-10-18 16:00:00;97,44
2025-10-18 17:00:00;122,87
2025-10-18 18:00:00;139,3
2025-10-18 19:00:00;129,82
2025-10-18 20:00:00;115,86
2025-10-18 21:00:00;99,03
2025-10-18 22:00:00;96,14
2025-10-18 23:00:00;91,5
2025-10-19 00:00:00;92,32
2025-10-19 01:00:00;87,73
2025-10-19 02:00:00;83,48
2025-10-19 03:00:00;82,21
2025-10-19 04:00:00;82,89
2025-10-19 05:00:00;83,4
2025-10-19 06:00:00;84,58
2025-10-19 07:00:00;85,09
2025-10-19 08:00:00;85,38
2025-10-19 09:00:00;78,82
2025-10-19 10:00:00;73,02
2025-10-19 11:00:00;63,15
2025-10-19 12:00:00;42,25
2025-10-19 13:00:00;24,25
2025-10-19 14:00:00;38,66
2025-10-19 15:00:00;59,51
2025-10-19 16:00:00;81,69
2025-10-19 17:00:00;97,74
2025-10-19 18:00:00;103,8
2025-10-19 19:00:00;89,1
2025-10-19 20:00:00;66,65
2025-10-19 21:00:00;66,58
2025-10-19 22:00:00;64,62
2025-10-19 23:00:00;51,34
2025-10-20 00:00:00;56,48
2025-10-20 01:00:00;51,05
2025-10-20 02:00:00;48,74
2025-10-20 03:00:00;46,7
2025-10-20 04:00:00;49,16
2025-10-20 05:00:00;62,66
2025-10-20 06:00:00;77,8
2025-10-20 07:00:00;97,65
2025-10-20 08:00:00;108,55
2025-10-20 09:00:00;94,72
2025-10-20 10:00:00;81,98
2025-10-20 11:00:00;84,57
2025-10-20 12:00:00;78,58
2025-10-20 13:00:00;80,18
2025-10-20 14:00:00;86,04
2025-10-20 15:00:00;98,65
2025-10-20 16:00:00;107,58
2025-10-20 17:00:00;118,24
2025-10-20 18:00:00;118,31
2025-10-20 19:00:00;102,95
2025-10-20 20:00:00;90,82
2025-10-20 21:00:00;75,31
2025-10-20 22:00:00;62,34
2025-10-20 23:00:00;44,1
2025-10-21 00:00:00;53,3
2025-10-21 01:00:00;35,5
2025-10-21 02:00:00;29,23
2025-10-21 03:00:00;20,33
2025-10-21 04:00:00;26,1
2025-10-21 05:00:00;39,02
2025-10-21 06:00:00;71,67
2025-10-21 07:00:00;86,66
2025-10-21 08:00:00;91,46
2025-10-21 09:00:00;81,81
2025-10-21 10:00:00;71,68
2025-10-21 11:00:00;60,59
2025-10-21 12:00:00;45
2025-10-21 13:00:00;31,71
2025-10-21 14:00:00;34,98
2025-10-21 15:00:00;60,02
2025-10-21 16:00:00;70,61
2025-10-21 17:00:00;102,27
2025-10-21 18:00:00;122,5
2025-10-21 19:00:00;115,09
2025-10-21 20:00:00;100,07
2025-10-21 21:00:00;84,51
2025-10-21 22:00:00;81,02
2025-10-21 23:00:00;72,57
2025-10-22 00:00:00;80,18
2025-10-22 01:00:00;79,52
2025-10-22 02:00:00;77,72
2025-10-22 03:00:00;80,86
2025-10-22 04:00:00;83,54
2025-10-22 05:00:00;87,15
2025-10-22 06:00:00;96,87
2025-10-22 07:00:00;108,24
2025-10-22 08:00:00;121,35
2025-10-22 09:00:00;125,31
2025-10-22 10:00:00;111,06
2025-10-22 11:00:00;99,51
2025-10-22 12:00:00;97,35
2025-10-22 13:00:00;96,11
2025-10-22 14:00:00;100,53
2025-10-22 15:00:00;112,83
2025-10-22 16:00:00;128,54
2025-10-22 17:00:00;183,78
2025-10-22 18:00:00;294,8
2025-10-22 19:00:00;273,02
2025-10-22 20:00:00;177,79
2025-10-22 21:00:00;133,32
2025-10-22 22:00:00;119,42
2025-10-22 23:00:00;106,63
2025-10-23 00:00:00;104,19
2025-10-23 01:00:00;98,2
2025-10-23 02:00:00;92,78
2025-10-23 03:00:00;83,41
2025-10-23 04:00:00;72,55
2025-10-23 05:00:00;67,67
2025-10-23 06:00:00;77,25
2025-10-23 07:00:00;83,74
2025-10-23 08:00:00;89,05
2025-10-23 09:00:00;83,07
2025-10-23 10:00:00;79,96
2025-10-23 11:00:00;73,23
2025-10-23 12:00:00;69,58
2025-10-23 13:00:00;63,02
2025-10-23 14:00:00;61,28
2025-10-23 15:00:00;74,66
2025-10-23 16:00:00;82,03
2025-10-23 17:00:00;94,62
2025-10-23 18:00:00;105,54
2025-10-23 19:00:00;94,16
2025-10-23 20:00:00;84,16
2025-10-23 21:00:00;75,63
2025-10-23 22:00:00;67,08
2025-10-23 23:00:00;48,16
2025-10-24 00:00:00;16,22
2025-10-24 01:00:00;10,32
2025-10-24 02:00:00;5,97
2025-10-24 03:00:00;3,22
2025-10-24 04:00:00;3,89
2025-10-24 05:00:00;10,86
2025-10-24 06:00:00;31,36
2025-10-24 07:00:00;65,79
2025-10-24 08:00:00;80,84
2025-10-24 09:00:00;74,42
2025-10-24 10:00:00;51,26
2025-10-24 11:00:00;25,62
2025-10-24 12:00:00;3,94
2025-10-24 13:00:00;1,3
2025-10-24 14:00:00;0,87
2025-10-24 15:00:00;2,16
2025-10-24 16:00:00;23,52
2025-10-24 17:00:00;57,15
2025-10-24 18:00:00;72,75
2025-10-24 19:00:00;64,49
2025-10-24 20:00:00;52,69
2025-10-24 21:00:00;33,58
2025-10-24 22:00:00;22,99
2025-10-24 23:00:00;8,65
2025-10-25 00:00:00;2,96
2025-10-25 01:00:00;1,36
2025-10-25 02:00:00;1,56
2025-10-25 03:00:00;0,35
2025-10-25 04:00:00;0,75
2025-10-25 05:00:00;0,28
2025-10-25 06:00:00;0,61
2025-10-25 07:00:00;-0,01
2025-10-25 08:00:00;6,99
2025-10-25 09:00:00;12,96
2025-10-25 10:00:00;7,91
2025-10-25 11:00:00;7,46
2025-10-25 12:00:00;4,53
2025-10-25 13:00:00;3,44
2025-10-25 14:00:00;3,22
2025-10-25 15:00:00;4,44
2025-10-25 16:00:00;10,19
2025-10-25 17:00:00;35,82
2025-10-25 18:00:00;58,68
2025-10-25 19:00:00;60,77
2025-10-25 20:00:00;40,52
2025-10-25 21:00:00;26,23
2025-10-25 22:00:00;24,4
2025-10-25 23:00:00;11,26
2025-10-26 00:00:00;11,29
2025-10-26 01:00:00;5,12
2025-10-26 02:00:00;0,74
2025-10-26 02:00:00;2,32
2025-10-26 03:00:00;0,27
2025-10-26 04:00:00;-0,82
2025-10-26 05:00:00;-3,06
2025-10-26 06:00:00;-3,5
2025-10-26 07:00:00;0,35
2025-10-26 08:00:00;1,47
2025-10-26 09:00:00;-0,96
2025-10-26 10:00:00;-0,4
2025-10-26 11:00:00;-0,48
2025-10-26 12:00:00;-1,63
2025-10-26 13:00:00;-0,82
2025-10-26 14:00:00;1,45
2025-10-26 15:00:00;6,8
2025-10-26 16:00:00;8,99
2025-10-26 17:00:00;27,2
2025-10-26 18:00:00;40,75
2025-10-26 19:00:00;39,11
2025-10-26 20:00:00;17,32
2025-10-26 21:00:00;8,99
2025-10-26 22:00:00;13,74
2025-10-26 23:00:00;7,21
2025-10-27 00:00:00;4,05
2025-10-27 01:00:00;1,86
2025-10-27 02:00:00;1,23
2025-10-27 03:00:00;0,6
2025-10-27 04:00:00;3,85
2025-10-27 05:00:00;16,39
2025-10-27 06:00:00;64,26
2025-10-27 07:00:00;87,15
2025-10-27 08:00:00;95,14
2025-10-27 09:00:00;96,73
2025-10-27 10:00:00;88,88
2025-10-27 11:00:00;90,46
2025-10-27 12:00:00;84,55
2025-10-27 13:00:00;83,66
2025-10-27 14:00:00;81,92
2025-10-27 15:00:00;84,13
2025-10-27 16:00:00;95,12
2025-10-27 17:00:00;105,72
2025-10-27 18:00:00;120,31
2025-10-27 19:00:00;111
2025-10-27 20:00:00;90,42
2025-10-27 21:00:00;74,18
2025-10-27 22:00:00;67,62
2025-10-27 23:00:00;56,06
2025-10-28 00:00:00;39,26
2025-10-28 01:00:00;25,9
2025-10-28 02:00:00;17,18
2025-10-28 03:00:00;10,93
2025-10-28 04:00:00;11,28
2025-10-28 05:00:00;25,99
2025-10-28 06:00:00;60,31
2025-10-28 07:00:00;83,04
2025-10-28 08:00:00;89,1
2025-10-28 09:00:00;86,15
2025-10-28 10:00:00;80,9
2025-10-28 11:00:00;74,26
2025-10-28 12:00:00;66,38
2025-10-28 13:00:00;61,17
2025-10-28 14:00:00;64,28
2025-10-28 15:00:00;72,02
2025-10-28 16:00:00;82,91
2025-10-28 17:00:00;94,92
2025-10-28 18:00:00;107,12
2025-10-28 19:00:00;104,34
2025-10-28 20:00:00;93,18
2025-10-28 21:00:00;82
2025-10-28 22:00:00;77,56
2025-10-28 23:00:00;68,84
2025-10-29 00:00:00;57,12
2025-10-29 01:00:00;52,14
2025-10-29 02:00:00;51,62
2025-10-29 03:00:00;52,44
2025-10-29 04:00:00;54,96
2025-10-29 05:00:00;69,31
2025-10-29 06:00:00;92,45
2025-10-29 07:00:00;107,85
2025-10-29 08:00:00;103,28
2025-10-29 09:00:00;90,51
2025-10-29 10:00:00;78,98
2025-10-29 11:00:00;75,61
2025-10-29 12:00:00;74,86
2025-10-29 13:00:00;80,56
2025-10-29 14:00:00;91,91
2025-10-29 15:00:00;115,67
2025-10-29 16:00:00;125,72
2025-10-29 17:00:00;129,62
2025-10-29 18:00:00;129,37
2025-10-29 19:00:00;116,32
2025-10-29 20:00:00;102,97
2025-10-29 21:00:00;97,14
2025-10-29 22:00:00;93,9
2025-10-29 23:00:00;85,91
2025-10-30 00:00:00;73,59
2025-10-30 01:00:00;69,25
2025-10-30 02:00:00;64,02
2025-10-30 03:00:00;58,21
2025-10-30 04:00:00;52,4
2025-10-30 05:00:00;57,4
2025-10-30 06:00:00;72,79
2025-10-30 07:00:00;89,29
2025-10-30 08:00:00;91,3
2025-10-30 09:00:00;70,02
2025-10-30 10:00:00;43,05
2025-10-30 11:00:00;11,85
2025-10-30 12:00:00;5,1
2025-10-30 13:00:00;7,09
2025-10-30 14:00:00;40,62
2025-10-30 15:00:00;78,5
2025-10-30 16:00:00;99,79
2025-10-30 17:00:00;125,7
2025-10-30 18:00:00;126,73
2025-10-30 19:00:00;120,82
2025-10-30 20:00:00;110,36
2025-10-30 21:00:00;102
2025-10-30 22:00:00;98,78
2025-10-30 23:00:00;87,92
2025-10-31 00:00:00;87,97
2025-10-31 01:00:00;82,78
2025-10-31 02:00:00;79,53
2025-10-31 03:00:00;78,84
2025-10-31 04:00:00;80,53
2025-10-31 05:00:00;88,76
2025-10-31 06:00:00;110,29
2025-10-31 07:00:00;116,92
2025-10-31 08:00:00;105,49
2025-10-31 09:00:00;86,3
2025-10-31 10:00:00;76,4
2025-10-31 11:00:00;75,97
2025-10-31 12:00:00;77,66
2025-10-31 13:00:00;82,82
2025-10-31 14:00:00;97,08
2025-10-31 15:00:00;114,41
2025-10-31 16:00:00;123,73
2025-10-31 17:00:00;121,71
2025-10-31 18:00:00;111,65
2025-10-31 19:00:00;94,55
2025-10-31 20:00:00;91,02
2025-10-31 21:00:00;86,73
2025-10-31 22:00:00;80,42
2025-10-31 23:00:00;71,82
2025-11-01 00:00:00;59,85
2025-11-01 01:00:00;47,33
2025-11-01 02:00:00;37,77
2025-11-01 03:00:00;40,44
2025-11-01 04:00:00;34
2025-11-01 05:00:00;32,76
2025-11-01 06:00:00;31,64
2025-11-01 07:00:00;35,13
2025-11-01 08:00:00;37,21
2025-11-01 09:00:00;28,08
2025-11-01 10:00:00;18,56
2025-11-01 11:00:00;19,52
2025-11-01 12:00:00;25,52
2025-11-01 13:00:00;36,6
2025-11-01 14:00:00;51
2025-11-01 15:00:00;60,78
2025-11-01 16:00:00;74,31
2025-11-01 17:00:00;86,19
2025-11-01 18:00:00;89,99
2025-11-01 19:00:00;85,95
2025-11-01 20:00:00;83,23
2025-11-01 21:00:00;79,89
2025-11-01 22:00:00;78,87
2025-11-01 23:00:00;73
2025-11-02 00:00:00;65,94
2025-11-02 01:00:00;62,26
2025-11-02 02:00:00;62,13
2025-11-02 03:00:00;63,09
2025-11-02 04:00:00;65,98
2025-11-02 05:00:00;68,41
2025-11-02 06:00:00;73,27
2025-11-02 07:00:00;77,24
2025-11-02 08:00:00;79,12
2025-11-02 09:00:00;81,18
2025-11-02 10:00:00;78,89
2025-11-02 11:00:00;78,53
2025-11-02 12:00:00;77,92
2025-11-02 13:00:00;83,21
2025-11-02 14:00:00;90,16
2025-11-02 15:00:00;104,94
2025-11-02 16:00:00;113,14
2025-11-02 17:00:00;125,8
2025-11-02 18:00:00;124,52
2025-11-02 19:00:00;111,29
2025-11-02 20:00:00;99,63
2025-11-02 21:00:00;95,32
2025-11-02 22:00:00;91,28
2025-11-02 23:00:00;84,25
2025-11-03 00:00:00;76,41
2025-11-03 01:00:00;74,96
2025-11-03 02:00:00;71,26
2025-11-03 03:00:00;70,38
2025-11-03 04:00:00;72,23
2025-11-03 05:00:00;76,01
2025-11-03 06:00:00;92,62
2025-11-03 07:00:00;115,63
2025-11-03 08:00:00;103,04
2025-11-03 09:00:00;89,03
2025-11-03 10:00:00;77,86
2025-11-03 11:00:00;74,2
2025-11-03 12:00:00;71,5
2025-11-03 13:00:00;72,05
2025-11-03 14:00:00;75,58
2025-11-03 15:00:00;83
2025-11-03 16:00:00;95,27
2025-11-03 17:00:00;96,57
2025-11-03 18:00:00;95,34
2025-11-03 19:00:00;85,79
2025-11-03 20:00:00;78,98
2025-11-03 21:00:00;67,15
2025-11-03 22:00:00;59,39
2025-11-03 23:00:00;42,14
2025-11-04 00:00:00;28,36
2025-11-04 01:00:00;21,86
2025-11-04 02:00:00;18,8
2025-11-04 03:00:00;20,25
2025-11-04 04:00:00;38,06
2025-11-04 05:00:00;62,26
2025-11-04 06:00:00;89,92
2025-11-04 07:00:00;116,86
2025-11-04 08:00:00;107,66
2025-11-04 09:00:00;81,16
2025-11-04 10:00:00;65,92
2025-11-04 11:00:00;60,59
2025-11-04 12:00:00;58,95
2025-11-04 13:00:00;67,24
2025-11-04 14:00:00;78,71
2025-11-04 15:00:00;110,02
2025-11-04 16:00:00;126,2
2025-11-04 17:00:00;129,18
2025-11-04 18:00:00;123,3
2025-11-04 19:00:00;106
2025-11-04 20:00:00;97,6
2025-11-04 21:00:00;89,57
2025-11-04 22:00:00;83,04
2025-11-04 23:00:00;73,16
2025-11-05 00:00:00;74,52
2025-11-05 01:00:00;71,81
2025-11-05 02:00:00;71,68
2025-11-05 03:00:00;71,79
2025-11-05 04:00:00;75,94
2025-11-05 05:00:00;83,09
2025-11-05 06:00:00;95,42
2025-11-05 07:00:00;117,35
2025-11-05 08:00:00;107,23
2025-11-05 09:00:00;81,23
2025-11-05 10:00:00;68,42
2025-11-05 11:00:00;64,38
2025-11-05 12:00:00;63,82
2025-11-05 13:00:00;77,35
2025-11-05 14:00:00;93,4
2025-11-05 15:00:00;112,15
2025-11-05 16:00:00;142,45
2025-11-05 17:00:00;152,12
2025-11-05 18:00:00;136,58
2025-11-05 19:00:00;124,55
2025-11-05 20:00:00;113,23
2025-11-05 21:00:00;103,35
2025-11-05 22:00:00;94,63
2025-11-05 23:00:00;89,67
2025-11-06 00:00:00;89,34
2025-11-06 01:00:00;88,48
2025-11-06 02:00:00;88,38
2025-11-06 03:00:00;87,96
2025-11-06 04:00:00;90,23
2025-11-06 05:00:00;93,12
2025-11-06 06:00:00;116,02
2025-11-06 07:00:00;137,62
2025-11-06 08:00:00;117,68
2025-11-06 09:00:00;96,56
2025-11-06 10:00:00;84,61
2025-11-06 11:00:00;83,1
2025-11-06 12:00:00;84,15
2025-11-06 13:00:00;87,54
2025-11-06 14:00:00;102,23
2025-11-06 15:00:00;125,96
2025-11-06 16:00:00;152,4
2025-11-06 17:00:00;163,9
2025-11-06 18:00:00;143,57
2025-11-06 19:00:00;128,29
2025-11-06 20:00:00;117,88
2025-11-06 21:00:00;104,91
2025-11-06 22:00:00;99,16
2025-11-06 23:00:00;93,08
2025-11-07 00:00:00;91,57
2025-11-07 01:00:00;90,96
2025-11-07 02:00:00;91,12
2025-11-07 03:00:00;90,89
2025-11-07 04:00:00;91,97
2025-11-07 05:00:00;95,62
2025-11-07 06:00:00;115,73
2025-11-07 07:00:00;137,76
2025-11-07 08:00:00;129,99
2025-11-07 09:00:00;107,19
2025-11-07 10:00:00;94,84
2025-11-07 11:00:00;89,82
2025-11-07 12:00:00;87,84
2025-11-07 13:00:00;90,91
2025-11-07 14:00:00;102,37
2025-11-07 15:00:00;129,99
2025-11-07 16:00:00;164,87
2025-11-07 17:00:00;183,96
2025-11-07 18:00:00;158,84
2025-11-07 19:00:00;133,64
2025-11-07 20:00:00;122,53
2025-11-07 21:00:00;109,06
2025-11-07 22:00:00;103,34
2025-11-07 23:00:00;97,02
2025-11-08 00:00:00;95,2
2025-11-08 01:00:00;93,12
2025-11-08 02:00:00;91,94
2025-11-08 03:00:00;91,96
2025-11-08 04:00:00;92,47
2025-11-08 05:00:00;92,96
2025-11-08 06:00:00;97,16
2025-11-08 07:00:00;105,99
2025-11-08 08:00:00;106,65
2025-11-08 09:00:00;102,98
2025-11-08 10:00:00;99,16
2025-11-08 11:00:00;95,24
2025-11-08 12:00:00;94,28
2025-11-08 13:00:00;96,54
2025-11-08 14:00:00;101,5
2025-11-08 15:00:00;119,16
2025-11-08 16:00:00;129,35
2025-11-08 17:00:00;140,19
2025-11-08 18:00:00;137,97
2025-11-08 19:00:00;128,25
2025-11-08 20:00:00;123,1
2025-11-08 21:00:00;111,74
2025-11-08 22:00:00;103,18
2025-11-08 23:00:00;94,44
2025-11-09 00:00:00;96,12
2025-11-09 01:00:00;94,27
2025-11-09 02:00:00;93,04
2025-11-09 03:00:00;92,08
2025-11-09 04:00:00;92,28
2025-11-09 05:00:00;92,49
2025-11-09 06:00:00;92,38
2025-11-09 07:00:00;93,42
2025-11-09 08:00:00;97,91
2025-11-09 09:00:00;97,22
2025-11-09 10:00:00;96,46
2025-11-09 11:00:00;96,24
2025-11-09 12:00:00;96,42
2025-11-09 13:00:00;95,8
2025-11-09 14:00:00;99,09
2025-11-09 15:00:00;106,93
2025-11-09 16:00:00;118,28
2025-11-09 17:00:00;132,47
2025-11-09 18:00:00;129,54
2025-11-09 19:00:00;117,93
2025-11-09 20:00:00;107,35
2025-11-09 21:00:00;97,81
2025-11-09 22:00:00;95,21
2025-11-09 23:00:00;90,89
2025-11-10 00:00:00;93,49
2025-11-10 01:00:00;91,91
2025-11-10 02:00:00;91,61
2025-11-10 03:00:00;90,56
2025-11-10 04:00:00;91,52
2025-11-10 05:00:00;97,39
2025-11-10 06:00:00;128,28
2025-11-10 07:00:00;162,36
2025-11-10 08:00:00;177,56
2025-11-10 09:00:00;161,18
2025-11-10 10:00:00;136,6
2025-11-10 11:00:00;125,25
2025-11-10 12:00:00;115,29
2025-11-10 13:00:00;117,94
2025-11-10 14:00:00;127,36
2025-11-10 15:00:00;151,98
2025-11-10 16:00:00;166,02
2025-11-10 17:00:00;192,8
2025-11-10 18:00:00;166,26
2025-11-10 19:00:00;139,93
2025-11-10 20:00:00;114,21
2025-11-10 21:00:00;103,57
2025-11-10 22:00:00;95,45
2025-11-10 23:00:00;89,09
2025-11-11 00:00:00;82,5
2025-11-11 01:00:00;79,42
2025-11-11 02:00:00;76,09
2025-11-11 03:00:00;74,8
2025-11-11 04:00:00;76,35
2025-11-11 05:00:00;79,78
2025-11-11 06:00:00;90,02
2025-11-11 07:00:00;107,66
2025-11-11 08:00:00;114,65
2025-11-11 09:00:00;102,78
2025-11-11 10:00:00;91,88
2025-11-11 11:00:00;86,06
2025-11-11 12:00:00;85,11
2025-11-11 13:00:00;88,84
2025-11-11 14:00:00;101,6
2025-11-11 15:00:00;122,83
2025-11-11 16:00:00;139,82
2025-11-11 17:00:00;142,81
2025-11-11 18:00:00;121,55
2025-11-11 19:00:00;107,02
2025-11-11 20:00:00;98,6
2025-11-11 21:00:00;92,19
2025-11-11 22:00:00;86,48
2025-11-11 23:00:00;76,05
2025-11-12 00:00:00;76,77
2025-11-12 01:00:00;71,42
2025-11-12 02:00:00;66,97
2025-11-12 03:00:00;64,88
2025-11-12 04:00:00;64,15
2025-11-12 05:00:00;68,32
2025-11-12 06:00:00;82,62
2025-11-12 07:00:00;108,16
2025-11-12 08:00:00;100,99
2025-11-12 09:00:00;79,66
2025-11-12 10:00:00;67,79
2025-11-12 11:00:00;57,4
2025-11-12 12:00:00;57,48
2025-11-12 13:00:00;70,49
2025-11-12 14:00:00;80,66
2025-11-12 15:00:00;100,75
2025-11-12 16:00:00;111,82
2025-11-12 17:00:00;114,83
2025-11-12 18:00:00;102,87
2025-11-12 19:00:00;87,96
2025-11-12 20:00:00;77,29
2025-11-12 21:00:00;71,7
2025-11-12 22:00:00;67,25
2025-11-12 23:00:00;53,05
2025-11-13 00:00:00;30,57
2025-11-13 01:00:00;19,25
2025-11-13 02:00:00;13,74
2025-11-13 03:00:00;13,45
2025-11-13 04:00:00;15,94
2025-11-13 05:00:00;34,67
2025-11-13 06:00:00;58,84
2025-11-13 07:00:00;82,15
2025-11-13 08:00:00;74,48
2025-11-13 09:00:00;58,99
2025-11-13 10:00:00;49,93
2025-11-13 11:00:00;38
2025-11-13 12:00:00;43,99
2025-11-13 13:00:00;58,51
2025-11-13 14:00:00;78,67
2025-11-13 15:00:00;99,22
2025-11-13 16:00:00;108,21
2025-11-13 17:00:00;127,3
2025-11-13 18:00:00;126,39
2025-11-13 19:00:00;121,52
2025-11-13 20:00:00;111,47
2025-11-13 21:00:00;113,52
2025-11-13 22:00:00;108,41
2025-11-13 23:00:00;101,49
2025-11-14 00:00:00;94,96
2025-11-14 01:00:00;94,05
2025-11-14 02:00:00;93,12
2025-11-14 03:00:00;92,26
2025-11-14 04:00:00;92,41
2025-11-14 05:00:00;92,73
2025-11-14 06:00:00;112,32
2025-11-14 07:00:00;133,85
2025-11-14 08:00:00;130,6
2025-11-14 09:00:00;120,85
2025-11-14 10:00:00;108,17
2025-11-14 11:00:00;102,34
2025-11-14 12:00:00;98,73
2025-11-14 13:00:00;100,76
2025-11-14 14:00:00;107,13
2025-11-14 15:00:00;120,42
2025-11-14 16:00:00;124,8
2025-11-14 17:00:00;131,77
2025-11-14 18:00:00;120,17
2025-11-14 19:00:00;101,08
2025-11-14 20:00:00;93,86
2025-11-14 21:00:00;88,99
2025-11-14 22:00:00;87,46
2025-11-14 23:00:00;73,48
2025-11-15 00:00:00;73,83
2025-11-15 01:00:00;71,43
2025-11-15 02:00:00;66,07
2025-11-15 03:00:00;64,4
2025-11-15 04:00:00;64,24
2025-11-15 05:00:00;64,86
2025-11-15 06:00:00;65,58
2025-11-15 07:00:00;76,12
2025-11-15 08:00:00;82,33
2025-11-15 09:00:00;85,23
2025-11-15 10:00:00;86,85
2025-11-15 11:00:00;86,79
2025-11-15 12:00:00;84,02
2025-11-15 13:00:00;89,54
2025-11-15 14:00:00;93,98
2025-11-15 15:00:00;100,24
2025-11-15 16:00:00;106,23
2025-11-15 17:00:00;117,46
2025-11-15 18:00:00;118,95
2025-11-15 19:00:00;111,71
2025-11-15 20:00:00;106,36
2025-11-15 21:00:00;101,81
2025-11-15 22:00:00;101,78
2025-11-15 23:00:00;98,14
2025-11-16 00:00:00;92,17
2025-11-16 01:00:00;91,89
2025-11-16 02:00:00;89,97
2025-11-16 03:00:00;89,16
2025-11-16 04:00:00;87,89
2025-11-16 05:00:00;90,12
2025-11-16 06:00:00;88,31
2025-11-16 07:00:00;93,16
2025-11-16 08:00:00;96,68
2025-11-16 09:00:00;97,26
2025-11-16 10:00:00;95,53
2025-11-16 11:00:00;97,42
2025-11-16 12:00:00;98,81
2025-11-16 13:00:00;100,07
2025-11-16 14:00:00;105,12
2025-11-16 15:00:00;115,74
2025-11-16 16:00:00;122,48
2025-11-16 17:00:00;128,05
2025-11-16 18:00:00;124,79
2025-11-16 19:00:00;112,26
2025-11-16 20:00:00;102,81
2025-11-16 21:00:00;94,3
2025-11-16 22:00:00;93,29
2025-11-16 23:00:00;86,51
2025-11-17 00:00:00;86,55
2025-11-17 01:00:00;80,33
2025-11-17 02:00:00;76,42
2025-11-17 03:00:00;74,16
2025-11-17 04:00:00;76,05
2025-11-17 05:00:00;83,64
2025-11-17 06:00:00;94,79
2025-11-17 07:00:00;116,73
2025-11-17 08:00:00;122,6
2025-11-17 09:00:00;114,72
2025-11-17 10:00:00;102,66
2025-11-17 11:00:00;90,82
2025-11-17 12:00:00;84,78
2025-11-17 13:00:00;85,14
2025-11-17 14:00:00;90,37
2025-11-17 15:00:00;101,91
2025-11-17 16:00:00;112,17
2025-11-17 17:00:00;121,92
2025-11-17 18:00:00;119,63
2025-11-17 19:00:00;113,64
2025-11-17 20:00:00;105,06
2025-11-17 21:00:00;94,35
2025-11-17 22:00:00;90,75
2025-11-17 23:00:00;83,52
2025-11-18 00:00:00;84,59
2025-11-18 01:00:00;81,91
2025-11-18 02:00:00;79,28
2025-11-18 03:00:00;79,66
2025-11-18 04:00:00;81,32
2025-11-18 05:00:00;84,63
2025-11-18 06:00:00;94,9
2025-11-18 07:00:00;112,84
2025-11-18 08:00:00;124,34
2025-11-18 09:00:00;107,11
2025-11-18 10:00:00;96,33
2025-11-18 11:00:00;90,24
2025-11-18 12:00:00;89,74
2025-11-18 13:00:00;91,58
2025-11-18 14:00:00;101,47
2025-11-18 15:00:00;122,05
2025-11-18 16:00:00;139,16
2025-11-18 17:00:00;148,24
2025-11-18 18:00:00;139,06
2025-11-18 19:00:00;127,5
2025-11-18 20:00:00;109,27
2025-11-18 21:00:00;98,89
2025-11-18 22:00:00;96,87
2025-11-18 23:00:00;86,8
2025-11-19 00:00:00;89,49
2025-11-19 01:00:00;88,21
2025-11-19 02:00:00;83,55
2025-11-19 03:00:00;83,11
2025-11-19 04:00:00;85,5
2025-11-19 05:00:00;88,17
2025-11-19 06:00:00;97,96
2025-11-19 07:00:00;121,65
2025-11-19 08:00:00;129,79
2025-11-19 09:00:00;111,42
2025-11-19 10:00:00;98,52
2025-11-19 11:00:00;93,08
2025-11-19 12:00:00;90,98
2025-11-19 13:00:00;94,58
2025-11-19 14:00:00;104,53
2025-11-19 15:00:00;115,69
2025-11-19 16:00:00;120,45
2025-11-19 17:00:00;130,08
2025-11-19 18:00:00;120,85
2025-11-19 19:00:00;118,55
2025-11-19 20:00:00;102,79
2025-11-19 21:00:00;97,25
2025-11-19 22:00:00;96,79
2025-11-19 23:00:00;90,16
2025-11-20 00:00:00;88,68
2025-11-20 01:00:00;86,05
2025-11-20 02:00:00;85,78
2025-11-20 03:00:00;85,1
2025-11-20 04:00:00;86,33
2025-11-20 05:00:00;90,6
2025-11-20 06:00:00;106,49
2025-11-20 07:00:00;140,83
2025-11-20 08:00:00;151,45
2025-11-20 09:00:00;143,08
2025-11-20 10:00:00;131,14
2025-11-20 11:00:00;120,62
2025-11-20 12:00:00;117,78
2025-11-20 13:00:00;119,13
2025-11-20 14:00:00;128,19
2025-11-20 15:00:00;143,71
2025-11-20 16:00:00;166,53
2025-11-20 17:00:00;171,73
2025-11-20 18:00:00;157,51
2025-11-20 19:00:00;148,18
2025-11-20 20:00:00;131,03
2025-11-20 21:00:00;118,28
2025-11-20 22:00:00;109,22
2025-11-20 23:00:00;96,82
2025-11-21 00:00:00;102,77
2025-11-21 01:00:00;98,43
2025-11-21 02:00:00;95,7
2025-11-21 03:00:00;95,37
2025-11-21 04:00:00;97,52
2025-11-21 05:00:00;104,39
2025-11-21 06:00:00;132,87
2025-11-21 07:00:00;175,74
2025-11-21 08:00:00;202,74
2025-11-21 09:00:00;175,49
2025-11-21 10:00:00;150,93
2025-11-21 11:00:00;136,79
2025-11-21 12:00:00;129,77
2025-11-21 13:00:00;133,74
2025-11-21 14:00:00;149,07
2025-11-21 15:00:00;183,56
2025-11-21 16:00:00;225,93
2025-11-21 17:00:00;241,43
2025-11-21 18:00:00;197,28
2025-11-21 19:00:00;171,04
2025-11-21 20:00:00;137,93
2025-11-21 21:00:00;119,81
2025-11-21 22:00:00;107,41
2025-11-21 23:00:00;96,29
2025-11-22 00:00:00;102,83
2025-11-22 01:00:00;96,56
2025-11-22 02:00:00;91,66
2025-11-22 03:00:00;89,14
2025-11-22 04:00:00;88,97
2025-11-22 05:00:00;89,5
2025-11-22 06:00:00;93,36
2025-11-22 07:00:00;104,99
2025-11-22 08:00:00;103,85
2025-11-22 09:00:00;90,22
2025-11-22 10:00:00;84,9
2025-11-22 11:00:00;80,89
2025-11-22 12:00:00;80,28
2025-11-22 13:00:00;79,75
2025-11-22 14:00:00;85,06
2025-11-22 15:00:00;94,13
2025-11-22 16:00:00;108,67
2025-11-22 17:00:00;115,91
2025-11-22 18:00:00;112,27
2025-11-22 19:00:00;101,38
2025-11-22 20:00:00;89,31
2025-11-22 21:00:00;87,23
2025-11-22 22:00:00;87,67
2025-11-22 23:00:00;82,4
2025-11-23 00:00:00;81,77
2025-11-23 01:00:00;76,68
2025-11-23 02:00:00;73,22
2025-11-23 03:00:00;67,59
2025-11-23 04:00:00;68,78
2025-11-23 05:00:00;68,08
2025-11-23 06:00:00;64,5
2025-11-23 07:00:00;70,32
2025-11-23 08:00:00;71,71
2025-11-23 09:00:00;69,31
2025-11-23 10:00:00;68,72
2025-11-23 11:00:00;67,8
2025-11-23 12:00:00;68,15
2025-11-23 13:00:00;70,46
2025-11-23 14:00:00;76,06
2025-11-23 15:00:00;82,02
2025-11-23 16:00:00;86,34
2025-11-23 17:00:00;89,53
2025-11-23 18:00:00;88,97
2025-11-23 19:00:00;84,47
2025-11-23 20:00:00;81,06
2025-11-23 21:00:00;77,72
2025-11-23 22:00:00;78,81
2025-11-23 23:00:00;74,43
2025-11-24 00:00:00;71,29
2025-11-24 01:00:00;69,44
2025-11-24 02:00:00;70,03
2025-11-24 03:00:00;70,64
2025-11-24 04:00:00;72,51
2025-11-24 05:00:00;77,68
2025-11-24 06:00:00;94,56
2025-11-24 07:00:00;114,38
2025-11-24 08:00:00;120,49
2025-11-24 09:00:00;120,78
2025-11-24 10:00:00;122,7
2025-11-24 11:00:00;127,9
2025-11-24 12:00:00;131,47
2025-11-24 13:00:00;141,24
2025-11-24 14:00:00;156,37
2025-11-24 15:00:00;173,41
2025-11-24 16:00:00;202,23
2025-11-24 17:00:00;226,1
2025-11-24 18:00:00;203,08
2025-11-24 19:00:00;169,97
2025-11-24 20:00:00;139,14
2025-11-24 21:00:00;122,62
2025-11-24 22:00:00;112,63
2025-11-24 23:00:00;100,1
2025-11-25 00:00:00;105,89
2025-11-25 01:00:00;103,28
2025-11-25 02:00:00;101,97
2025-11-25 03:00:00;100,21
2025-11-25 04:00:00;100,24
2025-11-25 05:00:00;110,11
2025-11-25 06:00:00;124,73
2025-11-25 07:00:00;258,86
2025-11-25 08:00:00;320,41
2025-11-25 09:00:00;289,1
2025-11-25 10:00:00;275,43
2025-11-25 11:00:00;290,69
2025-11-25 12:00:00;301,81
2025-11-25 13:00:00;286,72
2025-11-25 14:00:00;287,01
2025-11-25 15:00:00;304,28
2025-11-25 16:00:00;334,85
2025-11-25 17:00:00;376,28
2025-11-25 18:00:00;299,72
2025-11-25 19:00:00;243,44
2025-11-25 20:00:00;171,25
2025-11-25 21:00:00;135,29
2025-11-25 22:00:00;117,11
2025-11-25 23:00:00;104,6
2025-11-26 00:00:00;96,18
2025-11-26 01:00:00;92,73
2025-11-26 02:00:00;90,56
2025-11-26 03:00:00;91,32
2025-11-26 04:00:00;91,4
2025-11-26 05:00:00;99,72
2025-11-26 06:00:00;132,98
2025-11-26 07:00:00;202,79
2025-11-26 08:00:00;251,64
2025-11-26 09:00:00;236,44
2025-11-26 10:00:00;218,94
2025-11-26 11:00:00;196,96
2025-11-26 12:00:00;194,16
2025-11-26 13:00:00;195,8
2025-11-26 14:00:00;214,41
2025-11-26 15:00:00;252,47
2025-11-26 16:00:00;316,39
2025-11-26 17:00:00;319,55
2025-11-26 18:00:00;253,22
2025-11-26 19:00:00;200,3
2025-11-26 20:00:00;150,66
2025-11-26 21:00:00;120,54
2025-11-26 22:00:00;106,2
2025-11-26 23:00:00;94,1
2025-11-27 00:00:00;89,52
2025-11-27 01:00:00;83,69
2025-11-27 02:00:00;80,15
2025-11-27 03:00:00;77,32
2025-11-27 04:00:00;78,74
2025-11-27 05:00:00;81,11
2025-11-27 06:00:00;107,84
2025-11-27 07:00:00;122,68
2025-11-27 08:00:00;124,17
2025-11-27 09:00:00;108,69
2025-11-27 10:00:00;96,1
2025-11-27 11:00:00;89,53
2025-11-27 12:00:00;86,08
2025-11-27 13:00:00;86,03
2025-11-27 14:00:00;89,34
2025-11-27 15:00:00;94,55
2025-11-27 16:00:00;97,28
2025-11-27 17:00:00;103,64
2025-11-27 18:00:00;101,43
2025-11-27 19:00:00;90,98
2025-11-27 20:00:00;86,34
2025-11-27 21:00:00;81,35
2025-11-27 22:00:00;80,67
2025-11-27 23:00:00;69,34
2025-11-28 00:00:00;59,43
2025-11-28 01:00:00;54
2025-11-28 02:00:00;51,49
2025-11-28 03:00:00;49,37
2025-11-28 04:00:00;56,84
2025-11-28 05:00:00;63,42
2025-11-28 06:00:00;83,18
2025-11-28 07:00:00;95,16
2025-11-28 08:00:00;104,02
2025-11-28 09:00:00;102,91
2025-11-28 10:00:00;97,92
2025-11-28 11:00:00;97,73
2025-11-28 12:00:00;94,7
2025-11-28 13:00:00;95,72
2025-11-28 14:00:00;97,44
2025-11-28 15:00:00;103,98
2025-11-28 16:00:00;108,4
2025-11-28 17:00:00;105,38
2025-11-28 18:00:00;103,56
2025-11-28 19:00:00;95,62
2025-11-28 20:00:00;89,52
2025-11-28 21:00:00;84,76
2025-11-28 22:00:00;84,28
2025-11-28 23:00:00;75,77
2025-11-29 00:00:00;80,54
2025-11-29 01:00:00;79,58
2025-11-29 02:00:00;78,48
2025-11-29 03:00:00;78,26
2025-11-29 04:00:00;81,27
2025-11-29 05:00:00;84,16
2025-11-29 06:00:00;86,49
2025-11-29 07:00:00;92,35
2025-11-29 08:00:00;94,75
2025-11-29 09:00:00;101,63
2025-11-29 10:00:00;99,77
2025-11-29 11:00:00;95,13
2025-11-29 12:00:00;89,75
2025-11-29 13:00:00;91,18
2025-11-29 14:00:00;94,43
2025-11-29 15:00:00;101,16
2025-11-29 16:00:00;102,96
2025-11-29 17:00:00;107,19
2025-11-29 18:00:00;100,04
2025-11-29 19:00:00;93,36
2025-11-29 20:00:00;84,85
2025-11-29 21:00:00;83,47
2025-11-29 22:00:00;84,88
2025-11-29 23:00:00;78,51
2025-11-30 00:00:00;76,33
2025-11-30 01:00:00;71,13
2025-11-30 02:00:00;68,33
2025-11-30 03:00:00;66,76
2025-11-30 04:00:00;66,82
2025-11-30 05:00:00;71
2025-11-30 06:00:00;72,09
2025-11-30 07:00:00;74,18
2025-11-30 08:00:00;79,07
2025-11-30 09:00:00;80,98
2025-11-30 10:00:00;83,28
2025-11-30 11:00:00;83,04
2025-11-30 12:00:00;83,41
2025-11-30 13:00:00;86,19
2025-11-30 14:00:00;90,71
2025-11-30 15:00:00;96,94
2025-11-30 16:00:00;100,65
2025-11-30 17:00:00;108,88
2025-11-30 18:00:00;109,73
2025-11-30 19:00:00;106,92
2025-11-30 20:00:00;101,1
2025-11-30 21:00:00;96,41
2025-11-30 22:00:00;94,35
2025-11-30 23:00:00;87,66
2025-12-01 00:00:00;86,79
2025-12-01 01:00:00;84,26
2025-12-01 02:00:00;81,12
2025-12-01 03:00:00;82,29
2025-12-01 04:00:00;80,03
2025-12-01 05:00:00;88,13
2025-12-01 06:00:00;97,84
2025-12-01 07:00:00;129,94
2025-12-01 08:00:00;138,24
2025-12-01 09:00:00;113,44
2025-12-01 10:00:00;98,8
2025-12-01 11:00:00;92,37
2025-12-01 12:00:00;89,38
2025-12-01 13:00:00;93,3
2025-12-01 14:00:00;106,17
2025-12-01 15:00:00;118,8
2025-12-01 16:00:00;117,25
2025-12-01 17:00:00;106,52
2025-12-01 18:00:00;99,25
2025-12-01 19:00:00;91,48
2025-12-01 20:00:00;86,32
2025-12-01 21:00:00;78,38
2025-12-01 22:00:00;76,86
2025-12-01 23:00:00;69,94
2025-12-02 00:00:00;63,34
2025-12-02 01:00:00;59,41
2025-12-02 02:00:00;54,64
2025-12-02 03:00:00;53,57
2025-12-02 04:00:00;54,88
2025-12-02 05:00:00;66,37
2025-12-02 06:00:00;76,54
2025-12-02 07:00:00;90,14
2025-12-02 08:00:00;89,92
2025-12-02 09:00:00;89,14
2025-12-02 10:00:00;86,26
2025-12-02 11:00:00;88,36
2025-12-02 12:00:00;89,14
2025-12-02 13:00:00;100,11
2025-12-02 14:00:00;112
2025-12-02 15:00:00;141,85
2025-12-02 16:00:00;152,73
2025-12-02 17:00:00;166,13
2025-12-02 18:00:00;165,35
2025-12-02 19:00:00;158
2025-12-02 20:00:00;143,44
2025-12-02 21:00:00;125,34
2025-12-02 22:00:00;115,21
2025-12-02 23:00:00;100,95
2025-12-03 00:00:00;95,77
2025-12-03 01:00:00;91,34
2025-12-03 02:00:00;90,92
2025-12-03 03:00:00;91,93
2025-12-03 04:00:00;93,48
2025-12-03 05:00:00;99,44
2025-12-03 06:00:00;143,17
2025-12-03 07:00:00;202,31
2025-12-03 08:00:00;243,64
2025-12-03 09:00:00;215,1
2025-12-03 10:00:00;182,93
2025-12-03 11:00:00;167,22
2025-12-03 12:00:00;163,32
2025-12-03 13:00:00;170,62
2025-12-03 14:00:00;192,08
2025-12-03 15:00:00;250,42
2025-12-03 16:00:00;332,68
2025-12-03 17:00:00;307,1
2025-12-03 18:00:00;216,37
2025-12-03 19:00:00;178,3
2025-12-03 20:00:00;146,71
2025-12-03 21:00:00;127,04
2025-12-03 22:00:00;115,99
2025-12-03 23:00:00;104,03
2025-12-04 00:00:00;98,04
2025-12-04 01:00:00;94,91
2025-12-04 02:00:00;91,66
2025-12-04 03:00:00;90,44
2025-12-04 04:00:00;92,24
2025-12-04 05:00:00;97,83
2025-12-04 06:00:00;123,28
2025-12-04 07:00:00;147,63
2025-12-04 08:00:00;162,71
2025-12-04 09:00:00;165,19
2025-12-04 10:00:00;144,72
2025-12-04 11:00:00;143,88
2025-12-04 12:00:00;136,98
2025-12-04 13:00:00;138,94
2025-12-04 14:00:00;148,14
2025-12-04 15:00:00;156,78
2025-12-04 16:00:00;158,68
2025-12-04 17:00:00;157,93
2025-12-04 18:00:00;144,46
2025-12-04 19:00:00;134,47
2025-12-04 20:00:00;121,55
2025-12-04 21:00:00;107,38
2025-12-04 22:00:00;105,74
2025-12-04 23:00:00;96,86
2025-12-05 00:00:00;95,63
2025-12-05 01:00:00;92,29
2025-12-05 02:00:00;90,33
2025-12-05 03:00:00;90,18
2025-12-05 04:00:00;93,14
2025-12-05 05:00:00;99,22
2025-12-05 06:00:00;127,08
2025-12-05 07:00:00;166,88
2025-12-05 08:00:00;211,42
2025-12-05 09:00:00;205,83
2025-12-05 10:00:00;185,14
2025-12-05 11:00:00;182,79
2025-12-05 12:00:00;174,42
2025-12-05 13:00:00;169,15
2025-12-05 14:00:00;169,48
2025-12-05 15:00:00;180,55
2025-12-05 16:00:00;186,55
2025-12-05 17:00:00;177,02
2025-12-05 18:00:00;155,82
2025-12-05 19:00:00;132,97
2025-12-05 20:00:00;120,62
2025-12-05 21:00:00;101,11
2025-12-05 22:00:00;94,69
2025-12-05 23:00:00;84,86
2025-12-06 00:00:00;82,03
2025-12-06 01:00:00;78,12
2025-12-06 02:00:00;73,82
2025-12-06 03:00:00;70,23
2025-12-06 04:00:00;64,83
2025-12-06 05:00:00;62,41
2025-12-06 06:00:00;62,83
2025-12-06 07:00:00;68,41
2025-12-06 08:00:00;76,69
2025-12-06 09:00:00;80,02
2025-12-06 10:00:00;81,07
2025-12-06 11:00:00;81,29
2025-12-06 12:00:00;81,56
2025-12-06 13:00:00;82,35
2025-12-06 14:00:00;85,89
2025-12-06 15:00:00;89,06
2025-12-06 16:00:00;94,44
2025-12-06 17:00:00;95,44
2025-12-06 18:00:00;90,59
2025-12-06 19:00:00;86,44
2025-12-06 20:00:00;81,13
2025-12-06 21:00:00;77,85
2025-12-06 22:00:00;76,6
2025-12-06 23:00:00;70,49
2025-12-07 00:00:00;64,66
2025-12-07 01:00:00;59
2025-12-07 02:00:00;56,72
2025-12-07 03:00:00;56,08
2025-12-07 04:00:00;59,14
2025-12-07 05:00:00;62,23
2025-12-07 06:00:00;65,73
2025-12-07 07:00:00;73,32
2025-12-07 08:00:00;77,39
2025-12-07 09:00:00;84,25
2025-12-07 10:00:00;88,01
2025-12-07 11:00:00;89,44
2025-12-07 12:00:00;93,27
2025-12-07 13:00:00;95,33
2025-12-07 14:00:00;100,28
2025-12-07 15:00:00;103,9
2025-12-07 16:00:00;110,1
2025-12-07 17:00:00;108,86
2025-12-07 18:00:00;101,72
2025-12-07 19:00:00;91,39
2025-12-07 20:00:00;85,28
2025-12-07 21:00:00;77,22
2025-12-07 22:00:00;68,94
2025-12-07 23:00:00;48,87
2025-12-08 00:00:00;28,13
2025-12-08 01:00:00;24,47
2025-12-08 02:00:00;18,76
2025-12-08 03:00:00;12,49
2025-12-08 04:00:00;14,43
2025-12-08 05:00:00;29,38
2025-12-08 06:00:00;56,04
2025-12-08 07:00:00;79,22
2025-12-08 08:00:00;87,31
2025-12-08 09:00:00;85,78
2025-12-08 10:00:00;80,22
2025-12-08 11:00:00;76,5
2025-12-08 12:00:00;74,07
2025-12-08 13:00:00;79,8
2025-12-08 14:00:00;87,55
2025-12-08 15:00:00;94,42
2025-12-08 16:00:00;97,19
2025-12-08 17:00:00;104,02
2025-12-08 18:00:00;99,51
2025-12-08 19:00:00;95,02
2025-12-08 20:00:00;88,87
2025-12-08 21:00:00;83,38
2025-12-08 22:00:00;79,55
2025-12-08 23:00:00;71,98
2025-12-09 00:00:00;73,17
2025-12-09 01:00:00;71,75
2025-12-09 02:00:00;71,11
2025-12-09 03:00:00;74,82
2025-12-09 04:00:00;76,38
2025-12-09 05:00:00;81,15
2025-12-09 06:00:00;97,91
2025-12-09 07:00:00;108,54
2025-12-09 08:00:00;125,3
2025-12-09 09:00:00;108,63
2025-12-09 10:00:00;101
2025-12-09 11:00:00;97,56
2025-12-09 12:00:00;94,08
2025-12-09 13:00:00;96,41
2025-12-09 14:00:00;98,99
2025-12-09 15:00:00;106,06
2025-12-09 16:00:00;107,27
2025-12-09 17:00:00;107,74
2025-12-09 18:00:00;98,1
2025-12-09 19:00:00;88,45
2025-12-09 20:00:00;85,97
2025-12-09 21:00:00;79,69
2025-12-09 22:00:00;72,66
2025-12-09 23:00:00;59,58
2025-12-10 00:00:00;48
2025-12-10 01:00:00;40,19
2025-12-10 02:00:00;36,72
2025-12-10 03:00:00;38,9
2025-12-10 04:00:00;51,05
2025-12-10 05:00:00;67,31
2025-12-10 06:00:00;80,51
2025-12-10 07:00:00;92,9
2025-12-10 08:00:00;100,34
2025-12-10 09:00:00;96,51
2025-12-10 10:00:00;89,26
2025-12-10 11:00:00;84,39
2025-12-10 12:00:00;83,34
2025-12-10 13:00:00;85,27
2025-12-10 14:00:00;92,2
2025-12-10 15:00:00;101,8
2025-12-10 16:00:00;104,9
2025-12-10 17:00:00;105,73
2025-12-10 18:00:00;104,97
2025-12-10 19:00:00;95,76
2025-12-10 20:00:00;88,94
2025-12-10 21:00:00;85,63
2025-12-10 22:00:00;84,24
2025-12-10 23:00:00;76,17
2025-12-11 00:00:00;72,09
2025-12-11 01:00:00;68,88
2025-12-11 02:00:00;68,26
2025-12-11 03:00:00;70,49
2025-12-11 04:00:00;73,96
2025-12-11 05:00:00;79,47
2025-12-11 06:00:00;88,26
2025-12-11 07:00:00;99,2
2025-12-11 08:00:00;109,53
2025-12-11 09:00:00;105,49
2025-12-11 10:00:00;92,94
2025-12-11 11:00:00;90,5
2025-12-11 12:00:00;89,23
2025-12-11 13:00:00;90,81
2025-12-11 14:00:00;99,8
2025-12-11 15:00:00;110,83
2025-12-11 16:00:00;116,7
2025-12-11 17:00:00;119,2
2025-12-11 18:00:00;117,36
2025-12-11 19:00:00;112,48
2025-12-11 20:00:00;106,22
2025-12-11 21:00:00;97,27
2025-12-11 22:00:00;97,96
2025-12-11 23:00:00;96,54
2025-12-12 00:00:00;83,79
2025-12-12 01:00:00;86,66
2025-12-12 02:00:00;87,8
2025-12-12 03:00:00;86,43
2025-12-12 04:00:00;88,12
2025-12-12 05:00:00;91,78
2025-12-12 06:00:00;107,16
2025-12-12 07:00:00;127,76
2025-12-12 08:00:00;134,17
2025-12-12 09:00:00;129,5
2025-12-12 10:00:00;122,08
2025-12-12 11:00:00;118,86
2025-12-12 12:00:00;116,02
2025-12-12 13:00:00;116,03
2025-12-12 14:00:00;125,47
2025-12-12 15:00:00;138,82
2025-12-12 16:00:00;152,14
2025-12-12 17:00:00;150,19
2025-12-12 18:00:00;137,67
2025-12-12 19:00:00;129,73
2025-12-12 20:00:00;120,48
2025-12-12 21:00:00;111,36
2025-12-12 22:00:00;103,13
2025-12-12 23:00:00;93,05
2025-12-13 00:00:00;93,14
2025-12-13 01:00:00;90,35
2025-12-13 02:00:00;88,5
2025-12-13 03:00:00;87,37
2025-12-13 04:00:00;85,42
2025-12-13 05:00:00;86,4
2025-12-13 06:00:00;85,2
2025-12-13 07:00:00;88,16
2025-12-13 08:00:00;100,72
2025-12-13 09:00:00;106,59
2025-12-13 10:00:00;101,8
2025-12-13 11:00:00;98,23
2025-12-13 12:00:00;93,88
2025-12-13 13:00:00;94,26
2025-12-13 14:00:00;97,88
2025-12-13 15:00:00;112,02
2025-12-13 16:00:00;117,83
2025-12-13 17:00:00;118,37
2025-12-13 18:00:00;112,71
2025-12-13 19:00:00;103,22
2025-12-13 20:00:00;92,95
2025-12-13 21:00:00;89,58
2025-12-13 22:00:00;89,39
2025-12-13 23:00:00;82,74
2025-12-14 00:00:00;86,97
2025-12-14 01:00:00;84,56
2025-12-14 02:00:00;78,72
2025-12-14 03:00:00;76,68
2025-12-14 04:00:00;74,8
2025-12-14 05:00:00;74,41
2025-12-14 06:00:00;74,25
2025-12-14 07:00:00;75,69
2025-12-14 08:00:00;80,1
2025-12-14 09:00:00;81,73
2025-12-14 10:00:00;80,53
2025-12-14 11:00:00;81,05
2025-12-14 12:00:00;82,43
2025-12-14 13:00:00;82
2025-12-14 14:00:00;85,78
2025-12-14 15:00:00;91,2
2025-12-14 16:00:00;96,34
2025-12-14 17:00:00;99,24
2025-12-14 18:00:00;97,71
2025-12-14 19:00:00;91,46
2025-12-14 20:00:00;86,5
2025-12-14 21:00:00;82,27
2025-12-14 22:00:00;80,52
2025-12-14 23:00:00;74,37
2025-12-15 00:00:00;71,69
2025-12-15 01:00:00;70,88
2025-12-15 02:00:00;68,89
2025-12-15 03:00:00;70,21
2025-12-15 04:00:00;73,64
2025-12-15 05:00:00;78,4
2025-12-15 06:00:00;90,31
2025-12-15 07:00:00;105,31
2025-12-15 08:00:00;109,86
2025-12-15 09:00:00;103,59
2025-12-15 10:00:00;93,71
2025-12-15 11:00:00;86,78
2025-12-15 12:00:00;84,03
2025-12-15 13:00:00;90,67
2025-12-15 14:00:00;100,43
2025-12-15 15:00:00;112,98
2025-12-15 16:00:00;114,52
2025-12-15 17:00:00;112,76
2025-12-15 18:00:00;106,99
2025-12-15 19:00:00;98,21
2025-12-15 20:00:00;91,67
2025-12-15 21:00:00;87,63
2025-12-15 22:00:00;86,4
2025-12-15 23:00:00;81,73
2025-12-16 00:00:00;81,38
2025-12-16 01:00:00;80,03
2025-12-16 02:00:00;78,2
2025-12-16 03:00:00;79,18
2025-12-16 04:00:00;81,48
2025-12-16 05:00:00;80,8
2025-12-16 06:00:00;89,2
2025-12-16 07:00:00;98,75
2025-12-16 08:00:00;111,68
2025-12-16 09:00:00;106,23
2025-12-16 10:00:00;95,73
2025-12-16 11:00:00;94,07
2025-12-16 12:00:00;93,61
2025-12-16 13:00:00;104,74
2025-12-16 14:00:00;120,06
2025-12-16 15:00:00;136,99
2025-12-16 16:00:00;150,66
2025-12-16 17:00:00;158,74
2025-12-16 18:00:00;146,17
2025-12-16 19:00:00;138,69
2025-12-16 20:00:00;128,66
2025-12-16 21:00:00;117,52
2025-12-16 22:00:00;113,22
2025-12-16 23:00:00;102,18
2025-12-17 00:00:00;91,69
2025-12-17 01:00:00;90,42
2025-12-17 02:00:00;86,8
2025-12-17 03:00:00;86,71
2025-12-17 04:00:00;87,72
2025-12-17 05:00:00;91,74
2025-12-17 06:00:00;101,19
2025-12-17 07:00:00;118,17
2025-12-17 08:00:00;134,93
2025-12-17 09:00:00;128
2025-12-17 10:00:00;122,42
2025-12-17 11:00:00;115,98
2025-12-17 12:00:00;111,76
2025-12-17 13:00:00;119,35
2025-12-17 14:00:00;126,44
2025-12-17 15:00:00;129,75
2025-12-17 16:00:00;132,74
2025-12-17 17:00:00;126,81
2025-12-17 18:00:00;115,37
2025-12-17 19:00:00;101,14
2025-12-17 20:00:00;94,26
2025-12-17 21:00:00;90,49
2025-12-17 22:00:00;88,08
2025-12-17 23:00:00;80,81
2025-12-18 00:00:00;76,38
2025-12-18 01:00:00;70,08
2025-12-18 02:00:00;63,16
2025-12-18 03:00:00;56,15
2025-12-18 04:00:00;53,47
2025-12-18 05:00:00;56,37
2025-12-18 06:00:00;69,1
2025-12-18 07:00:00;83,86
2025-12-18 08:00:00;91,34
2025-12-18 09:00:00;88,12
2025-12-18 10:00:00;81,03
2025-12-18 11:00:00;78,84
2025-12-18 12:00:00;81,91
2025-12-18 13:00:00;82,66
2025-12-18 14:00:00;98,93
2025-12-18 15:00:00;106,78
2025-12-18 16:00:00;108,18
2025-12-18 17:00:00;100,66
2025-12-18 18:00:00;88,55
2025-12-18 19:00:00;78,68
2025-12-18 20:00:00;68,31
2025-12-18 21:00:00;56,27
2025-12-18 22:00:00;50,62
2025-12-18 23:00:00;23,57
2025-12-19 00:00:00;11,48
2025-12-19 01:00:00;6,64
2025-12-19 02:00:00;5,11
2025-12-19 03:00:00;4,04
2025-12-19 04:00:00;6,21
2025-12-19 05:00:00;15,39
2025-12-19 06:00:00;47,64
2025-12-19 07:00:00;75,68
2025-12-19 08:00:00;87,42
2025-12-19 09:00:00;86,92
2025-12-19 10:00:00;85,71
2025-12-19 11:00:00;84,26
2025-12-19 12:00:00;83,78
2025-12-19 13:00:00;87,31
2025-12-19 14:00:00;96,25
2025-12-19 15:00:00;101,02
2025-12-19 16:00:00;106,11
2025-12-19 17:00:00;110,47
2025-12-19 18:00:00;108,5
2025-12-19 19:00:00;105,39
2025-12-19 20:00:00;102,91
2025-12-19 21:00:00;98,08
2025-12-19 22:00:00;97,08
2025-12-19 23:00:00;91,45
2025-12-20 00:00:00;85,2
2025-12-20 01:00:00;83,76
2025-12-20 02:00:00;83,74
2025-12-20 03:00:00;86,17
2025-12-20 04:00:00;86,83
2025-12-20 05:00:00;89,15
2025-12-20 06:00:00;92,69
2025-12-20 07:00:00;100,45
2025-12-20 08:00:00;111,25
2025-12-20 09:00:00;112,46
2025-12-20 10:00:00;109,02
2025-12-20 11:00:00;106,34
2025-12-20 12:00:00;105,98
2025-12-20 13:00:00;108,04
2025-12-20 14:00:00;113,95
2025-12-20 15:00:00;118,52
2025-12-20 16:00:00;120,38
2025-12-20 17:00:00;120,13
2025-12-20 18:00:00;117,35
2025-12-20 19:00:00;105,8
2025-12-20 20:00:00;97,94
2025-12-20 21:00:00;92,48
2025-12-20 22:00:00;92,07
2025-12-20 23:00:00;89,49
2025-12-21 00:00:00;93,3
2025-12-21 01:00:00;89,33
2025-12-21 02:00:00;87,24
2025-12-21 03:00:00;85,41
2025-12-21 04:00:00;85,77
2025-12-21 05:00:00;85,58
2025-12-21 06:00:00;86,27
2025-12-21 07:00:00;88,68
2025-12-21 08:00:00;95,67
2025-12-21 09:00:00;99,06
2025-12-21 10:00:00;96,54
2025-12-21 11:00:00;96,15
2025-12-21 12:00:00;94,16
2025-12-21 13:00:00;92,28
2025-12-21 14:00:00;95,5
2025-12-21 15:00:00;99,54
2025-12-21 16:00:00;99,12
2025-12-21 17:00:00;98,23
2025-12-21 18:00:00;92,4
2025-12-21 19:00:00;87,18
2025-12-21 20:00:00;81,58
2025-12-21 21:00:00;77,43
2025-12-21 22:00:00;75,45
2025-12-21 23:00:00;68,42
2025-12-22 00:00:00;69,12
2025-12-22 01:00:00;65,69
2025-12-22 02:00:00;63,52
2025-12-22 03:00:00;61,63
2025-12-22 04:00:00;64,85
2025-12-22 05:00:00;70,52
2025-12-22 06:00:00;77,73
2025-12-22 07:00:00;89,4
2025-12-22 08:00:00;96,58
2025-12-22 09:00:00;94,67
2025-12-22 10:00:00;92,74
2025-12-22 11:00:00;87,95
2025-12-22 12:00:00;87,08
2025-12-22 13:00:00;88,51
2025-12-22 14:00:00;93,61
2025-12-22 15:00:00;101,34
2025-12-22 16:00:00;105,15
2025-12-22 17:00:00;109,3
2025-12-22 18:00:00;105,32
2025-12-22 19:00:00;98,6
2025-12-22 20:00:00;94,69
2025-12-22 21:00:00;88,76
2025-12-22 22:00:00;88,02
2025-12-22 23:00:00;81,33
2025-12-23 00:00:00;74,2
2025-12-23 01:00:00;68,5
2025-12-23 02:00:00;65,59
2025-12-23 03:00:00;63,56
2025-12-23 04:00:00;63,63
2025-12-23 05:00:00;65,6
2025-12-23 06:00:00;71,88
2025-12-23 07:00:00;81,48
2025-12-23 08:00:00;86,23
2025-12-23 09:00:00;87,08
2025-12-23 10:00:00;84,92
2025-12-23 11:00:00;82,16
2025-12-23 12:00:00;81,24
2025-12-23 13:00:00;80,2
2025-12-23 14:00:00;81,27
2025-12-23 15:00:00;83,72
2025-12-23 16:00:00;85,01
2025-12-23 17:00:00;85,94
2025-12-23 18:00:00;84,67
2025-12-23 19:00:00;81,88
2025-12-23 20:00:00;76,15
2025-12-23 21:00:00;70,01
2025-12-23 22:00:00;71,32
2025-12-23 23:00:00;63,03
2025-12-24 00:00:00;54,93
2025-12-24 01:00:00;50,33
2025-12-24 02:00:00;46,82
2025-12-24 03:00:00;47,06
2025-12-24 04:00:00;47,09
2025-12-24 05:00:00;47,9
2025-12-24 06:00:00;51,74
2025-12-24 07:00:00;62,6
2025-12-24 08:00:00;75,45
2025-12-24 09:00:00;77,97
2025-12-24 10:00:00;73,36
2025-12-24 11:00:00;68,73
2025-12-24 12:00:00;63,06
2025-12-24 13:00:00;61,61
2025-12-24 14:00:00;65,11
2025-12-24 15:00:00;77,2
2025-12-24 16:00:00;81,25
2025-12-24 17:00:00;81,62
2025-12-24 18:00:00;74,1
2025-12-24 19:00:00;68,09
2025-12-24 20:00:00;66,7
2025-12-24 21:00:00;63
2025-12-24 22:00:00;65,54
2025-12-24 23:00:00;57,38
2025-12-25 00:00:00;60,45
2025-12-25 01:00:00;53,31
2025-12-25 02:00:00;51,65
2025-12-25 03:00:00;50,32
2025-12-25 04:00:00;49,63
2025-12-25 05:00:00;50,16
2025-12-25 06:00:00;49,4
2025-12-25 07:00:00;55,06
2025-12-25 08:00:00;65,07
2025-12-25 09:00:00;58,74
2025-12-25 10:00:00;41,22
2025-12-25 11:00:00;33,98
2025-12-25 12:00:00;32,67
2025-12-25 13:00:00;40,04
2025-12-25 14:00:00;69,4
2025-12-25 15:00:00;86,6
2025-12-25 16:00:00;90,08
2025-12-25 17:00:00;92,8
2025-12-25 18:00:00;94,38
2025-12-25 19:00:00;93,11
2025-12-25 20:00:00;96,08
2025-12-25 21:00:00;95,52
2025-12-25 22:00:00;97,18
2025-12-25 23:00:00;95,28
2025-12-26 00:00:00;90,85
2025-12-26 01:00:00;87,28
2025-12-26 02:00:00;83,96
2025-12-26 03:00:00;82,38
2025-12-26 04:00:00;81,82
2025-12-26 05:00:00;83,14
2025-12-26 06:00:00;83,8
2025-12-26 07:00:00;89,36
2025-12-26 08:00:00;91,2
2025-12-26 09:00:00;91,5
2025-12-26 10:00:00;84,16
2025-12-26 11:00:00;77,84
2025-12-26 12:00:00;74,83
2025-12-26 13:00:00;77,06
2025-12-26 14:00:00;89,39
2025-12-26 15:00:00;98,87
2025-12-26 16:00:00;106,44
2025-12-26 17:00:00;108,04
2025-12-26 18:00:00;108,82
2025-12-26 19:00:00;105,78
2025-12-26 20:00:00;105,91
2025-12-26 21:00:00;101,95
2025-12-26 22:00:00;100,18
2025-12-26 23:00:00;94,39
2025-12-27 00:00:00;93,16
2025-12-27 01:00:00;90,56
2025-12-27 02:00:00;87,05
2025-12-27 03:00:00;87,01
2025-12-27 04:00:00;87,95
2025-12-27 05:00:00;88,04
2025-12-27 06:00:00;91,11
2025-12-27 07:00:00;98,15
2025-12-27 08:00:00;106,91
2025-12-27 09:00:00;101,81
2025-12-27 10:00:00;85,02
2025-12-27 11:00:00;76,89
2025-12-27 12:00:00;74,23
2025-12-27 13:00:00;77,49
2025-12-27 14:00:00;85,81
2025-12-27 15:00:00;96,75
2025-12-27 16:00:00;106,25
2025-12-27 17:00:00;106,87
2025-12-27 18:00:00;108,1
2025-12-27 19:00:00;103,93
2025-12-27 20:00:00;99,14
2025-12-27 21:00:00;93,3
2025-12-27 22:00:00;92,62
2025-12-27 23:00:00;86,7
2025-12-28 00:00:00;82,13
2025-12-28 01:00:00;82,27
2025-12-28 02:00:00;80,03
2025-12-28 03:00:00;79,41
2025-12-28 04:00:00;79,91
2025-12-28 05:00:00;82,17
2025-12-28 06:00:00;84,27
2025-12-28 07:00:00;86,28
2025-12-28 08:00:00;92,73
2025-12-28 09:00:00;91,83
2025-12-28 10:00:00;86,21
2025-12-28 11:00:00;85,53
2025-12-28 12:00:00;79,83
2025-12-28 13:00:00;82,31
2025-12-28 14:00:00;86,2
2025-12-28 15:00:00;95,89
2025-12-28 16:00:00;106,34
2025-12-28 17:00:00;110,32
2025-12-28 18:00:00;114,28
2025-12-28 19:00:00;107,12
2025-12-28 20:00:00;101,46
2025-12-28 21:00:00;95,76
2025-12-28 22:00:00;93,65
2025-12-28 23:00:00;84,99
2025-12-29 00:00:00;86,46
2025-12-29 01:00:00;81,79
2025-12-29 02:00:00;79,35
2025-12-29 03:00:00;78,93
2025-12-29 04:00:00;77,36
2025-12-29 05:00:00;90,05
2025-12-29 06:00:00;95,82
2025-12-29 07:00:00;114,06
2025-12-29 08:00:00;110,74
2025-12-29 09:00:00;115,3
2025-12-29 10:00:00;105,12
2025-12-29 11:00:00;100,07
2025-12-29 12:00:00;91,78
2025-12-29 13:00:00;91,3
2025-12-29 14:00:00;95,25
2025-12-29 15:00:00;102,11
2025-12-29 16:00:00;111,43
2025-12-29 17:00:00;106,55
2025-12-29 18:00:00;99,1
2025-12-29 19:00:00;92,82
2025-12-29 20:00:00;96,94
2025-12-29 21:00:00;89,02
2025-12-29 22:00:00;84,81
2025-12-29 23:00:00;84,52
2025-12-30 00:00:00;79,38
2025-12-30 01:00:00;75,51
2025-12-30 02:00:00;73,37
2025-12-30 03:00:00;71,46
2025-12-30 04:00:00;70,77
2025-12-30 05:00:00;74,02
2025-12-30 06:00:00;80,46
2025-12-30 07:00:00;89,36
2025-12-30 08:00:00;98,1
2025-12-30 09:00:00;95,35
2025-12-30 10:00:00;86,28
2025-12-30 11:00:00;80,01
2025-12-30 12:00:00;76,64
2025-12-30 13:00:00;76,94
2025-12-30 14:00:00;87,55
2025-12-30 15:00:00;103,44
2025-12-30 16:00:00;111,55
2025-12-30 17:00:00;112,31
2025-12-30 18:00:00;112,56
2025-12-30 19:00:00;108,5
2025-12-30 20:00:00;102,25
2025-12-30 21:00:00;96,66
2025-12-30 22:00:00;95,32
2025-12-30 23:00:00;88,04
2025-12-31 00:00:00;89,04
2025-12-31 01:00:00;85,96
2025-12-31 02:00:00;81,26
2025-12-31 03:00:00;78,97
2025-12-31 04:00:00;76,88
2025-12-31 05:00:00;78,67
2025-12-31 06:00:00;80,45
2025-12-31 07:00:00;85,54
2025-12-31 08:00:00;90,82
2025-12-31 09:00:00;90,51
2025-12-31 10:00:00;85,98
2025-12-31 11:00:00;82,14
2025-12-31 12:00:00;80,91
2025-12-31 13:00:00;81,68
2025-12-31 14:00:00;83,79
2025-12-31 15:00:00;88,42
2025-12-31 16:00:00;96,45
2025-12-31 17:00:00;104,45
2025-12-31 18:00:00;103,14
2025-12-31 19:00:00;93,78
2025-12-31 20:00:00;85,93
2025-12-31 21:00:00;79,34
2025-12-31 22:00:00;78,84
2025-12-31 23:00:00;72,85