date;time;p_e;P_th synthetisch;P_th synthetisch [MWh];p_fuel [mw]
01.01.25;00:00:00;1,02;0;0;0
01.01.25;01:00:00;0,54;0;0;0
01.01.25;02:00:00;-0,74;0;0;0
01.01.25;03:00:00;-1,31;0;0;0
01.01.25;04:00:00;-3,26;0;0;0
01.01.25;05:00:00;-2,72;0;0;0
01.01.25;06:00:00;-2,8;0;0;0
01.01.25;07:00:00;-1,44;0;0;0
01.01.25;08:00:00;-5;0;0;0
01.01.25;09:00:00;-4,14;0;0;0
01.01.25;10:00:00;-5,36;0;0;0
01.01.25;11:00:00;-2,95;0;0;0
01.01.25;12:00:00;-2,57;0;0;0
01.01.25;13:00:00;-2,33;0;0;0
01.01.25;14:00:00;-2,76;0;0;0
01.01.25;15:00:00;-0,55;0;0;0
01.01.25;16:00:00;-0,26;0;0;0
01.01.25;17:00:00;2,04;0;0;0
01.01.25;18:00:00;4,84;0;0;0
01.01.25;19:00:00;4,86;0;0;0
01.01.25;20:00:00;4,78;0;0;0
01.01.25;21:00:00;1,84;0;0;0
01.01.25;22:00:00;6,86;0;0;0
01.01.25;23:00:00;4,04;0;0;0
02.01.25;00:00:00;5,9;0;0;0
02.01.25;01:00:00;5,23;0;0;0
02.01.25;02:00:00;13,02;0;0;0
02.01.25;03:00:00;16,36;0;0;0
02.01.25;04:00:00;17,73;0;0;0
02.01.25;05:00:00;38,94;0;0;0
02.01.25;06:00:00;68,52;0;0;0
02.01.25;07:00:00;103,45;119,8252773;0,119825277;0,277373326
02.01.25;08:00:00;119,82;197,893261;0,197893261;0,458086252
02.01.25;09:00:00;126,66;197,893261;0,197893261;0,458086252
02.01.25;10:00:00;123,88;197,893261;0,197893261;0,458086252
02.01.25;11:00:00;121,37;197,893261;0,197893261;0,458086252
02.01.25;12:00:00;117,18;197,893261;0,197893261;0,458086252
02.01.25;13:00:00;116,35;197,893261;0,197893261;0,458086252
02.01.25;14:00:00;121,24;197,893261;0,197893261;0,458086252
02.01.25;15:00:00;129,9;197,893261;0,197893261;0,458086252
02.01.25;16:00:00;136,24;197,893261;0,197893261;0,458086252
02.01.25;17:00:00;151,92;197,893261;0,197893261;0,458086252
02.01.25;18:00:00;151,73;197,893261;0,197893261;0,458086252
02.01.25;19:00:00;139,88;197,893261;0,197893261;0,458086252
02.01.25;20:00:00;129,99;197,893261;0,197893261;0,458086252
02.01.25;21:00:00;116,89;197,893261;0,197893261;0,458086252
02.01.25;22:00:00;112,21;197,893261;0,197893261;0,458086252
02.01.25;23:00:00;91,74;119,8252773;0,119825277;0,277373326
03.01.25;00:00:00;94,17;119,8252773;0,119825277;0,277373326
03.01.25;01:00:00;85,59;0;0;0
03.01.25;02:00:00;80,53;0;0;0
03.01.25;03:00:00;77,17;0;0;0
03.01.25;04:00:00;73,67;0;0;0
03.01.25;05:00:00;77,03;0;0;0
03.01.25;06:00:00;82,33;0;0;0
03.01.25;07:00:00;87,55;0;0;0
03.01.25;08:00:00;95,01;119,8252773;0,119825277;0,277373326
03.01.25;09:00:00;93,56;119,8252773;0,119825277;0,277373326
03.01.25;10:00:00;84,77;0;0;0
03.01.25;11:00:00;76,39;0;0;0
03.01.25;12:00:00;75,94;0;0;0
03.01.25;13:00:00;79,66;0;0;0
03.01.25;14:00:00;84,57;0;0;0
03.01.25;15:00:00;97,15;119,8252773;0,119825277;0,277373326
03.01.25;16:00:00;113,78;197,893261;0,197893261;0,458086252
03.01.25;17:00:00;126,63;197,893261;0,197893261;0,458086252
03.01.25;18:00:00;126,67;197,893261;0,197893261;0,458086252
03.01.25;19:00:00;121,52;197,893261;0,197893261;0,458086252
03.01.25;20:00:00;117,16;197,893261;0,197893261;0,458086252
03.01.25;21:00:00;109,98;197,893261;0,197893261;0,458086252
03.01.25;22:00:00;102,45;119,8252773;0,119825277;0,277373326
03.01.25;23:00:00;90,78;119,8252773;0,119825277;0,277373326
04.01.25;00:00:00;91,75;119,8252773;0,119825277;0,277373326
04.01.25;01:00:00;89,84;119,8252773;0,119825277;0,277373326
04.01.25;02:00:00;92,04;119,8252773;0,119825277;0,277373326
04.01.25;03:00:00;94,46;119,8252773;0,119825277;0,277373326
04.01.25;04:00:00;101,13;119,8252773;0,119825277;0,277373326
04.01.25;05:00:00;106,76;197,893261;0,197893261;0,458086252
04.01.25;06:00:00;114,48;197,893261;0,197893261;0,458086252
04.01.25;07:00:00;124,55;197,893261;0,197893261;0,458086252
04.01.25;08:00:00;132,82;197,893261;0,197893261;0,458086252
04.01.25;09:00:00;133,94;197,893261;0,197893261;0,458086252
04.01.25;10:00:00;132,5;197,893261;0,197893261;0,458086252
04.01.25;11:00:00;127,28;197,893261;0,197893261;0,458086252
04.01.25;12:00:00;126,12;197,893261;0,197893261;0,458086252
04.01.25;13:00:00;126,25;197,893261;0,197893261;0,458086252
04.01.25;14:00:00;132,71;197,893261;0,197893261;0,458086252
04.01.25;15:00:00;138,86;197,893261;0,197893261;0,458086252
04.01.25;16:00:00;143,1;197,893261;0,197893261;0,458086252
04.01.25;17:00:00;152,96;197,893261;0,197893261;0,458086252
04.01.25;18:00:00;147;197,893261;0,197893261;0,458086252
04.01.25;19:00:00;139,52;197,893261;0,197893261;0,458086252
04.01.25;20:00:00;131,25;197,893261;0,197893261;0,458086252
04.01.25;21:00:00;124,42;197,893261;0,197893261;0,458086252
04.01.25;22:00:00;119,84;197,893261;0,197893261;0,458086252
04.01.25;23:00:00;109,26;197,893261;0,197893261;0,458086252
05.01.25;00:00:00;106,42;197,893261;0,197893261;0,458086252
05.01.25;01:00:00;97,17;119,8252773;0,119825277;0,277373326
05.01.25;02:00:00;93,93;119,8252773;0,119825277;0,277373326
05.01.25;03:00:00;92,72;119,8252773;0,119825277;0,277373326
05.01.25;04:00:00;88,58;119,8252773;0,119825277;0,277373326
05.01.25;05:00:00;82,77;0;0;0
05.01.25;06:00:00;76,1;0;0;0
05.01.25;07:00:00;82,12;0;0;0
05.01.25;08:00:00;87,02;0;0;0
05.01.25;09:00:00;89,58;119,8252773;0,119825277;0,277373326
05.01.25;10:00:00;89,44;119,8252773;0,119825277;0,277373326
05.01.25;11:00:00;93,04;119,8252773;0,119825277;0,277373326
05.01.25;12:00:00;89,62;119,8252773;0,119825277;0,277373326
05.01.25;13:00:00;86,69;0;0;0
05.01.25;14:00:00;67;0;0;0
05.01.25;15:00:00;58,32;0;0;0
05.01.25;16:00:00;56,86;0;0;0
05.01.25;17:00:00;64,15;0;0;0
05.01.25;18:00:00;65,03;0;0;0
05.01.25;19:00:00;56,14;0;0;0
05.01.25;20:00:00;45,79;0;0;0
05.01.25;21:00:00;41,76;0;0;0
05.01.25;22:00:00;36,08;0;0;0
05.01.25;23:00:00;20,51;0;0;0
06.01.25;00:00:00;17,2;0;0;0
06.01.25;01:00:00;11,6;0;0;0
06.01.25;02:00:00;7,58;0;0;0
06.01.25;03:00:00;6,47;0;0;0
06.01.25;04:00:00;7,59;0;0;0
06.01.25;05:00:00;11,92;0;0;0
06.01.25;06:00:00;20,54;0;0;0
06.01.25;07:00:00;38,86;0;0;0
06.01.25;08:00:00;45,19;0;0;0
06.01.25;09:00:00;43,28;0;0;0
06.01.25;10:00:00;42,92;0;0;0
06.01.25;11:00:00;38,38;0;0;0
06.01.25;12:00:00;33,38;0;0;0
06.01.25;13:00:00;31,3;0;0;0
06.01.25;14:00:00;30,99;0;0;0
06.01.25;15:00:00;36,07;0;0;0
06.01.25;16:00:00;41,43;0;0;0
06.01.25;17:00:00;48,83;0;0;0
06.01.25;18:00:00;45,81;0;0;0
06.01.25;19:00:00;38,36;0;0;0
06.01.25;20:00:00;41,92;0;0;0
06.01.25;21:00:00;30,02;0;0;0
06.01.25;22:00:00;39,22;0;0;0
06.01.25;23:00:00;25,09;0;0;0
07.01.25;00:00:00;17,71;0;0;0
07.01.25;01:00:00;9,76;0;0;0
07.01.25;02:00:00;9,47;0;0;0
07.01.25;03:00:00;7,86;0;0;0
07.01.25;04:00:00;8,3;0;0;0
07.01.25;05:00:00;13,05;0;0;0
07.01.25;06:00:00;49,27;0;0;0
07.01.25;07:00:00;77,24;0;0;0
07.01.25;08:00:00;86,33;0;0;0
07.01.25;09:00:00;81,27;0;0;0
07.01.25;10:00:00;73,68;0;0;0
07.01.25;11:00:00;63,41;0;0;0
07.01.25;12:00:00;59,64;0;0;0
07.01.25;13:00:00;61,07;0;0;0
07.01.25;14:00:00;69,38;0;0;0
07.01.25;15:00:00;79,34;0;0;0
07.01.25;16:00:00;86,39;0;0;0
07.01.25;17:00:00;97,94;119,8252773;0,119825277;0,277373326
07.01.25;18:00:00;99,64;119,8252773;0,119825277;0,277373326
07.01.25;19:00:00;89,91;119,8252773;0,119825277;0,277373326
07.01.25;20:00:00;82,24;0;0;0
07.01.25;21:00:00;71,4;0;0;0
07.01.25;22:00:00;67,35;0;0;0
07.01.25;23:00:00;45,82;0;0;0
08.01.25;00:00:00;59,47;0;0;0
08.01.25;01:00:00;56,22;0;0;0
08.01.25;02:00:00;52,66;0;0;0
08.01.25;03:00:00;51,28;0;0;0
08.01.25;04:00:00;58,56;0;0;0
08.01.25;05:00:00;68,47;0;0;0
08.01.25;06:00:00;81,77;0;0;0
08.01.25;07:00:00;104,67;197,893261;0,197893261;0,458086252
08.01.25;08:00:00;123,89;197,893261;0,197893261;0,458086252
08.01.25;09:00:00;113,24;197,893261;0,197893261;0,458086252
08.01.25;10:00:00;104,49;197,893261;0,197893261;0,458086252
08.01.25;11:00:00;104,72;197,893261;0,197893261;0,458086252
08.01.25;12:00:00;99,13;119,8252773;0,119825277;0,277373326
08.01.25;13:00:00;103,68;197,893261;0,197893261;0,458086252
08.01.25;14:00:00;113,72;197,893261;0,197893261;0,458086252
08.01.25;15:00:00;131,89;197,893261;0,197893261;0,458086252
08.01.25;16:00:00;139,39;197,893261;0,197893261;0,458086252
08.01.25;17:00:00;153,32;197,893261;0,197893261;0,458086252
08.01.25;18:00:00;150,66;197,893261;0,197893261;0,458086252
08.01.25;19:00:00;144,33;197,893261;0,197893261;0,458086252
08.01.25;20:00:00;138,15;197,893261;0,197893261;0,458086252
08.01.25;21:00:00;126,27;197,893261;0,197893261;0,458086252
08.01.25;22:00:00;115,86;197,893261;0,197893261;0,458086252
08.01.25;23:00:00;106,52;197,893261;0,197893261;0,458086252
09.01.25;00:00:00;103,36;119,8252773;0,119825277;0,277373326
09.01.25;01:00:00;101,2;119,8252773;0,119825277;0,277373326
09.01.25;02:00:00;98,53;119,8252773;0,119825277;0,277373326
09.01.25;03:00:00;97,14;119,8252773;0,119825277;0,277373326
09.01.25;04:00:00;100,37;119,8252773;0,119825277;0,277373326
09.01.25;05:00:00;107,51;197,893261;0,197893261;0,458086252
09.01.25;06:00:00;134,62;197,893261;0,197893261;0,458086252
09.01.25;07:00:00;153,44;197,893261;0,197893261;0,458086252
09.01.25;08:00:00;169,24;197,893261;0,197893261;0,458086252
09.01.25;09:00:00;161,63;197,893261;0,197893261;0,458086252
09.01.25;10:00:00;150,36;197,893261;0,197893261;0,458086252
09.01.25;11:00:00;143,5;197,893261;0,197893261;0,458086252
09.01.25;12:00:00;135,85;197,893261;0,197893261;0,458086252
09.01.25;13:00:00;130,41;197,893261;0,197893261;0,458086252
09.01.25;14:00:00;128,58;197,893261;0,197893261;0,458086252
09.01.25;15:00:00;128,93;197,893261;0,197893261;0,458086252
09.01.25;16:00:00;126,87;197,893261;0,197893261;0,458086252
09.01.25;17:00:00;134,64;197,893261;0,197893261;0,458086252
09.01.25;18:00:00;133,18;197,893261;0,197893261;0,458086252
09.01.25;19:00:00;122,52;197,893261;0,197893261;0,458086252
09.01.25;20:00:00;118,28;197,893261;0,197893261;0,458086252
09.01.25;21:00:00;105,77;197,893261;0,197893261;0,458086252
09.01.25;22:00:00;96,61;119,8252773;0,119825277;0,277373326
09.01.25;23:00:00;83,24;0;0;0
10.01.25;00:00:00;84,64;0;0;0
10.01.25;01:00:00;79,9;0;0;0
10.01.25;02:00:00;73,61;0;0;0
10.01.25;03:00:00;70,5;0;0;0
10.01.25;04:00:00;72,99;0;0;0
10.01.25;05:00:00;83,44;0;0;0
10.01.25;06:00:00;95,33;119,8252773;0,119825277;0,277373326
10.01.25;07:00:00;119,84;197,893261;0,197893261;0,458086252
10.01.25;08:00:00;137,17;197,893261;0,197893261;0,458086252
10.01.25;09:00:00;135,07;197,893261;0,197893261;0,458086252
10.01.25;10:00:00;122,74;197,893261;0,197893261;0,458086252
10.01.25;11:00:00;112,3;197,893261;0,197893261;0,458086252
10.01.25;12:00:00;109,22;197,893261;0,197893261;0,458086252
10.01.25;13:00:00;106,77;197,893261;0,197893261;0,458086252
10.01.25;14:00:00;111,4;197,893261;0,197893261;0,458086252
10.01.25;15:00:00;127,24;197,893261;0,197893261;0,458086252
10.01.25;16:00:00;136,09;197,893261;0,197893261;0,458086252
10.01.25;17:00:00;145,68;197,893261;0,197893261;0,458086252
10.01.25;18:00:00;146,25;197,893261;0,197893261;0,458086252
10.01.25;19:00:00;141,48;197,893261;0,197893261;0,458086252
10.01.25;20:00:00;132,66;197,893261;0,197893261;0,458086252
10.01.25;21:00:00;120,86;197,893261;0,197893261;0,458086252
10.01.25;22:00:00;118,65;197,893261;0,197893261;0,458086252
10.01.25;23:00:00;109,46;197,893261;0,197893261;0,458086252
11.01.25;00:00:00;106,82;197,893261;0,197893261;0,458086252
11.01.25;01:00:00;99,82;119,8252773;0,119825277;0,277373326
11.01.25;02:00:00;97,56;119,8252773;0,119825277;0,277373326
11.01.25;03:00:00;92,54;119,8252773;0,119825277;0,277373326
11.01.25;04:00:00;90,72;119,8252773;0,119825277;0,277373326
11.01.25;05:00:00;91,25;119,8252773;0,119825277;0,277373326
11.01.25;06:00:00;91,84;119,8252773;0,119825277;0,277373326
11.01.25;07:00:00;100,81;119,8252773;0,119825277;0,277373326
11.01.25;08:00:00;112,13;197,893261;0,197893261;0,458086252
11.01.25;09:00:00;110,35;197,893261;0,197893261;0,458086252
11.01.25;10:00:00;106,27;197,893261;0,197893261;0,458086252
11.01.25;11:00:00;100,87;119,8252773;0,119825277;0,277373326
11.01.25;12:00:00;97,41;119,8252773;0,119825277;0,277373326
11.01.25;13:00:00;93,78;119,8252773;0,119825277;0,277373326
11.01.25;14:00:00;94,7;119,8252773;0,119825277;0,277373326
11.01.25;15:00:00;105,49;197,893261;0,197893261;0,458086252
11.01.25;16:00:00;114,06;197,893261;0,197893261;0,458086252
11.01.25;17:00:00;120,82;197,893261;0,197893261;0,458086252
11.01.25;18:00:00;124,7;197,893261;0,197893261;0,458086252
11.01.25;19:00:00;118,43;197,893261;0,197893261;0,458086252
11.01.25;20:00:00;112,15;197,893261;0,197893261;0,458086252
11.01.25;21:00:00;105,17;197,893261;0,197893261;0,458086252
11.01.25;22:00:00;104,59;197,893261;0,197893261;0,458086252
11.01.25;23:00:00;102,92;119,8252773;0,119825277;0,277373326
12.01.25;00:00:00;91,49;119,8252773;0,119825277;0,277373326
12.01.25;01:00:00;90,06;119,8252773;0,119825277;0,277373326
12.01.25;02:00:00;90,4;119,8252773;0,119825277;0,277373326
12.01.25;03:00:00;88,87;119,8252773;0,119825277;0,277373326
12.01.25;04:00:00;89,06;119,8252773;0,119825277;0,277373326
12.01.25;05:00:00;89,34;119,8252773;0,119825277;0,277373326
12.01.25;06:00:00;89,96;119,8252773;0,119825277;0,277373326
12.01.25;07:00:00;100,88;119,8252773;0,119825277;0,277373326
12.01.25;08:00:00;111,64;197,893261;0,197893261;0,458086252
12.01.25;09:00:00;117,87;197,893261;0,197893261;0,458086252
12.01.25;10:00:00;117,13;197,893261;0,197893261;0,458086252
12.01.25;11:00:00;109,4;197,893261;0,197893261;0,458086252
12.01.25;12:00:00;107,26;197,893261;0,197893261;0,458086252
12.01.25;13:00:00;105,18;197,893261;0,197893261;0,458086252
12.01.25;14:00:00;108,42;197,893261;0,197893261;0,458086252
12.01.25;15:00:00;120;197,893261;0,197893261;0,458086252
12.01.25;16:00:00;131,26;197,893261;0,197893261;0,458086252
12.01.25;17:00:00;140,4;197,893261;0,197893261;0,458086252
12.01.25;18:00:00;144,17;197,893261;0,197893261;0,458086252
12.01.25;19:00:00;141,2;197,893261;0,197893261;0,458086252
12.01.25;20:00:00;133,55;197,893261;0,197893261;0,458086252
12.01.25;21:00:00;127,15;197,893261;0,197893261;0,458086252
12.01.25;22:00:00;121,99;197,893261;0,197893261;0,458086252
12.01.25;23:00:00;113,4;197,893261;0,197893261;0,458086252
13.01.25;00:00:00;109,24;197,893261;0,197893261;0,458086252
13.01.25;01:00:00;103,91;197,893261;0,197893261;0,458086252
13.01.25;02:00:00;103,42;119,8252773;0,119825277;0,277373326
13.01.25;03:00:00;100,66;119,8252773;0,119825277;0,277373326
13.01.25;04:00:00;100,85;119,8252773;0,119825277;0,277373326
13.01.25;05:00:00;109,72;197,893261;0,197893261;0,458086252
13.01.25;06:00:00;134,94;197,893261;0,197893261;0,458086252
13.01.25;07:00:00;165,52;197,893261;0,197893261;0,458086252
13.01.25;08:00:00;193,06;197,893261;0,197893261;0,458086252
13.01.25;09:00:00;165,39;197,893261;0,197893261;0,458086252
13.01.25;10:00:00;139,9;197,893261;0,197893261;0,458086252
13.01.25;11:00:00;122,01;197,893261;0,197893261;0,458086252
13.01.25;12:00:00;111,45;197,893261;0,197893261;0,458086252
13.01.25;13:00:00;110,22;197,893261;0,197893261;0,458086252
13.01.25;14:00:00;114,55;197,893261;0,197893261;0,458086252
13.01.25;15:00:00;135,32;197,893261;0,197893261;0,458086252
13.01.25;16:00:00;140,81;197,893261;0,197893261;0,458086252
13.01.25;17:00:00;151,34;197,893261;0,197893261;0,458086252
13.01.25;18:00:00;148,2;197,893261;0,197893261;0,458086252
13.01.25;19:00:00;138,45;197,893261;0,197893261;0,458086252
13.01.25;20:00:00;126,69;197,893261;0,197893261;0,458086252
13.01.25;21:00:00;118,17;197,893261;0,197893261;0,458086252
13.01.25;22:00:00;114,09;197,893261;0,197893261;0,458086252
13.01.25;23:00:00;100,08;119,8252773;0,119825277;0,277373326
14.01.25;00:00:00;107,91;197,893261;0,197893261;0,458086252
14.01.25;01:00:00;104,14;197,893261;0,197893261;0,458086252
14.01.25;02:00:00;99,33;119,8252773;0,119825277;0,277373326
14.01.25;03:00:00;98;119,8252773;0,119825277;0,277373326
14.01.25;04:00:00;100,46;119,8252773;0,119825277;0,277373326
14.01.25;05:00:00;109,2;197,893261;0,197893261;0,458086252
14.01.25;06:00:00;126,3;197,893261;0,197893261;0,458086252
14.01.25;07:00:00;153,86;197,893261;0,197893261;0,458086252
14.01.25;08:00:00;170,65;197,893261;0,197893261;0,458086252
14.01.25;09:00:00;148,07;197,893261;0,197893261;0,458086252
14.01.25;10:00:00;121,76;197,893261;0,197893261;0,458086252
14.01.25;11:00:00;113,68;197,893261;0,197893261;0,458086252
14.01.25;12:00:00;106,37;197,893261;0,197893261;0,458086252
14.01.25;13:00:00;110,4;197,893261;0,197893261;0,458086252
14.01.25;14:00:00;116,8;197,893261;0,197893261;0,458086252
14.01.25;15:00:00;129,88;197,893261;0,197893261;0,458086252
14.01.25;16:00:00;142,83;197,893261;0,197893261;0,458086252
14.01.25;17:00:00;163,32;197,893261;0,197893261;0,458086252
14.01.25;18:00:00;159,61;197,893261;0,197893261;0,458086252
14.01.25;19:00:00;151,32;197,893261;0,197893261;0,458086252
14.01.25;20:00:00;139,26;197,893261;0,197893261;0,458086252
14.01.25;21:00:00;122,17;197,893261;0,197893261;0,458086252
14.01.25;22:00:00;121,09;197,893261;0,197893261;0,458086252
14.01.25;23:00:00;120,89;197,893261;0,197893261;0,458086252
15.01.25;00:00:00;108,69;197,893261;0,197893261;0,458086252
15.01.25;01:00:00;108,6;197,893261;0,197893261;0,458086252
15.01.25;02:00:00;108,98;197,893261;0,197893261;0,458086252
15.01.25;03:00:00;108,85;197,893261;0,197893261;0,458086252
15.01.25;04:00:00;109,46;197,893261;0,197893261;0,458086252
15.01.25;05:00:00;115,26;197,893261;0,197893261;0,458086252
15.01.25;06:00:00;149,27;197,893261;0,197893261;0,458086252
15.01.25;07:00:00;207,82;197,893261;0,197893261;0,458086252
15.01.25;08:00:00;286,57;197,893261;0,197893261;0,458086252
15.01.25;09:00:00;301,12;197,893261;0,197893261;0,458086252
15.01.25;10:00:00;300,05;197,893261;0,197893261;0,458086252
15.01.25;11:00:00;302,4;197,893261;0,197893261;0,458086252
15.01.25;12:00:00;300,23;197,893261;0,197893261;0,458086252
15.01.25;13:00:00;299,33;197,893261;0,197893261;0,458086252
15.01.25;14:00:00;296,2;197,893261;0,197893261;0,458086252
15.01.25;15:00:00;325,24;197,893261;0,197893261;0,458086252
15.01.25;16:00:00;338,39;197,893261;0,197893261;0,458086252
15.01.25;17:00:00;396,44;197,893261;0,197893261;0,458086252
15.01.25;18:00:00;339,48;197,893261;0,197893261;0,458086252
15.01.25;19:00:00;289,48;197,893261;0,197893261;0,458086252
15.01.25;20:00:00;205,53;197,893261;0,197893261;0,458086252
15.01.25;21:00:00;162,96;197,893261;0,197893261;0,458086252
15.01.25;22:00:00;143,64;197,893261;0,197893261;0,458086252
15.01.25;23:00:00;130,99;197,893261;0,197893261;0,458086252
16.01.25;00:00:00;126,59;197,893261;0,197893261;0,458086252
16.01.25;01:00:00;119,49;197,893261;0,197893261;0,458086252
16.01.25;02:00:00;117,17;197,893261;0,197893261;0,458086252
16.01.25;03:00:00;114,52;197,893261;0,197893261;0,458086252
16.01.25;04:00:00;116,98;197,893261;0,197893261;0,458086252
16.01.25;05:00:00;122,65;197,893261;0,197893261;0,458086252
16.01.25;06:00:00;143,5;197,893261;0,197893261;0,458086252
16.01.25;07:00:00;180,73;197,893261;0,197893261;0,458086252
16.01.25;08:00:00;204,57;197,893261;0,197893261;0,458086252
16.01.25;09:00:00;183,54;197,893261;0,197893261;0,458086252
16.01.25;10:00:00;162,88;197,893261;0,197893261;0,458086252
16.01.25;11:00:00;144,29;197,893261;0,197893261;0,458086252
16.01.25;12:00:00;134,67;197,893261;0,197893261;0,458086252
16.01.25;13:00:00;134,85;197,893261;0,197893261;0,458086252
16.01.25;14:00:00;146,2;197,893261;0,197893261;0,458086252
16.01.25;15:00:00;171,43;197,893261;0,197893261;0,458086252
16.01.25;16:00:00;188,35;197,893261;0,197893261;0,458086252
16.01.25;17:00:00;207,51;197,893261;0,197893261;0,458086252
16.01.25;18:00:00;199,4;197,893261;0,197893261;0,458086252
16.01.25;19:00:00;186,92;197,893261;0,197893261;0,458086252
16.01.25;20:00:00;163,31;197,893261;0,197893261;0,458086252
16.01.25;21:00:00;141,12;197,893261;0,197893261;0,458086252
16.01.25;22:00:00;134,65;197,893261;0,197893261;0,458086252
16.01.25;23:00:00;123,22;197,893261;0,197893261;0,458086252
17.01.25;00:00:00;118,49;197,893261;0,197893261;0,458086252
17.01.25;01:00:00;116,2;197,893261;0,197893261;0,458086252
17.01.25;02:00:00;114,06;197,893261;0,197893261;0,458086252
17.01.25;03:00:00;112,56;197,893261;0,197893261;0,458086252
17.01.25;04:00:00;114,38;197,893261;0,197893261;0,458086252
17.01.25;05:00:00;121,43;197,893261;0,197893261;0,458086252
17.01.25;06:00:00;142,94;197,893261;0,197893261;0,458086252
17.01.25;07:00:00;178,08;197,893261;0,197893261;0,458086252
17.01.25;08:00:00;208,1;197,893261;0,197893261;0,458086252
17.01.25;09:00:00;178,53;197,893261;0,197893261;0,458086252
17.01.25;10:00:00;156;197,893261;0,197893261;0,458086252
17.01.25;11:00:00;141,45;197,893261;0,197893261;0,458086252
17.01.25;12:00:00;129,43;197,893261;0,197893261;0,458086252
17.01.25;13:00:00;126,29;197,893261;0,197893261;0,458086252
17.01.25;14:00:00;133,82;197,893261;0,197893261;0,458086252
17.01.25;15:00:00;151,02;197,893261;0,197893261;0,458086252
17.01.25;16:00:00;173,33;197,893261;0,197893261;0,458086252
17.01.25;17:00:00;183,09;197,893261;0,197893261;0,458086252
17.01.25;18:00:00;185,96;197,893261;0,197893261;0,458086252
17.01.25;19:00:00;178,36;197,893261;0,197893261;0,458086252
17.01.25;20:00:00;157,09;197,893261;0,197893261;0,458086252
17.01.25;21:00:00;145,4;197,893261;0,197893261;0,458086252
17.01.25;22:00:00;138,98;197,893261;0,197893261;0,458086252
17.01.25;23:00:00;128,52;197,893261;0,197893261;0,458086252
18.01.25;00:00:00;125,7;197,893261;0,197893261;0,458086252
18.01.25;01:00:00;121,02;197,893261;0,197893261;0,458086252
18.01.25;02:00:00;120,4;197,893261;0,197893261;0,458086252
18.01.25;03:00:00;118,78;197,893261;0,197893261;0,458086252
18.01.25;04:00:00;117,33;197,893261;0,197893261;0,458086252
18.01.25;05:00:00;118,97;197,893261;0,197893261;0,458086252
18.01.25;06:00:00;121,27;197,893261;0,197893261;0,458086252
18.01.25;07:00:00;134,77;197,893261;0,197893261;0,458086252
18.01.25;08:00:00;145,83;197,893261;0,197893261;0,458086252
18.01.25;09:00:00;144,3;197,893261;0,197893261;0,458086252
18.01.25;10:00:00;135,88;197,893261;0,197893261;0,458086252
18.01.25;11:00:00;122,51;197,893261;0,197893261;0,458086252
18.01.25;12:00:00;119,74;197,893261;0,197893261;0,458086252
18.01.25;13:00:00;116,39;197,893261;0,197893261;0,458086252
18.01.25;14:00:00;119,7;197,893261;0,197893261;0,458086252
18.01.25;15:00:00;133,15;197,893261;0,197893261;0,458086252
18.01.25;16:00:00;149,58;197,893261;0,197893261;0,458086252
18.01.25;17:00:00;161;197,893261;0,197893261;0,458086252
18.01.25;18:00:00;168,66;197,893261;0,197893261;0,458086252
18.01.25;19:00:00;165,93;197,893261;0,197893261;0,458086252
18.01.25;20:00:00;152,2;197,893261;0,197893261;0,458086252
18.01.25;21:00:00;141,31;197,893261;0,197893261;0,458086252
18.01.25;22:00:00;134,2;197,893261;0,197893261;0,458086252
18.01.25;23:00:00;126,91;197,893261;0,197893261;0,458086252
19.01.25;00:00:00;127,5;197,893261;0,197893261;0,458086252
19.01.25;01:00:00;123,44;197,893261;0,197893261;0,458086252
19.01.25;02:00:00;121,52;197,893261;0,197893261;0,458086252
19.01.25;03:00:00;119,16;197,893261;0,197893261;0,458086252
19.01.25;04:00:00;118,25;197,893261;0,197893261;0,458086252
19.01.25;05:00:00;119,14;197,893261;0,197893261;0,458086252
19.01.25;06:00:00;121,51;197,893261;0,197893261;0,458086252
19.01.25;07:00:00;125,99;197,893261;0,197893261;0,458086252
19.01.25;08:00:00;129,82;197,893261;0,197893261;0,458086252
19.01.25;09:00:00;128,48;197,893261;0,197893261;0,458086252
19.01.25;10:00:00;122,16;197,893261;0,197893261;0,458086252
19.01.25;11:00:00;115,32;197,893261;0,197893261;0,458086252
19.01.25;12:00:00;108,56;197,893261;0,197893261;0,458086252
19.01.25;13:00:00;106,01;197,893261;0,197893261;0,458086252
19.01.25;14:00:00;113,9;197,893261;0,197893261;0,458086252
19.01.25;15:00:00;125,64;197,893261;0,197893261;0,458086252
19.01.25;16:00:00;139,73;197,893261;0,197893261;0,458086252
19.01.25;17:00:00;150,64;197,893261;0,197893261;0,458086252
19.01.25;18:00:00;156;197,893261;0,197893261;0,458086252
19.01.25;19:00:00;156,36;197,893261;0,197893261;0,458086252
19.01.25;20:00:00;148,94;197,893261;0,197893261;0,458086252
19.01.25;21:00:00;139,83;197,893261;0,197893261;0,458086252
19.01.25;22:00:00;134,59;197,893261;0,197893261;0,458086252
19.01.25;23:00:00;122,67;197,893261;0,197893261;0,458086252
20.01.25;00:00:00;125,6;197,893261;0,197893261;0,458086252
20.01.25;01:00:00;123,54;197,893261;0,197893261;0,458086252
20.01.25;02:00:00;120,22;197,893261;0,197893261;0,458086252
20.01.25;03:00:00;118,4;197,893261;0,197893261;0,458086252
20.01.25;04:00:00;119,55;197,893261;0,197893261;0,458086252
20.01.25;05:00:00;129,55;197,893261;0,197893261;0,458086252
20.01.25;06:00:00;159,67;197,893261;0,197893261;0,458086252
20.01.25;07:00:00;250,06;197,893261;0,197893261;0,458086252
20.01.25;08:00:00;348,48;197,893261;0,197893261;0,458086252
20.01.25;09:00:00;259,26;197,893261;0,197893261;0,458086252
20.01.25;10:00:00;209,49;197,893261;0,197893261;0,458086252
20.01.25;11:00:00;171,38;197,893261;0,197893261;0,458086252
20.01.25;12:00:00;159,88;197,893261;0,197893261;0,458086252
20.01.25;13:00:00;158,56;197,893261;0,197893261;0,458086252
20.01.25;14:00:00;172,32;197,893261;0,197893261;0,458086252
20.01.25;15:00:00;237,1;197,893261;0,197893261;0,458086252
20.01.25;16:00:00;319,86;197,893261;0,197893261;0,458086252
20.01.25;17:00:00;418,98;197,893261;0,197893261;0,458086252
20.01.25;18:00:00;356,72;197,893261;0,197893261;0,458086252
20.01.25;19:00:00;251,2;197,893261;0,197893261;0,458086252
20.01.25;20:00:00;208,99;197,893261;0,197893261;0,458086252
20.01.25;21:00:00;167,95;197,893261;0,197893261;0,458086252
20.01.25;22:00:00;152,76;197,893261;0,197893261;0,458086252
20.01.25;23:00:00;136,76;197,893261;0,197893261;0,458086252
21.01.25;00:00:00;126,58;197,893261;0,197893261;0,458086252
21.01.25;01:00:00;121,38;197,893261;0,197893261;0,458086252
21.01.25;02:00:00;118,08;197,893261;0,197893261;0,458086252
21.01.25;03:00:00;115,59;197,893261;0,197893261;0,458086252
21.01.25;04:00:00;116,43;197,893261;0,197893261;0,458086252
21.01.25;05:00:00;124,03;197,893261;0,197893261;0,458086252
21.01.25;06:00:00;147,6;197,893261;0,197893261;0,458086252
21.01.25;07:00:00;202,46;197,893261;0,197893261;0,458086252
21.01.25;08:00:00;241,1;197,893261;0,197893261;0,458086252
21.01.25;09:00:00;214,41;197,893261;0,197893261;0,458086252
21.01.25;10:00:00;190,64;197,893261;0,197893261;0,458086252
21.01.25;11:00:00;160,24;197,893261;0,197893261;0,458086252
21.01.25;12:00:00;147,62;197,893261;0,197893261;0,458086252
21.01.25;13:00:00;147,54;197,893261;0,197893261;0,458086252
21.01.25;14:00:00;154,43;197,893261;0,197893261;0,458086252
21.01.25;15:00:00;173,91;197,893261;0,197893261;0,458086252
21.01.25;16:00:00;216,97;197,893261;0,197893261;0,458086252
21.01.25;17:00:00;291,83;197,893261;0,197893261;0,458086252
21.01.25;18:00:00;260,55;197,893261;0,197893261;0,458086252
21.01.25;19:00:00;210,62;197,893261;0,197893261;0,458086252
21.01.25;20:00:00;173,46;197,893261;0,197893261;0,458086252
21.01.25;21:00:00;150,75;197,893261;0,197893261;0,458086252
21.01.25;22:00:00;138,02;197,893261;0,197893261;0,458086252
21.01.25;23:00:00;126,5;197,893261;0,197893261;0,458086252
22.01.25;00:00:00;127,85;197,893261;0,197893261;0,458086252
22.01.25;01:00:00;126,38;197,893261;0,197893261;0,458086252
22.01.25;02:00:00;124,96;197,893261;0,197893261;0,458086252
22.01.25;03:00:00;124,68;197,893261;0,197893261;0,458086252
22.01.25;04:00:00;125,43;197,893261;0,197893261;0,458086252
22.01.25;05:00:00;128,01;197,893261;0,197893261;0,458086252
22.01.25;06:00:00;142,31;197,893261;0,197893261;0,458086252
22.01.25;07:00:00;167,98;197,893261;0,197893261;0,458086252
22.01.25;08:00:00;183,15;197,893261;0,197893261;0,458086252
22.01.25;09:00:00;163,56;197,893261;0,197893261;0,458086252
22.01.25;10:00:00;153,38;197,893261;0,197893261;0,458086252
22.01.25;11:00:00;150,32;197,893261;0,197893261;0,458086252
22.01.25;12:00:00;146,35;197,893261;0,197893261;0,458086252
22.01.25;13:00:00;148,85;197,893261;0,197893261;0,458086252
22.01.25;14:00:00;153,81;197,893261;0,197893261;0,458086252
22.01.25;15:00:00;161,68;197,893261;0,197893261;0,458086252
22.01.25;16:00:00;163,37;197,893261;0,197893261;0,458086252
22.01.25;17:00:00;168,34;197,893261;0,197893261;0,458086252
22.01.25;18:00:00;154,06;197,893261;0,197893261;0,458086252
22.01.25;19:00:00;147,39;197,893261;0,197893261;0,458086252
22.01.25;20:00:00;131,1;197,893261;0,197893261;0,458086252
22.01.25;21:00:00;127,74;197,893261;0,197893261;0,458086252
22.01.25;22:00:00;127,9;197,893261;0,197893261;0,458086252
22.01.25;23:00:00;121,19;197,893261;0,197893261;0,458086252
23.01.25;00:00:00;111,16;197,893261;0,197893261;0,458086252
23.01.25;01:00:00;107,66;197,893261;0,197893261;0,458086252
23.01.25;02:00:00;104,1;197,893261;0,197893261;0,458086252
23.01.25;03:00:00;98,87;119,8252773;0,119825277;0,277373326
23.01.25;04:00:00;98,25;119,8252773;0,119825277;0,277373326
23.01.25;05:00:00;102,13;119,8252773;0,119825277;0,277373326
23.01.25;06:00:00;113,79;197,893261;0,197893261;0,458086252
23.01.25;07:00:00;140,77;197,893261;0,197893261;0,458086252
23.01.25;08:00:00;155,53;197,893261;0,197893261;0,458086252
23.01.25;09:00:00;150,21;197,893261;0,197893261;0,458086252
23.01.25;10:00:00;133,18;197,893261;0,197893261;0,458086252
23.01.25;11:00:00;120,3;197,893261;0,197893261;0,458086252
23.01.25;12:00:00;104,78;197,893261;0,197893261;0,458086252
23.01.25;13:00:00;97;119,8252773;0,119825277;0,277373326
23.01.25;14:00:00;94,63;119,8252773;0,119825277;0,277373326
23.01.25;15:00:00;96,41;119,8252773;0,119825277;0,277373326
23.01.25;16:00:00;96,28;119,8252773;0,119825277;0,277373326
23.01.25;17:00:00;113,5;197,893261;0,197893261;0,458086252
23.01.25;18:00:00;115,11;197,893261;0,197893261;0,458086252
23.01.25;19:00:00;104,08;197,893261;0,197893261;0,458086252
23.01.25;20:00:00;91,17;119,8252773;0,119825277;0,277373326
23.01.25;21:00:00;80,16;0;0;0
23.01.25;22:00:00;75,99;0;0;0
23.01.25;23:00:00;60,14;0;0;0
24.01.25;00:00:00;67,24;0;0;0
24.01.25;01:00:00;59,62;0;0;0
24.01.25;02:00:00;51;0;0;0
24.01.25;03:00:00;43,38;0;0;0
24.01.25;04:00:00;48,7;0;0;0
24.01.25;05:00:00;65,24;0;0;0
24.01.25;06:00:00;85,1;0;0;0
24.01.25;07:00:00;109,43;197,893261;0,197893261;0,458086252
24.01.25;08:00:00;122,96;197,893261;0,197893261;0,458086252
24.01.25;09:00:00;106,67;197,893261;0,197893261;0,458086252
24.01.25;10:00:00;98,16;119,8252773;0,119825277;0,277373326
24.01.25;11:00:00;88,67;119,8252773;0,119825277;0,277373326
24.01.25;12:00:00;83,54;0;0;0
24.01.25;13:00:00;80,02;0;0;0
24.01.25;14:00:00;77,06;0;0;0
24.01.25;15:00:00;74,56;0;0;0
24.01.25;16:00:00;73,04;0;0;0
24.01.25;17:00:00;80,1;0;0;0
24.01.25;18:00:00;89,48;119,8252773;0,119825277;0,277373326
24.01.25;19:00:00;87,78;119,8252773;0,119825277;0,277373326
24.01.25;20:00:00;84,7;0;0;0
24.01.25;21:00:00;80,82;0;0;0
24.01.25;22:00:00;86,82;0;0;0
24.01.25;23:00:00;82,26;0;0;0
25.01.25;00:00:00;71,65;0;0;0
25.01.25;01:00:00;72,88;0;0;0
25.01.25;02:00:00;70,6;0;0;0
25.01.25;03:00:00;71,97;0;0;0
25.01.25;04:00:00;77,18;0;0;0
25.01.25;05:00:00;76,02;0;0;0
25.01.25;06:00:00;80,43;0;0;0
25.01.25;07:00:00;83,35;0;0;0
25.01.25;08:00:00;92,4;119,8252773;0,119825277;0,277373326
25.01.25;09:00:00;92,57;119,8252773;0,119825277;0,277373326
25.01.25;10:00:00;93,3;119,8252773;0,119825277;0,277373326
25.01.25;11:00:00;93,78;119,8252773;0,119825277;0,277373326
25.01.25;12:00:00;90,13;119,8252773;0,119825277;0,277373326
25.01.25;13:00:00;90,24;119,8252773;0,119825277;0,277373326
25.01.25;14:00:00;94,67;119,8252773;0,119825277;0,277373326
25.01.25;15:00:00;106,03;197,893261;0,197893261;0,458086252
25.01.25;16:00:00;126,88;197,893261;0,197893261;0,458086252
25.01.25;17:00:00;138,98;197,893261;0,197893261;0,458086252
25.01.25;18:00:00;148,18;197,893261;0,197893261;0,458086252
25.01.25;19:00:00;146,56;197,893261;0,197893261;0,458086252
25.01.25;20:00:00;136,55;197,893261;0,197893261;0,458086252
25.01.25;21:00:00;132,69;197,893261;0,197893261;0,458086252
25.01.25;22:00:00;130,87;197,893261;0,197893261;0,458086252
25.01.25;23:00:00;123,83;197,893261;0,197893261;0,458086252
26.01.25;00:00:00;123,02;197,893261;0,197893261;0,458086252
26.01.25;01:00:00;115,18;197,893261;0,197893261;0,458086252
26.01.25;02:00:00;110,78;197,893261;0,197893261;0,458086252
26.01.25;03:00:00;107,43;197,893261;0,197893261;0,458086252
26.01.25;04:00:00;106,19;197,893261;0,197893261;0,458086252
26.01.25;05:00:00;107,29;197,893261;0,197893261;0,458086252
26.01.25;06:00:00;109,57;197,893261;0,197893261;0,458086252
26.01.25;07:00:00;115,69;197,893261;0,197893261;0,458086252
26.01.25;08:00:00;122,74;197,893261;0,197893261;0,458086252
26.01.25;09:00:00;121,68;197,893261;0,197893261;0,458086252
26.01.25;10:00:00;109,79;197,893261;0,197893261;0,458086252
26.01.25;11:00:00;104,88;197,893261;0,197893261;0,458086252
26.01.25;12:00:00;98,86;119,8252773;0,119825277;0,277373326
26.01.25;13:00:00;91,21;119,8252773;0,119825277;0,277373326
26.01.25;14:00:00;93,46;119,8252773;0,119825277;0,277373326
26.01.25;15:00:00;105,29;197,893261;0,197893261;0,458086252
26.01.25;16:00:00;120,66;197,893261;0,197893261;0,458086252
26.01.25;17:00:00;129,17;197,893261;0,197893261;0,458086252
26.01.25;18:00:00;121,47;197,893261;0,197893261;0,458086252
26.01.25;19:00:00;100,24;119,8252773;0,119825277;0,277373326
26.01.25;20:00:00;84,44;0;0;0
26.01.25;21:00:00;71,69;0;0;0
26.01.25;22:00:00;59,52;0;0;0
26.01.25;23:00:00;33,65;0;0;0
27.01.25;00:00:00;33,4;0;0;0
27.01.25;01:00:00;25,94;0;0;0
27.01.25;02:00:00;19,69;0;0;0
27.01.25;03:00:00;12,6;0;0;0
27.01.25;04:00:00;10,5;0;0;0
27.01.25;05:00:00;19,87;0;0;0
27.01.25;06:00:00;39,69;0;0;0
27.01.25;07:00:00;69,84;0;0;0
27.01.25;08:00:00;82,65;0;0;0
27.01.25;09:00:00;75,83;0;0;0
27.01.25;10:00:00;62,12;0;0;0
27.01.25;11:00:00;56,05;0;0;0
27.01.25;12:00:00;50,88;0;0;0
27.01.25;13:00:00;51,54;0;0;0
27.01.25;14:00:00;66,67;0;0;0
27.01.25;15:00:00;89,24;119,8252773;0,119825277;0,277373326
27.01.25;16:00:00;103,37;119,8252773;0,119825277;0,277373326
27.01.25;17:00:00;118,91;197,893261;0,197893261;0,458086252
27.01.25;18:00:00;118,24;197,893261;0,197893261;0,458086252
27.01.25;19:00:00;113,96;197,893261;0,197893261;0,458086252
27.01.25;20:00:00;105,38;197,893261;0,197893261;0,458086252
27.01.25;21:00:00;92,32;119,8252773;0,119825277;0,277373326
27.01.25;22:00:00;88,68;119,8252773;0,119825277;0,277373326
27.01.25;23:00:00;75,98;0;0;0
28.01.25;00:00:00;69,43;0;0;0
28.01.25;01:00:00;64,5;0;0;0
28.01.25;02:00:00;55,61;0;0;0
28.01.25;03:00:00;63,35;0;0;0
28.01.25;04:00:00;74,96;0;0;0
28.01.25;05:00:00;81,6;0;0;0
28.01.25;06:00:00;100,1;119,8252773;0,119825277;0,277373326
28.01.25;07:00:00;127,05;197,893261;0,197893261;0,458086252
28.01.25;08:00:00;142,49;197,893261;0,197893261;0,458086252
28.01.25;09:00:00;132,59;197,893261;0,197893261;0,458086252
28.01.25;10:00:00;121,05;197,893261;0,197893261;0,458086252
28.01.25;11:00:00;116,72;197,893261;0,197893261;0,458086252
28.01.25;12:00:00;114,57;197,893261;0,197893261;0,458086252
28.01.25;13:00:00;115,54;197,893261;0,197893261;0,458086252
28.01.25;14:00:00;123,09;197,893261;0,197893261;0,458086252
28.01.25;15:00:00;139,89;197,893261;0,197893261;0,458086252
28.01.25;16:00:00;146,54;197,893261;0,197893261;0,458086252
28.01.25;17:00:00;147,71;197,893261;0,197893261;0,458086252
28.01.25;18:00:00;134,82;197,893261;0,197893261;0,458086252
28.01.25;19:00:00;125,03;197,893261;0,197893261;0,458086252
28.01.25;20:00:00;102,4;119,8252773;0,119825277;0,277373326
28.01.25;21:00:00;90,01;119,8252773;0,119825277;0,277373326
28.01.25;22:00:00;82,8;0;0;0
28.01.25;23:00:00;68,5;0;0;0
29.01.25;00:00:00;82,98;0;0;0
29.01.25;01:00:00;77,41;0;0;0
29.01.25;02:00:00;72,83;0;0;0
29.01.25;03:00:00;71,04;0;0;0
29.01.25;04:00:00;76,11;0;0;0
29.01.25;05:00:00;84,58;0;0;0
29.01.25;06:00:00;96,07;119,8252773;0,119825277;0,277373326
29.01.25;07:00:00;133,84;197,893261;0,197893261;0,458086252
29.01.25;08:00:00;143,07;197,893261;0,197893261;0,458086252
29.01.25;09:00:00;126,79;197,893261;0,197893261;0,458086252
29.01.25;10:00:00;105,81;197,893261;0,197893261;0,458086252
29.01.25;11:00:00;92,93;119,8252773;0,119825277;0,277373326
29.01.25;12:00:00;87,78;119,8252773;0,119825277;0,277373326
29.01.25;13:00:00;86,74;0;0;0
29.01.25;14:00:00;88,83;119,8252773;0,119825277;0,277373326
29.01.25;15:00:00;101,28;119,8252773;0,119825277;0,277373326
29.01.25;16:00:00;128,06;197,893261;0,197893261;0,458086252
29.01.25;17:00:00;149,34;197,893261;0,197893261;0,458086252
29.01.25;18:00:00;149,06;197,893261;0,197893261;0,458086252
29.01.25;19:00:00;144,11;197,893261;0,197893261;0,458086252
29.01.25;20:00:00;131,38;197,893261;0,197893261;0,458086252
29.01.25;21:00:00;120,23;197,893261;0,197893261;0,458086252
29.01.25;22:00:00;113;197,893261;0,197893261;0,458086252
29.01.25;23:00:00;102,39;119,8252773;0,119825277;0,277373326
30.01.25;00:00:00;93,34;119,8252773;0,119825277;0,277373326
30.01.25;01:00:00;93,9;119,8252773;0,119825277;0,277373326
30.01.25;02:00:00;93,59;119,8252773;0,119825277;0,277373326
30.01.25;03:00:00;93,32;119,8252773;0,119825277;0,277373326
30.01.25;04:00:00;95,2;119,8252773;0,119825277;0,277373326
30.01.25;05:00:00;108,34;197,893261;0,197893261;0,458086252
30.01.25;06:00:00;136,7;197,893261;0,197893261;0,458086252
30.01.25;07:00:00;157,67;197,893261;0,197893261;0,458086252
30.01.25;08:00:00;163,59;197,893261;0,197893261;0,458086252
30.01.25;09:00:00;156,7;197,893261;0,197893261;0,458086252
30.01.25;10:00:00;141,3;197,893261;0,197893261;0,458086252
30.01.25;11:00:00;130,41;197,893261;0,197893261;0,458086252
30.01.25;12:00:00;126,1;197,893261;0,197893261;0,458086252
30.01.25;13:00:00;126,58;197,893261;0,197893261;0,458086252
30.01.25;14:00:00;135,2;197,893261;0,197893261;0,458086252
30.01.25;15:00:00;152,6;197,893261;0,197893261;0,458086252
30.01.25;16:00:00;163,37;197,893261;0,197893261;0,458086252
30.01.25;17:00:00;181,58;197,893261;0,197893261;0,458086252
30.01.25;18:00:00;176,62;197,893261;0,197893261;0,458086252
30.01.25;19:00:00;164,94;197,893261;0,197893261;0,458086252
30.01.25;20:00:00;154,23;197,893261;0,197893261;0,458086252
30.01.25;21:00:00;137,69;197,893261;0,197893261;0,458086252
30.01.25;22:00:00;130;197,893261;0,197893261;0,458086252
30.01.25;23:00:00;120,07;197,893261;0,197893261;0,458086252
31.01.25;00:00:00;119,33;197,893261;0,197893261;0,458086252
31.01.25;01:00:00;115,33;197,893261;0,197893261;0,458086252
31.01.25;02:00:00;111,48;197,893261;0,197893261;0,458086252
31.01.25;03:00:00;110,06;197,893261;0,197893261;0,458086252
31.01.25;04:00:00;111,02;197,893261;0,197893261;0,458086252
31.01.25;05:00:00;117,97;197,893261;0,197893261;0,458086252
31.01.25;06:00:00;131,23;197,893261;0,197893261;0,458086252
31.01.25;07:00:00;155,98;197,893261;0,197893261;0,458086252
31.01.25;08:00:00;164,58;197,893261;0,197893261;0,458086252
31.01.25;09:00:00;154,01;197,893261;0,197893261;0,458086252
31.01.25;10:00:00;137,56;197,893261;0,197893261;0,458086252
31.01.25;11:00:00;126,82;197,893261;0,197893261;0,458086252
31.01.25;12:00:00;120,28;197,893261;0,197893261;0,458086252
31.01.25;13:00:00;120,12;197,893261;0,197893261;0,458086252
31.01.25;14:00:00;126,13;197,893261;0,197893261;0,458086252
31.01.25;15:00:00;148,48;197,893261;0,197893261;0,458086252
31.01.25;16:00:00;161,95;197,893261;0,197893261;0,458086252
31.01.25;17:00:00;187,85;197,893261;0,197893261;0,458086252
31.01.25;18:00:00;181,78;197,893261;0,197893261;0,458086252
31.01.25;19:00:00;177,87;197,893261;0,197893261;0,458086252
31.01.25;20:00:00;161,23;197,893261;0,197893261;0,458086252
31.01.25;21:00:00;149;197,893261;0,197893261;0,458086252
31.01.25;22:00:00;144,36;197,893261;0,197893261;0,458086252
31.01.25;23:00:00;131,33;197,893261;0,197893261;0,458086252
01.02.25;00:00:00;134,1;197,893261;0,197893261;0,458086252
01.02.25;01:00:00;130,09;197,893261;0,197893261;0,458086252
01.02.25;02:00:00;124,67;197,893261;0,197893261;0,458086252
01.02.25;03:00:00;121,04;197,893261;0,197893261;0,458086252
01.02.25;04:00:00;121,14;197,893261;0,197893261;0,458086252
01.02.25;05:00:00;123,21;197,893261;0,197893261;0,458086252
01.02.25;06:00:00;128,45;197,893261;0,197893261;0,458086252
01.02.25;07:00:00;142,53;197,893261;0,197893261;0,458086252
01.02.25;08:00:00;149,31;197,893261;0,197893261;0,458086252
01.02.25;09:00:00;138,64;197,893261;0,197893261;0,458086252
01.02.25;10:00:00;126,78;197,893261;0,197893261;0,458086252
01.02.25;11:00:00;117,4;197,893261;0,197893261;0,458086252
01.02.25;12:00:00;109,4;197,893261;0,197893261;0,458086252
01.02.25;13:00:00;103,6;197,893261;0,197893261;0,458086252
01.02.25;14:00:00;111,73;197,893261;0,197893261;0,458086252
01.02.25;15:00:00;126,95;197,893261;0,197893261;0,458086252
01.02.25;16:00:00;150,12;197,893261;0,197893261;0,458086252
01.02.25;17:00:00;167,04;197,893261;0,197893261;0,458086252
01.02.25;18:00:00;165,47;197,893261;0,197893261;0,458086252
01.02.25;19:00:00;161,78;197,893261;0,197893261;0,458086252
01.02.25;20:00:00;154,86;197,893261;0,197893261;0,458086252
01.02.25;21:00:00;144,26;197,893261;0,197893261;0,458086252
01.02.25;22:00:00;139,01;197,893261;0,197893261;0,458086252
01.02.25;23:00:00;129,45;197,893261;0,197893261;0,458086252
02.02.25;00:00:00;131,99;197,893261;0,197893261;0,458086252
02.02.25;01:00:00;126,2;197,893261;0,197893261;0,458086252
02.02.25;02:00:00;123,02;197,893261;0,197893261;0,458086252
02.02.25;03:00:00;121,73;197,893261;0,197893261;0,458086252
02.02.25;04:00:00;122,57;197,893261;0,197893261;0,458086252
02.02.25;05:00:00;124,17;197,893261;0,197893261;0,458086252
02.02.25;06:00:00;125,34;197,893261;0,197893261;0,458086252
02.02.25;07:00:00;133,34;197,893261;0,197893261;0,458086252
02.02.25;08:00:00;136,99;197,893261;0,197893261;0,458086252
02.02.25;09:00:00;133,48;197,893261;0,197893261;0,458086252
02.02.25;10:00:00;124,52;197,893261;0,197893261;0,458086252
02.02.25;11:00:00;119,77;197,893261;0,197893261;0,458086252
02.02.25;12:00:00;113,51;197,893261;0,197893261;0,458086252
02.02.25;13:00:00;107,2;197,893261;0,197893261;0,458086252
02.02.25;14:00:00;111,78;197,893261;0,197893261;0,458086252
02.02.25;15:00:00;126,13;197,893261;0,197893261;0,458086252
02.02.25;16:00:00;146,63;197,893261;0,197893261;0,458086252
02.02.25;17:00:00;164,04;197,893261;0,197893261;0,458086252
02.02.25;18:00:00;167,66;197,893261;0,197893261;0,458086252
02.02.25;19:00:00;168,7;197,893261;0,197893261;0,458086252
02.02.25;20:00:00;159,9;197,893261;0,197893261;0,458086252
02.02.25;21:00:00;151,29;197,893261;0,197893261;0,458086252
02.02.25;22:00:00;145,23;197,893261;0,197893261;0,458086252
02.02.25;23:00:00;133,63;197,893261;0,197893261;0,458086252
03.02.25;00:00:00;131,07;197,893261;0,197893261;0,458086252
03.02.25;01:00:00;126,58;197,893261;0,197893261;0,458086252
03.02.25;02:00:00;124,14;197,893261;0,197893261;0,458086252
03.02.25;03:00:00;120,72;197,893261;0,197893261;0,458086252
03.02.25;04:00:00;123,18;197,893261;0,197893261;0,458086252
03.02.25;05:00:00;133,05;197,893261;0,197893261;0,458086252
03.02.25;06:00:00;165,28;197,893261;0,197893261;0,458086252
03.02.25;07:00:00;220,84;197,893261;0,197893261;0,458086252
03.02.25;08:00:00;281,62;197,893261;0,197893261;0,458086252
03.02.25;09:00:00;211,82;197,893261;0,197893261;0,458086252
03.02.25;10:00:00;165,54;197,893261;0,197893261;0,458086252
03.02.25;11:00:00;143,85;197,893261;0,197893261;0,458086252
03.02.25;12:00:00;130,6;197,893261;0,197893261;0,458086252
03.02.25;13:00:00;125,97;197,893261;0,197893261;0,458086252
03.02.25;14:00:00;133,88;197,893261;0,197893261;0,458086252
03.02.25;15:00:00;158,46;197,893261;0,197893261;0,458086252
03.02.25;16:00:00;201,68;197,893261;0,197893261;0,458086252
03.02.25;17:00:00;249,56;197,893261;0,197893261;0,458086252
03.02.25;18:00:00;244,65;197,893261;0,197893261;0,458086252
03.02.25;19:00:00;218,55;197,893261;0,197893261;0,458086252
03.02.25;20:00:00;179;197,893261;0,197893261;0,458086252
03.02.25;21:00:00;157,28;197,893261;0,197893261;0,458086252
03.02.25;22:00:00;145,62;197,893261;0,197893261;0,458086252
03.02.25;23:00:00;137,5;197,893261;0,197893261;0,458086252
04.02.25;00:00:00;134,14;197,893261;0,197893261;0,458086252
04.02.25;01:00:00;128,6;197,893261;0,197893261;0,458086252
04.02.25;02:00:00;125,37;197,893261;0,197893261;0,458086252
04.02.25;03:00:00;124,44;197,893261;0,197893261;0,458086252
04.02.25;04:00:00;124,86;197,893261;0,197893261;0,458086252
04.02.25;05:00:00;130,72;197,893261;0,197893261;0,458086252
04.02.25;06:00:00;159,66;197,893261;0,197893261;0,458086252
04.02.25;07:00:00;192,01;197,893261;0,197893261;0,458086252
04.02.25;08:00:00;203,97;197,893261;0,197893261;0,458086252
04.02.25;09:00:00;166,24;197,893261;0,197893261;0,458086252
04.02.25;10:00:00;137,68;197,893261;0,197893261;0,458086252
04.02.25;11:00:00;124,77;197,893261;0,197893261;0,458086252
04.02.25;12:00:00;114,62;197,893261;0,197893261;0,458086252
04.02.25;13:00:00;112,27;197,893261;0,197893261;0,458086252
04.02.25;14:00:00;118,76;197,893261;0,197893261;0,458086252
04.02.25;15:00:00;131,79;197,893261;0,197893261;0,458086252
04.02.25;16:00:00;165,9;197,893261;0,197893261;0,458086252
04.02.25;17:00:00;174,42;197,893261;0,197893261;0,458086252
04.02.25;18:00:00;177,43;197,893261;0,197893261;0,458086252
04.02.25;19:00:00;165,52;197,893261;0,197893261;0,458086252
04.02.25;20:00:00;149,64;197,893261;0,197893261;0,458086252
04.02.25;21:00:00;135,4;197,893261;0,197893261;0,458086252
04.02.25;22:00:00;127,97;197,893261;0,197893261;0,458086252
04.02.25;23:00:00;117,68;197,893261;0,197893261;0,458086252
05.02.25;00:00:00;116,72;197,893261;0,197893261;0,458086252
05.02.25;01:00:00;112,75;197,893261;0,197893261;0,458086252
05.02.25;02:00:00;110,47;197,893261;0,197893261;0,458086252
05.02.25;03:00:00;109,24;197,893261;0,197893261;0,458086252
05.02.25;04:00:00;113,1;197,893261;0,197893261;0,458086252
05.02.25;05:00:00;120,85;197,893261;0,197893261;0,458086252
05.02.25;06:00:00;136,37;197,893261;0,197893261;0,458086252
05.02.25;07:00:00;161,2;197,893261;0,197893261;0,458086252
05.02.25;08:00:00;176,64;197,893261;0,197893261;0,458086252
05.02.25;09:00:00;156,81;197,893261;0,197893261;0,458086252
05.02.25;10:00:00;133,61;197,893261;0,197893261;0,458086252
05.02.25;11:00:00;122,28;197,893261;0,197893261;0,458086252
05.02.25;12:00:00;117,46;197,893261;0,197893261;0,458086252
05.02.25;13:00:00;120,2;197,893261;0,197893261;0,458086252
05.02.25;14:00:00;127,75;197,893261;0,197893261;0,458086252
05.02.25;15:00:00;143,92;197,893261;0,197893261;0,458086252
05.02.25;16:00:00;162,8;197,893261;0,197893261;0,458086252
05.02.25;17:00:00;179,2;197,893261;0,197893261;0,458086252
05.02.25;18:00:00;189,06;197,893261;0,197893261;0,458086252
05.02.25;19:00:00;188,01;197,893261;0,197893261;0,458086252
05.02.25;20:00:00;170,92;197,893261;0,197893261;0,458086252
05.02.25;21:00:00;156,57;197,893261;0,197893261;0,458086252
05.02.25;22:00:00;146,57;197,893261;0,197893261;0,458086252
05.02.25;23:00:00;135,06;197,893261;0,197893261;0,458086252
06.02.25;00:00:00;135,27;197,893261;0,197893261;0,458086252
06.02.25;01:00:00;131,07;197,893261;0,197893261;0,458086252
06.02.25;02:00:00;127,7;197,893261;0,197893261;0,458086252
06.02.25;03:00:00;126,94;197,893261;0,197893261;0,458086252
06.02.25;04:00:00;127,32;197,893261;0,197893261;0,458086252
06.02.25;05:00:00;135,93;197,893261;0,197893261;0,458086252
06.02.25;06:00:00;156,17;197,893261;0,197893261;0,458086252
06.02.25;07:00:00;185,76;197,893261;0,197893261;0,458086252
06.02.25;08:00:00;215,31;197,893261;0,197893261;0,458086252
06.02.25;09:00:00;179,99;197,893261;0,197893261;0,458086252
06.02.25;10:00:00;165,15;197,893261;0,197893261;0,458086252
06.02.25;11:00:00;155,18;197,893261;0,197893261;0,458086252
06.02.25;12:00:00;147,44;197,893261;0,197893261;0,458086252
06.02.25;13:00:00;144,52;197,893261;0,197893261;0,458086252
06.02.25;14:00:00;143,24;197,893261;0,197893261;0,458086252
06.02.25;15:00:00;152,5;197,893261;0,197893261;0,458086252
06.02.25;16:00:00;165,76;197,893261;0,197893261;0,458086252
06.02.25;17:00:00;170,89;197,893261;0,197893261;0,458086252
06.02.25;18:00:00;168,8;197,893261;0,197893261;0,458086252
06.02.25;19:00:00;160,49;197,893261;0,197893261;0,458086252
06.02.25;20:00:00;143,17;197,893261;0,197893261;0,458086252
06.02.25;21:00:00;132,57;197,893261;0,197893261;0,458086252
06.02.25;22:00:00;130,57;197,893261;0,197893261;0,458086252
06.02.25;23:00:00;116,95;197,893261;0,197893261;0,458086252
07.02.25;00:00:00;121,46;197,893261;0,197893261;0,458086252
07.02.25;01:00:00;111,74;197,893261;0,197893261;0,458086252
07.02.25;02:00:00;107,42;197,893261;0,197893261;0,458086252
07.02.25;03:00:00;103,4;119,8252773;0,119825277;0,277373326
07.02.25;04:00:00;102,61;119,8252773;0,119825277;0,277373326
07.02.25;05:00:00;104,8;197,893261;0,197893261;0,458086252
07.02.25;06:00:00;114,66;197,893261;0,197893261;0,458086252
07.02.25;07:00:00;141,34;197,893261;0,197893261;0,458086252
07.02.25;08:00:00;159,03;197,893261;0,197893261;0,458086252
07.02.25;09:00:00;145,17;197,893261;0,197893261;0,458086252
07.02.25;10:00:00;126,44;197,893261;0,197893261;0,458086252
07.02.25;11:00:00;110,11;197,893261;0,197893261;0,458086252
07.02.25;12:00:00;104,58;197,893261;0,197893261;0,458086252
07.02.25;13:00:00;101,48;119,8252773;0,119825277;0,277373326
07.02.25;14:00:00;104,18;197,893261;0,197893261;0,458086252
07.02.25;15:00:00;111,21;197,893261;0,197893261;0,458086252
07.02.25;16:00:00;125,92;197,893261;0,197893261;0,458086252
07.02.25;17:00:00;139,43;197,893261;0,197893261;0,458086252
07.02.25;18:00:00;143,97;197,893261;0,197893261;0,458086252
07.02.25;19:00:00;138,61;197,893261;0,197893261;0,458086252
07.02.25;20:00:00;123,96;197,893261;0,197893261;0,458086252
07.02.25;21:00:00;105,42;197,893261;0,197893261;0,458086252
07.02.25;22:00:00;102,78;119,8252773;0,119825277;0,277373326
07.02.25;23:00:00;102,39;119,8252773;0,119825277;0,277373326
08.02.25;00:00:00;87,26;0;0;0
08.02.25;01:00:00;88,52;119,8252773;0,119825277;0,277373326
08.02.25;02:00:00;88,25;119,8252773;0,119825277;0,277373326
08.02.25;03:00:00;88,64;119,8252773;0,119825277;0,277373326
08.02.25;04:00:00;89,91;119,8252773;0,119825277;0,277373326
08.02.25;05:00:00;89,77;119,8252773;0,119825277;0,277373326
08.02.25;06:00:00;91,01;119,8252773;0,119825277;0,277373326
08.02.25;07:00:00;96,22;119,8252773;0,119825277;0,277373326
08.02.25;08:00:00;112,37;197,893261;0,197893261;0,458086252
08.02.25;09:00:00;97,75;119,8252773;0,119825277;0,277373326
08.02.25;10:00:00;83,48;0;0;0
08.02.25;11:00:00;75,33;0;0;0
08.02.25;12:00:00;74,78;0;0;0
08.02.25;13:00:00;81,3;0;0;0
08.02.25;14:00:00;90,02;119,8252773;0,119825277;0,277373326
08.02.25;15:00:00;116,1;197,893261;0,197893261;0,458086252
08.02.25;16:00:00;137,71;197,893261;0,197893261;0,458086252
08.02.25;17:00:00;150,32;197,893261;0,197893261;0,458086252
08.02.25;18:00:00;159,76;197,893261;0,197893261;0,458086252
08.02.25;19:00:00;157,81;197,893261;0,197893261;0,458086252
08.02.25;20:00:00;150,21;197,893261;0,197893261;0,458086252
08.02.25;21:00:00;145,56;197,893261;0,197893261;0,458086252
08.02.25;22:00:00;143,2;197,893261;0,197893261;0,458086252
08.02.25;23:00:00;136,6;197,893261;0,197893261;0,458086252
09.02.25;00:00:00;134,33;197,893261;0,197893261;0,458086252
09.02.25;01:00:00;131,64;197,893261;0,197893261;0,458086252
09.02.25;02:00:00;129,39;197,893261;0,197893261;0,458086252
09.02.25;03:00:00;121,95;197,893261;0,197893261;0,458086252
09.02.25;04:00:00;121,58;197,893261;0,197893261;0,458086252
09.02.25;05:00:00;119,69;197,893261;0,197893261;0,458086252
09.02.25;06:00:00;120,51;197,893261;0,197893261;0,458086252
09.02.25;07:00:00;132,12;197,893261;0,197893261;0,458086252
09.02.25;08:00:00;137,02;197,893261;0,197893261;0,458086252
09.02.25;09:00:00;126,07;197,893261;0,197893261;0,458086252
09.02.25;10:00:00;114,39;197,893261;0,197893261;0,458086252
09.02.25;11:00:00;108,23;197,893261;0,197893261;0,458086252
09.02.25;12:00:00;102,4;119,8252773;0,119825277;0,277373326
09.02.25;13:00:00;98,76;119,8252773;0,119825277;0,277373326
09.02.25;14:00:00;109,55;197,893261;0,197893261;0,458086252
09.02.25;15:00:00;118,84;197,893261;0,197893261;0,458086252
09.02.25;16:00:00;136,23;197,893261;0,197893261;0,458086252
09.02.25;17:00:00;147,36;197,893261;0,197893261;0,458086252
09.02.25;18:00:00;158,09;197,893261;0,197893261;0,458086252
09.02.25;19:00:00;153,28;197,893261;0,197893261;0,458086252
09.02.25;20:00:00;146,99;197,893261;0,197893261;0,458086252
09.02.25;21:00:00;139,38;197,893261;0,197893261;0,458086252
09.02.25;22:00:00;139,19;197,893261;0,197893261;0,458086252
09.02.25;23:00:00;125,92;197,893261;0,197893261;0,458086252
10.02.25;00:00:00;118,73;197,893261;0,197893261;0,458086252
10.02.25;01:00:00;114,6;197,893261;0,197893261;0,458086252
10.02.25;02:00:00;112,26;197,893261;0,197893261;0,458086252
10.02.25;03:00:00;110,21;197,893261;0,197893261;0,458086252
10.02.25;04:00:00;105,92;197,893261;0,197893261;0,458086252
10.02.25;05:00:00;114,9;197,893261;0,197893261;0,458086252
10.02.25;06:00:00;141,32;197,893261;0,197893261;0,458086252
10.02.25;07:00:00;162,48;197,893261;0,197893261;0,458086252
10.02.25;08:00:00;177,04;197,893261;0,197893261;0,458086252
10.02.25;09:00:00;160,74;197,893261;0,197893261;0,458086252
10.02.25;10:00:00;138,19;197,893261;0,197893261;0,458086252
10.02.25;11:00:00;120,76;197,893261;0,197893261;0,458086252
10.02.25;12:00:00;114,95;197,893261;0,197893261;0,458086252
10.02.25;13:00:00;114,14;197,893261;0,197893261;0,458086252
10.02.25;14:00:00;123,48;197,893261;0,197893261;0,458086252
10.02.25;15:00:00;129,83;197,893261;0,197893261;0,458086252
10.02.25;16:00:00;136,14;197,893261;0,197893261;0,458086252
10.02.25;17:00:00;145,37;197,893261;0,197893261;0,458086252
10.02.25;18:00:00;152,32;197,893261;0,197893261;0,458086252
10.02.25;19:00:00;135,71;197,893261;0,197893261;0,458086252
10.02.25;20:00:00;114,06;197,893261;0,197893261;0,458086252
10.02.25;21:00:00;106,39;197,893261;0,197893261;0,458086252
10.02.25;22:00:00;102,07;119,8252773;0,119825277;0,277373326
10.02.25;23:00:00;97,76;119,8252773;0,119825277;0,277373326
11.02.25;00:00:00;73,9;0;0;0
11.02.25;01:00:00;70,24;0;0;0
11.02.25;02:00:00;69,57;0;0;0
11.02.25;03:00:00;71,43;0;0;0
11.02.25;04:00:00;74,43;0;0;0
11.02.25;05:00:00;83,02;0;0;0
11.02.25;06:00:00;103,53;197,893261;0,197893261;0,458086252
11.02.25;07:00:00;134,93;197,893261;0,197893261;0,458086252
11.02.25;08:00:00;151,94;197,893261;0,197893261;0,458086252
11.02.25;09:00:00;137,03;197,893261;0,197893261;0,458086252
11.02.25;10:00:00;108,78;197,893261;0,197893261;0,458086252
11.02.25;11:00:00;104,64;197,893261;0,197893261;0,458086252
11.02.25;12:00:00;105,34;197,893261;0,197893261;0,458086252
11.02.25;13:00:00;113,31;197,893261;0,197893261;0,458086252
11.02.25;14:00:00;120,53;197,893261;0,197893261;0,458086252
11.02.25;15:00:00;141,12;197,893261;0,197893261;0,458086252
11.02.25;16:00:00;142,78;197,893261;0,197893261;0,458086252
11.02.25;17:00:00;160,67;197,893261;0,197893261;0,458086252
11.02.25;18:00:00;173,18;197,893261;0,197893261;0,458086252
11.02.25;19:00:00;171,2;197,893261;0,197893261;0,458086252
11.02.25;20:00:00;160,72;197,893261;0,197893261;0,458086252
11.02.25;21:00:00;147,32;197,893261;0,197893261;0,458086252
11.02.25;22:00:00;141,01;197,893261;0,197893261;0,458086252
11.02.25;23:00:00;126,92;197,893261;0,197893261;0,458086252
12.02.25;00:00:00;126,02;197,893261;0,197893261;0,458086252
12.02.25;01:00:00;123,64;197,893261;0,197893261;0,458086252
12.02.25;02:00:00;122,7;197,893261;0,197893261;0,458086252
12.02.25;03:00:00;122,51;197,893261;0,197893261;0,458086252
12.02.25;04:00:00;124,24;197,893261;0,197893261;0,458086252
12.02.25;05:00:00;129,59;197,893261;0,197893261;0,458086252
12.02.25;06:00:00;149,65;197,893261;0,197893261;0,458086252
12.02.25;07:00:00;169,37;197,893261;0,197893261;0,458086252
12.02.25;08:00:00;186,12;197,893261;0,197893261;0,458086252
12.02.25;09:00:00;176,34;197,893261;0,197893261;0,458086252
12.02.25;10:00:00;159,25;197,893261;0,197893261;0,458086252
12.02.25;11:00:00;146,06;197,893261;0,197893261;0,458086252
12.02.25;12:00:00;138,32;197,893261;0,197893261;0,458086252
12.02.25;13:00:00;142,4;197,893261;0,197893261;0,458086252
12.02.25;14:00:00;148,82;197,893261;0,197893261;0,458086252
12.02.25;15:00:00;159,58;197,893261;0,197893261;0,458086252
12.02.25;16:00:00;172,12;197,893261;0,197893261;0,458086252
12.02.25;17:00:00;179,31;197,893261;0,197893261;0,458086252
12.02.25;18:00:00;191,28;197,893261;0,197893261;0,458086252
12.02.25;19:00:00;189,27;197,893261;0,197893261;0,458086252
12.02.25;20:00:00;172,17;197,893261;0,197893261;0,458086252
12.02.25;21:00:00;156,25;197,893261;0,197893261;0,458086252
12.02.25;22:00:00;149,87;197,893261;0,197893261;0,458086252
12.02.25;23:00:00;140;197,893261;0,197893261;0,458086252
13.02.25;00:00:00;144,62;197,893261;0,197893261;0,458086252
13.02.25;01:00:00;138,76;197,893261;0,197893261;0,458086252
13.02.25;02:00:00;137,71;197,893261;0,197893261;0,458086252
13.02.25;03:00:00;135,41;197,893261;0,197893261;0,458086252
13.02.25;04:00:00;137,49;197,893261;0,197893261;0,458086252
13.02.25;05:00:00;142,26;197,893261;0,197893261;0,458086252
13.02.25;06:00:00;160,23;197,893261;0,197893261;0,458086252
13.02.25;07:00:00;188,71;197,893261;0,197893261;0,458086252
13.02.25;08:00:00;219,09;197,893261;0,197893261;0,458086252
13.02.25;09:00:00;205,49;197,893261;0,197893261;0,458086252
13.02.25;10:00:00;189,4;197,893261;0,197893261;0,458086252
13.02.25;11:00:00;175,84;197,893261;0,197893261;0,458086252
13.02.25;12:00:00;165,66;197,893261;0,197893261;0,458086252
13.02.25;13:00:00;163,42;197,893261;0,197893261;0,458086252
13.02.25;14:00:00;162,56;197,893261;0,197893261;0,458086252
13.02.25;15:00:00;168,33;197,893261;0,197893261;0,458086252
13.02.25;16:00:00;178,72;197,893261;0,197893261;0,458086252
13.02.25;17:00:00;200,2;197,893261;0,197893261;0,458086252
13.02.25;18:00:00;202,03;197,893261;0,197893261;0,458086252
13.02.25;19:00:00;194,01;197,893261;0,197893261;0,458086252
13.02.25;20:00:00;175,78;197,893261;0,197893261;0,458086252
13.02.25;21:00:00;161,25;197,893261;0,197893261;0,458086252
13.02.25;22:00:00;152,34;197,893261;0,197893261;0,458086252
13.02.25;23:00:00;139,78;197,893261;0,197893261;0,458086252
14.02.25;00:00:00;139;197,893261;0,197893261;0,458086252
14.02.25;01:00:00;133,9;197,893261;0,197893261;0,458086252
14.02.25;02:00:00;131,65;197,893261;0,197893261;0,458086252
14.02.25;03:00:00;130,93;197,893261;0,197893261;0,458086252
14.02.25;04:00:00;132,94;197,893261;0,197893261;0,458086252
14.02.25;05:00:00;142,14;197,893261;0,197893261;0,458086252
14.02.25;06:00:00;172,77;197,893261;0,197893261;0,458086252
14.02.25;07:00:00;230,79;197,893261;0,197893261;0,458086252
14.02.25;08:00:00;257,71;197,893261;0,197893261;0,458086252
14.02.25;09:00:00;226,92;197,893261;0,197893261;0,458086252
14.02.25;10:00:00;191;197,893261;0,197893261;0,458086252
14.02.25;11:00:00;172,76;197,893261;0,197893261;0,458086252
14.02.25;12:00:00;161;197,893261;0,197893261;0,458086252
14.02.25;13:00:00;159,82;197,893261;0,197893261;0,458086252
14.02.25;14:00:00;168,71;197,893261;0,197893261;0,458086252
14.02.25;15:00:00;194,72;197,893261;0,197893261;0,458086252
14.02.25;16:00:00;214,92;197,893261;0,197893261;0,458086252
14.02.25;17:00:00;302,11;197,893261;0,197893261;0,458086252
14.02.25;18:00:00;287,27;197,893261;0,197893261;0,458086252
14.02.25;19:00:00;226,32;197,893261;0,197893261;0,458086252
14.02.25;20:00:00;193,62;197,893261;0,197893261;0,458086252
14.02.25;21:00:00;168,99;197,893261;0,197893261;0,458086252
14.02.25;22:00:00;156,76;197,893261;0,197893261;0,458086252
14.02.25;23:00:00;144,93;197,893261;0,197893261;0,458086252
15.02.25;00:00:00;137,5;197,893261;0,197893261;0,458086252
15.02.25;01:00:00;131,61;197,893261;0,197893261;0,458086252
15.02.25;02:00:00;124,51;197,893261;0,197893261;0,458086252
15.02.25;03:00:00;122,15;197,893261;0,197893261;0,458086252
15.02.25;04:00:00;123,15;197,893261;0,197893261;0,458086252
15.02.25;05:00:00;124,06;197,893261;0,197893261;0,458086252
15.02.25;06:00:00;132,56;197,893261;0,197893261;0,458086252
15.02.25;07:00:00;146,43;197,893261;0,197893261;0,458086252
15.02.25;08:00:00;150,57;197,893261;0,197893261;0,458086252
15.02.25;09:00:00;137,47;197,893261;0,197893261;0,458086252
15.02.25;10:00:00;127,65;197,893261;0,197893261;0,458086252
15.02.25;11:00:00;120,1;197,893261;0,197893261;0,458086252
15.02.25;12:00:00;113,34;197,893261;0,197893261;0,458086252
15.02.25;13:00:00;111,75;197,893261;0,197893261;0,458086252
15.02.25;14:00:00;117,98;197,893261;0,197893261;0,458086252
15.02.25;15:00:00;132,26;197,893261;0,197893261;0,458086252
15.02.25;16:00:00;149,02;197,893261;0,197893261;0,458086252
15.02.25;17:00:00;169,49;197,893261;0,197893261;0,458086252
15.02.25;18:00:00;177,85;197,893261;0,197893261;0,458086252
15.02.25;19:00:00;167,15;197,893261;0,197893261;0,458086252
15.02.25;20:00:00;152,09;197,893261;0,197893261;0,458086252
15.02.25;21:00:00;136,05;197,893261;0,197893261;0,458086252
15.02.25;22:00:00;134,11;197,893261;0,197893261;0,458086252
15.02.25;23:00:00;126,44;197,893261;0,197893261;0,458086252
16.02.25;00:00:00;131,75;197,893261;0,197893261;0,458086252
16.02.25;01:00:00;126,69;197,893261;0,197893261;0,458086252
16.02.25;02:00:00;121,78;197,893261;0,197893261;0,458086252
16.02.25;03:00:00;118,38;197,893261;0,197893261;0,458086252
16.02.25;04:00:00;118,04;197,893261;0,197893261;0,458086252
16.02.25;05:00:00;118;197,893261;0,197893261;0,458086252
16.02.25;06:00:00;117,79;197,893261;0,197893261;0,458086252
16.02.25;07:00:00;124,87;197,893261;0,197893261;0,458086252
16.02.25;08:00:00;126,82;197,893261;0,197893261;0,458086252
16.02.25;09:00:00;123,2;197,893261;0,197893261;0,458086252
16.02.25;10:00:00;117,83;197,893261;0,197893261;0,458086252
16.02.25;11:00:00;112,55;197,893261;0,197893261;0,458086252
16.02.25;12:00:00;111,85;197,893261;0,197893261;0,458086252
16.02.25;13:00:00;107,95;197,893261;0,197893261;0,458086252
16.02.25;14:00:00;111,37;197,893261;0,197893261;0,458086252
16.02.25;15:00:00;122,58;197,893261;0,197893261;0,458086252
16.02.25;16:00:00;135,34;197,893261;0,197893261;0,458086252
16.02.25;17:00:00;150,91;197,893261;0,197893261;0,458086252
16.02.25;18:00:00;163,41;197,893261;0,197893261;0,458086252
16.02.25;19:00:00;157,6;197,893261;0,197893261;0,458086252
16.02.25;20:00:00;150,01;197,893261;0,197893261;0,458086252
16.02.25;21:00:00;138,72;197,893261;0,197893261;0,458086252
16.02.25;22:00:00;136,52;197,893261;0,197893261;0,458086252
16.02.25;23:00:00;130,16;197,893261;0,197893261;0,458086252
17.02.25;00:00:00;126,97;197,893261;0,197893261;0,458086252
17.02.25;01:00:00;123,8;197,893261;0,197893261;0,458086252
17.02.25;02:00:00;121,3;197,893261;0,197893261;0,458086252
17.02.25;03:00:00;122,52;197,893261;0,197893261;0,458086252
17.02.25;04:00:00;124,42;197,893261;0,197893261;0,458086252
17.02.25;05:00:00;131,57;197,893261;0,197893261;0,458086252
17.02.25;06:00:00;159,6;197,893261;0,197893261;0,458086252
17.02.25;07:00:00;207,56;197,893261;0,197893261;0,458086252
17.02.25;08:00:00;208,1;197,893261;0,197893261;0,458086252
17.02.25;09:00:00;171,43;197,893261;0,197893261;0,458086252
17.02.25;10:00:00;137,33;197,893261;0,197893261;0,458086252
17.02.25;11:00:00;119,83;197,893261;0,197893261;0,458086252
17.02.25;12:00:00;114,69;197,893261;0,197893261;0,458086252
17.02.25;13:00:00;113,26;197,893261;0,197893261;0,458086252
17.02.25;14:00:00;117,18;197,893261;0,197893261;0,458086252
17.02.25;15:00:00;136,08;197,893261;0,197893261;0,458086252
17.02.25;16:00:00;163,78;197,893261;0,197893261;0,458086252
17.02.25;17:00:00;234,29;197,893261;0,197893261;0,458086252
17.02.25;18:00:00;272,76;197,893261;0,197893261;0,458086252
17.02.25;19:00:00;214,1;197,893261;0,197893261;0,458086252
17.02.25;20:00:00;181,78;197,893261;0,197893261;0,458086252
17.02.25;21:00:00;161,5;197,893261;0,197893261;0,458086252
17.02.25;22:00:00;147,18;197,893261;0,197893261;0,458086252
17.02.25;23:00:00;135,63;197,893261;0,197893261;0,458086252
18.02.25;00:00:00;134,26;197,893261;0,197893261;0,458086252
18.02.25;01:00:00;128,33;197,893261;0,197893261;0,458086252
18.02.25;02:00:00;125,75;197,893261;0,197893261;0,458086252
18.02.25;03:00:00;122,4;197,893261;0,197893261;0,458086252
18.02.25;04:00:00;122,29;197,893261;0,197893261;0,458086252
18.02.25;05:00:00;127,36;197,893261;0,197893261;0,458086252
18.02.25;06:00:00;148,95;197,893261;0,197893261;0,458086252
18.02.25;07:00:00;191,92;197,893261;0,197893261;0,458086252
18.02.25;08:00:00;190,6;197,893261;0,197893261;0,458086252
18.02.25;09:00:00;148,2;197,893261;0,197893261;0,458086252
18.02.25;10:00:00;124,98;197,893261;0,197893261;0,458086252
18.02.25;11:00:00;107,87;197,893261;0,197893261;0,458086252
18.02.25;12:00:00;96,15;119,8252773;0,119825277;0,277373326
18.02.25;13:00:00;91,63;119,8252773;0,119825277;0,277373326
18.02.25;14:00:00;99,07;119,8252773;0,119825277;0,277373326
18.02.25;15:00:00;113,25;197,893261;0,197893261;0,458086252
18.02.25;16:00:00;135,29;197,893261;0,197893261;0,458086252
18.02.25;17:00:00;175,14;197,893261;0,197893261;0,458086252
18.02.25;18:00:00;175,93;197,893261;0,197893261;0,458086252
18.02.25;19:00:00;159,18;197,893261;0,197893261;0,458086252
18.02.25;20:00:00;143,3;197,893261;0,197893261;0,458086252
18.02.25;21:00:00;128,67;197,893261;0,197893261;0,458086252
18.02.25;22:00:00;121,55;197,893261;0,197893261;0,458086252
18.02.25;23:00:00;113,09;197,893261;0,197893261;0,458086252
19.02.25;00:00:00;106,32;197,893261;0,197893261;0,458086252
19.02.25;01:00:00;101,39;119,8252773;0,119825277;0,277373326
19.02.25;02:00:00;100,93;119,8252773;0,119825277;0,277373326
19.02.25;03:00:00;98,44;119,8252773;0,119825277;0,277373326
19.02.25;04:00:00;97,08;119,8252773;0,119825277;0,277373326
19.02.25;05:00:00;100,43;119,8252773;0,119825277;0,277373326
19.02.25;06:00:00;118,44;197,893261;0,197893261;0,458086252
19.02.25;07:00:00;147,3;197,893261;0,197893261;0,458086252
19.02.25;08:00:00;159,5;197,893261;0,197893261;0,458086252
19.02.25;09:00:00;127,1;197,893261;0,197893261;0,458086252
19.02.25;10:00:00;104,45;197,893261;0,197893261;0,458086252
19.02.25;11:00:00;85,35;0;0;0
19.02.25;12:00:00;80,55;0;0;0
19.02.25;13:00:00;79,83;0;0;0
19.02.25;14:00:00;83,21;0;0;0
19.02.25;15:00:00;96,01;119,8252773;0,119825277;0,277373326
19.02.25;16:00:00;112,97;197,893261;0,197893261;0,458086252
19.02.25;17:00:00;137,98;197,893261;0,197893261;0,458086252
19.02.25;18:00:00;147,26;197,893261;0,197893261;0,458086252
19.02.25;19:00:00;143,11;197,893261;0,197893261;0,458086252
19.02.25;20:00:00;123,47;197,893261;0,197893261;0,458086252
19.02.25;21:00:00;115,18;197,893261;0,197893261;0,458086252
19.02.25;22:00:00;108,2;197,893261;0,197893261;0,458086252
19.02.25;23:00:00;101,53;119,8252773;0,119825277;0,277373326
20.02.25;00:00:00;90,23;119,8252773;0,119825277;0,277373326
20.02.25;01:00:00;88,17;119,8252773;0,119825277;0,277373326
20.02.25;02:00:00;87,02;0;0;0
20.02.25;03:00:00;84,47;0;0;0
20.02.25;04:00:00;83,59;0;0;0
20.02.25;05:00:00;87,02;0;0;0
20.02.25;06:00:00;95,68;119,8252773;0,119825277;0,277373326
20.02.25;07:00:00;122,52;197,893261;0,197893261;0,458086252
20.02.25;08:00:00;134,99;197,893261;0,197893261;0,458086252
20.02.25;09:00:00;113,19;197,893261;0,197893261;0,458086252
20.02.25;10:00:00;99,65;119,8252773;0,119825277;0,277373326
20.02.25;11:00:00;90,81;119,8252773;0,119825277;0,277373326
20.02.25;12:00:00;88,48;119,8252773;0,119825277;0,277373326
20.02.25;13:00:00;87,02;0;0;0
20.02.25;14:00:00;89,94;119,8252773;0,119825277;0,277373326
20.02.25;15:00:00;96,22;119,8252773;0,119825277;0,277373326
20.02.25;16:00:00;104,97;197,893261;0,197893261;0,458086252
20.02.25;17:00:00;116,09;197,893261;0,197893261;0,458086252
20.02.25;18:00:00;119,04;197,893261;0,197893261;0,458086252
20.02.25;19:00:00;123,38;197,893261;0,197893261;0,458086252
20.02.25;20:00:00;108,03;197,893261;0,197893261;0,458086252
20.02.25;21:00:00;95,6;119,8252773;0,119825277;0,277373326
20.02.25;22:00:00;93,4;119,8252773;0,119825277;0,277373326
20.02.25;23:00:00;84,08;0;0;0
21.02.25;00:00:00;77,3;0;0;0
21.02.25;01:00:00;75,98;0;0;0
21.02.25;02:00:00;77,26;0;0;0
21.02.25;03:00:00;80,09;0;0;0
21.02.25;04:00:00;81,28;0;0;0
21.02.25;05:00:00;82,95;0;0;0
21.02.25;06:00:00;106,06;197,893261;0,197893261;0,458086252
21.02.25;07:00:00;145,99;197,893261;0,197893261;0,458086252
21.02.25;08:00:00;145,84;197,893261;0,197893261;0,458086252
21.02.25;09:00:00;123,14;197,893261;0,197893261;0,458086252
21.02.25;10:00:00;101,26;119,8252773;0,119825277;0,277373326
21.02.25;11:00:00;84,18;0;0;0
21.02.25;12:00:00;79,48;0;0;0
21.02.25;13:00:00;78,3;0;0;0
21.02.25;14:00:00;79,82;0;0;0
21.02.25;15:00:00;83,88;0;0;0
21.02.25;16:00:00;98,88;119,8252773;0,119825277;0,277373326
21.02.25;17:00:00;105,31;197,893261;0,197893261;0,458086252
21.02.25;18:00:00;102,32;119,8252773;0,119825277;0,277373326
21.02.25;19:00:00;86,46;0;0;0
21.02.25;20:00:00;80,71;0;0;0
21.02.25;21:00:00;72,34;0;0;0
21.02.25;22:00:00;70,92;0;0;0
21.02.25;23:00:00;65,44;0;0;0
22.02.25;00:00:00;53,88;0;0;0
22.02.25;01:00:00;50,39;0;0;0
22.02.25;02:00:00;48,9;0;0;0
22.02.25;03:00:00;44,59;0;0;0
22.02.25;04:00:00;43,94;0;0;0
22.02.25;05:00:00;50,17;0;0;0
22.02.25;06:00:00;54,12;0;0;0
22.02.25;07:00:00;66,23;0;0;0
22.02.25;08:00:00;72,28;0;0;0
22.02.25;09:00:00;67,68;0;0;0
22.02.25;10:00:00;54,84;0;0;0
22.02.25;11:00:00;48,35;0;0;0
22.02.25;12:00:00;43,79;0;0;0
22.02.25;13:00:00;50,8;0;0;0
22.02.25;14:00:00;61,84;0;0;0
22.02.25;15:00:00;80,18;0;0;0
22.02.25;16:00:00;95,88;119,8252773;0,119825277;0,277373326
22.02.25;17:00:00;106,24;197,893261;0,197893261;0,458086252
22.02.25;18:00:00;110,96;197,893261;0,197893261;0,458086252
22.02.25;19:00:00;113,29;197,893261;0,197893261;0,458086252
22.02.25;20:00:00;101,26;119,8252773;0,119825277;0,277373326
22.02.25;21:00:00;95,67;119,8252773;0,119825277;0,277373326
22.02.25;22:00:00;91,98;119,8252773;0,119825277;0,277373326
22.02.25;23:00:00;85,06;0;0;0
23.02.25;00:00:00;86,23;0;0;0
23.02.25;01:00:00;82,09;0;0;0
23.02.25;02:00:00;81,99;0;0;0
23.02.25;03:00:00;81,77;0;0;0
23.02.25;04:00:00;82,64;0;0;0
23.02.25;05:00:00;83,12;0;0;0
23.02.25;06:00:00;83,62;0;0;0
23.02.25;07:00:00;98,2;119,8252773;0,119825277;0,277373326
23.02.25;08:00:00;104,61;197,893261;0,197893261;0,458086252
23.02.25;09:00:00;94,88;119,8252773;0,119825277;0,277373326
23.02.25;10:00:00;80,75;0;0;0
23.02.25;11:00:00;74,72;0;0;0
23.02.25;12:00:00;62,68;0;0;0
23.02.25;13:00:00;57,93;0;0;0
23.02.25;14:00:00;56,91;0;0;0
23.02.25;15:00:00;66,63;0;0;0
23.02.25;16:00:00;90,1;119,8252773;0,119825277;0,277373326
23.02.25;17:00:00;129,41;197,893261;0,197893261;0,458086252
23.02.25;18:00:00;138,14;197,893261;0,197893261;0,458086252
23.02.25;19:00:00;113,49;197,893261;0,197893261;0,458086252
23.02.25;20:00:00;95,66;119,8252773;0,119825277;0,277373326
23.02.25;21:00:00;83,73;0;0;0
23.02.25;22:00:00;80,27;0;0;0
23.02.25;23:00:00;68,25;0;0;0
24.02.25;00:00:00;61,71;0;0;0
24.02.25;01:00:00;54,94;0;0;0
24.02.25;02:00:00;36,22;0;0;0
24.02.25;03:00:00;32,68;0;0;0
24.02.25;04:00:00;47,41;0;0;0
24.02.25;05:00:00;60,46;0;0;0
24.02.25;06:00:00;79,9;0;0;0
24.02.25;07:00:00;97,36;119,8252773;0,119825277;0,277373326
24.02.25;08:00:00;110,86;197,893261;0,197893261;0,458086252
24.02.25;09:00:00;97,26;119,8252773;0,119825277;0,277373326
24.02.25;10:00:00;86,04;0;0;0
24.02.25;11:00:00;82,83;0;0;0
24.02.25;12:00:00;78,82;0;0;0
24.02.25;13:00:00;81,28;0;0;0
24.02.25;14:00:00;85,37;0;0;0
24.02.25;15:00:00;92,72;119,8252773;0,119825277;0,277373326
24.02.25;16:00:00;105,07;197,893261;0,197893261;0,458086252
24.02.25;17:00:00;118,42;197,893261;0,197893261;0,458086252
24.02.25;18:00:00;139,56;197,893261;0,197893261;0,458086252
24.02.25;19:00:00;143,74;197,893261;0,197893261;0,458086252
24.02.25;20:00:00;130,66;197,893261;0,197893261;0,458086252
24.02.25;21:00:00;115,34;197,893261;0,197893261;0,458086252
24.02.25;22:00:00;113,67;197,893261;0,197893261;0,458086252
24.02.25;23:00:00;108,39;197,893261;0,197893261;0,458086252
25.02.25;00:00:00;87,18;0;0;0
25.02.25;01:00:00;89,34;119,8252773;0,119825277;0,277373326
25.02.25;02:00:00;91,54;119,8252773;0,119825277;0,277373326
25.02.25;03:00:00;92,83;119,8252773;0,119825277;0,277373326
25.02.25;04:00:00;97,77;119,8252773;0,119825277;0,277373326
25.02.25;05:00:00;106,05;197,893261;0,197893261;0,458086252
25.02.25;06:00:00;137,31;197,893261;0,197893261;0,458086252
25.02.25;07:00:00;165,73;197,893261;0,197893261;0,458086252
25.02.25;08:00:00;170,42;197,893261;0,197893261;0,458086252
25.02.25;09:00:00;153,06;197,893261;0,197893261;0,458086252
25.02.25;10:00:00;136,95;197,893261;0,197893261;0,458086252
25.02.25;11:00:00;123,66;197,893261;0,197893261;0,458086252
25.02.25;12:00:00;122,62;197,893261;0,197893261;0,458086252
25.02.25;13:00:00;125,01;197,893261;0,197893261;0,458086252
25.02.25;14:00:00;135,65;197,893261;0,197893261;0,458086252
25.02.25;15:00:00;152,5;197,893261;0,197893261;0,458086252
25.02.25;16:00:00;171,47;197,893261;0,197893261;0,458086252
25.02.25;17:00:00;209,74;197,893261;0,197893261;0,458086252
25.02.25;18:00:00;229,72;197,893261;0,197893261;0,458086252
25.02.25;19:00:00;200,07;197,893261;0,197893261;0,458086252
25.02.25;20:00:00;163,22;197,893261;0,197893261;0,458086252
25.02.25;21:00:00;143,31;197,893261;0,197893261;0,458086252
25.02.25;22:00:00;131,32;197,893261;0,197893261;0,458086252
25.02.25;23:00:00;117,86;197,893261;0,197893261;0,458086252
26.02.25;00:00:00;121,06;197,893261;0,197893261;0,458086252
26.02.25;01:00:00;117,26;197,893261;0,197893261;0,458086252
26.02.25;02:00:00;114,53;197,893261;0,197893261;0,458086252
26.02.25;03:00:00;114,6;197,893261;0,197893261;0,458086252
26.02.25;04:00:00;115,64;197,893261;0,197893261;0,458086252
26.02.25;05:00:00;119,55;197,893261;0,197893261;0,458086252
26.02.25;06:00:00;144,05;197,893261;0,197893261;0,458086252
26.02.25;07:00:00;168,55;197,893261;0,197893261;0,458086252
26.02.25;08:00:00;180,47;197,893261;0,197893261;0,458086252
26.02.25;09:00:00;163,82;197,893261;0,197893261;0,458086252
26.02.25;10:00:00;146,83;197,893261;0,197893261;0,458086252
26.02.25;11:00:00;133,48;197,893261;0,197893261;0,458086252
26.02.25;12:00:00;124,91;197,893261;0,197893261;0,458086252
26.02.25;13:00:00;122,12;197,893261;0,197893261;0,458086252
26.02.25;14:00:00;125,93;197,893261;0,197893261;0,458086252
26.02.25;15:00:00;135,07;197,893261;0,197893261;0,458086252
26.02.25;16:00:00;151,99;197,893261;0,197893261;0,458086252
26.02.25;17:00:00;170,56;197,893261;0,197893261;0,458086252
26.02.25;18:00:00;179,27;197,893261;0,197893261;0,458086252
26.02.25;19:00:00;167,07;197,893261;0,197893261;0,458086252
26.02.25;20:00:00;150,74;197,893261;0,197893261;0,458086252
26.02.25;21:00:00;122,97;197,893261;0,197893261;0,458086252
26.02.25;22:00:00;121,07;197,893261;0,197893261;0,458086252
26.02.25;23:00:00;111,72;197,893261;0,197893261;0,458086252
27.02.25;00:00:00;101,87;119,8252773;0,119825277;0,277373326
27.02.25;01:00:00;101,62;119,8252773;0,119825277;0,277373326
27.02.25;02:00:00;100,27;119,8252773;0,119825277;0,277373326
27.02.25;03:00:00;99,17;119,8252773;0,119825277;0,277373326
27.02.25;04:00:00;100,94;119,8252773;0,119825277;0,277373326
27.02.25;05:00:00;105,93;197,893261;0,197893261;0,458086252
27.02.25;06:00:00;119,92;197,893261;0,197893261;0,458086252
27.02.25;07:00:00;151,05;197,893261;0,197893261;0,458086252
27.02.25;08:00:00;161,57;197,893261;0,197893261;0,458086252
27.02.25;09:00:00;144,62;197,893261;0,197893261;0,458086252
27.02.25;10:00:00;127,04;197,893261;0,197893261;0,458086252
27.02.25;11:00:00;112,91;197,893261;0,197893261;0,458086252
27.02.25;12:00:00;106,58;197,893261;0,197893261;0,458086252
27.02.25;13:00:00;110,49;197,893261;0,197893261;0,458086252
27.02.25;14:00:00;111,3;197,893261;0,197893261;0,458086252
27.02.25;15:00:00;124,2;197,893261;0,197893261;0,458086252
27.02.25;16:00:00;143,78;197,893261;0,197893261;0,458086252
27.02.25;17:00:00;162;197,893261;0,197893261;0,458086252
27.02.25;18:00:00;176,49;197,893261;0,197893261;0,458086252
27.02.25;19:00:00;165,21;197,893261;0,197893261;0,458086252
27.02.25;20:00:00;145,3;197,893261;0,197893261;0,458086252
27.02.25;21:00:00;135,59;197,893261;0,197893261;0,458086252
27.02.25;22:00:00;124,2;197,893261;0,197893261;0,458086252
27.02.25;23:00:00;116,11;197,893261;0,197893261;0,458086252
28.02.25;00:00:00;115,84;197,893261;0,197893261;0,458086252
28.02.25;01:00:00;110,22;197,893261;0,197893261;0,458086252
28.02.25;02:00:00;108,79;197,893261;0,197893261;0,458086252
28.02.25;03:00:00;106,77;197,893261;0,197893261;0,458086252
28.02.25;04:00:00;110,2;197,893261;0,197893261;0,458086252
28.02.25;05:00:00;114,22;197,893261;0,197893261;0,458086252
28.02.25;06:00:00;137,05;197,893261;0,197893261;0,458086252
28.02.25;07:00:00;158,19;197,893261;0,197893261;0,458086252
28.02.25;08:00:00;166;197,893261;0,197893261;0,458086252
28.02.25;09:00:00;146,51;197,893261;0,197893261;0,458086252
28.02.25;10:00:00;131,18;197,893261;0,197893261;0,458086252
28.02.25;11:00:00;120,64;197,893261;0,197893261;0,458086252
28.02.25;12:00:00;112,25;197,893261;0,197893261;0,458086252
28.02.25;13:00:00;110,42;197,893261;0,197893261;0,458086252
28.02.25;14:00:00;113,99;197,893261;0,197893261;0,458086252
28.02.25;15:00:00;123,89;197,893261;0,197893261;0,458086252
28.02.25;16:00:00;138,28;197,893261;0,197893261;0,458086252
28.02.25;17:00:00;156,83;197,893261;0,197893261;0,458086252
28.02.25;18:00:00;169,13;197,893261;0,197893261;0,458086252
28.02.25;19:00:00;160,33;197,893261;0,197893261;0,458086252
28.02.25;20:00:00;144,94;197,893261;0,197893261;0,458086252
28.02.25;21:00:00;131,97;197,893261;0,197893261;0,458086252
28.02.25;22:00:00;126,59;197,893261;0,197893261;0,458086252
28.02.25;23:00:00;118,01;197,893261;0,197893261;0,458086252
01.03.25;00:00:00;124,63;197,893261;0,197893261;0,458086252
01.03.25;01:00:00;119,58;197,893261;0,197893261;0,458086252
01.03.25;02:00:00;114,54;197,893261;0,197893261;0,458086252
01.03.25;03:00:00;112,32;197,893261;0,197893261;0,458086252
01.03.25;04:00:00;110,8;197,893261;0,197893261;0,458086252
01.03.25;05:00:00;113,04;197,893261;0,197893261;0,458086252
01.03.25;06:00:00;119,3;197,893261;0,197893261;0,458086252
01.03.25;07:00:00;131,39;197,893261;0,197893261;0,458086252
01.03.25;08:00:00;135,94;197,893261;0,197893261;0,458086252
01.03.25;09:00:00;130,92;197,893261;0,197893261;0,458086252
01.03.25;10:00:00;119,61;197,893261;0,197893261;0,458086252
01.03.25;11:00:00;107,09;197,893261;0,197893261;0,458086252
01.03.25;12:00:00;99,42;119,8252773;0,119825277;0,277373326
01.03.25;13:00:00;96,82;119,8252773;0,119825277;0,277373326
01.03.25;14:00:00;99,34;119,8252773;0,119825277;0,277373326
01.03.25;15:00:00;108,07;197,893261;0,197893261;0,458086252
01.03.25;16:00:00;121,42;197,893261;0,197893261;0,458086252
01.03.25;17:00:00;142;197,893261;0,197893261;0,458086252
01.03.25;18:00:00;154,23;197,893261;0,197893261;0,458086252
01.03.25;19:00:00;148,17;197,893261;0,197893261;0,458086252
01.03.25;20:00:00;135,5;197,893261;0,197893261;0,458086252
01.03.25;21:00:00;124,54;197,893261;0,197893261;0,458086252
01.03.25;22:00:00;120,34;197,893261;0,197893261;0,458086252
01.03.25;23:00:00;115,56;197,893261;0,197893261;0,458086252
02.03.25;00:00:00;114,6;197,893261;0,197893261;0,458086252
02.03.25;01:00:00;107,06;197,893261;0,197893261;0,458086252
02.03.25;02:00:00;101,21;119,8252773;0,119825277;0,277373326
02.03.25;03:00:00;96,46;119,8252773;0,119825277;0,277373326
02.03.25;04:00:00;97,1;119,8252773;0,119825277;0,277373326
02.03.25;05:00:00;96,59;119,8252773;0,119825277;0,277373326
02.03.25;06:00:00;97,92;119,8252773;0,119825277;0,277373326
02.03.25;07:00:00;101,75;119,8252773;0,119825277;0,277373326
02.03.25;08:00:00;101;119,8252773;0,119825277;0,277373326
02.03.25;09:00:00;86,11;0;0;0
02.03.25;10:00:00;65,09;0;0;0
02.03.25;11:00:00;46,09;0;0;0
02.03.25;12:00:00;28,72;0;0;0
02.03.25;13:00:00;13,1;0;0;0
02.03.25;14:00:00;16,34;0;0;0
02.03.25;15:00:00;50,99;0;0;0
02.03.25;16:00:00;85,22;0;0;0
02.03.25;17:00:00;126,98;197,893261;0,197893261;0,458086252
02.03.25;18:00:00;143,29;197,893261;0,197893261;0,458086252
02.03.25;19:00:00;143,9;197,893261;0,197893261;0,458086252
02.03.25;20:00:00;133,11;197,893261;0,197893261;0,458086252
02.03.25;21:00:00;118,72;197,893261;0,197893261;0,458086252
02.03.25;22:00:00;116,67;197,893261;0,197893261;0,458086252
02.03.25;23:00:00;110,09;197,893261;0,197893261;0,458086252
03.03.25;00:00:00;104,92;197,893261;0,197893261;0,458086252
03.03.25;01:00:00;102,49;119,8252773;0,119825277;0,277373326
03.03.25;02:00:00;100,52;119,8252773;0,119825277;0,277373326
03.03.25;03:00:00;97,9;119,8252773;0,119825277;0,277373326
03.03.25;04:00:00;98,66;119,8252773;0,119825277;0,277373326
03.03.25;05:00:00;109,05;197,893261;0,197893261;0,458086252
03.03.25;06:00:00;130,19;197,893261;0,197893261;0,458086252
03.03.25;07:00:00;150,01;197,893261;0,197893261;0,458086252
03.03.25;08:00:00;140,74;197,893261;0,197893261;0,458086252
03.03.25;09:00:00;105,96;197,893261;0,197893261;0,458086252
03.03.25;10:00:00;74,29;0;0;0
03.03.25;11:00:00;32,27;0;0;0
03.03.25;12:00:00;17,76;0;0;0
03.03.25;13:00:00;14,79;0;0;0
03.03.25;14:00:00;57,75;0;0;0
03.03.25;15:00:00;80,63;0;0;0
03.03.25;16:00:00;103,58;197,893261;0,197893261;0,458086252
03.03.25;17:00:00;140,9;197,893261;0,197893261;0,458086252
03.03.25;18:00:00;170,74;197,893261;0,197893261;0,458086252
03.03.25;19:00:00;169,78;197,893261;0,197893261;0,458086252
03.03.25;20:00:00;145,67;197,893261;0,197893261;0,458086252
03.03.25;21:00:00;127,6;197,893261;0,197893261;0,458086252
03.03.25;22:00:00;120,46;197,893261;0,197893261;0,458086252
03.03.25;23:00:00;115,3;197,893261;0,197893261;0,458086252
04.03.25;00:00:00;119,45;197,893261;0,197893261;0,458086252
04.03.25;01:00:00;112,28;197,893261;0,197893261;0,458086252
04.03.25;02:00:00;108,04;197,893261;0,197893261;0,458086252
04.03.25;03:00:00;108,43;197,893261;0,197893261;0,458086252
04.03.25;04:00:00;106,89;197,893261;0,197893261;0,458086252
04.03.25;05:00:00;116,54;197,893261;0,197893261;0,458086252
04.03.25;06:00:00;142,4;197,893261;0,197893261;0,458086252
04.03.25;07:00:00;167,48;197,893261;0,197893261;0,458086252
04.03.25;08:00:00;145,83;197,893261;0,197893261;0,458086252
04.03.25;09:00:00;113,9;197,893261;0,197893261;0,458086252
04.03.25;10:00:00;82,53;0;0;0
04.03.25;11:00:00;48,86;0;0;0
04.03.25;12:00:00;20,64;0;0;0
04.03.25;13:00:00;16,42;0;0;0
04.03.25;14:00:00;49,65;0;0;0
04.03.25;15:00:00;80,6;0;0;0
04.03.25;16:00:00;108,56;197,893261;0,197893261;0,458086252
04.03.25;17:00:00;149,27;197,893261;0,197893261;0,458086252
04.03.25;18:00:00;178,76;197,893261;0,197893261;0,458086252
04.03.25;19:00:00;164,73;197,893261;0,197893261;0,458086252
04.03.25;20:00:00;136,56;197,893261;0,197893261;0,458086252
04.03.25;21:00:00;118,25;197,893261;0,197893261;0,458086252
04.03.25;22:00:00;114,12;197,893261;0,197893261;0,458086252
04.03.25;23:00:00;105,97;197,893261;0,197893261;0,458086252
05.03.25;00:00:00;93,94;119,8252773;0,119825277;0,277373326
05.03.25;01:00:00;88,59;119,8252773;0,119825277;0,277373326
05.03.25;02:00:00;86,86;0;0;0
05.03.25;03:00:00;84,22;0;0;0
05.03.25;04:00:00;85,17;0;0;0
05.03.25;05:00:00;93,54;119,8252773;0,119825277;0,277373326
05.03.25;06:00:00;114,64;197,893261;0,197893261;0,458086252
05.03.25;07:00:00;136,81;197,893261;0,197893261;0,458086252
05.03.25;08:00:00;92,47;119,8252773;0,119825277;0,277373326
05.03.25;09:00:00;48,06;0;0;0
05.03.25;10:00:00;5,97;0;0;0
05.03.25;11:00:00;1,54;0;0;0
05.03.25;12:00:00;-2,06;0;0;0
05.03.25;13:00:00;-1,76;0;0;0
05.03.25;14:00:00;2,76;0;0;0
05.03.25;15:00:00;51,47;0;0;0
05.03.25;16:00:00;91,57;119,8252773;0,119825277;0,277373326
05.03.25;17:00:00;133,06;197,893261;0,197893261;0,458086252
05.03.25;18:00:00;148,45;197,893261;0,197893261;0,458086252
05.03.25;19:00:00;147,68;197,893261;0,197893261;0,458086252
05.03.25;20:00:00;125,92;197,893261;0,197893261;0,458086252
05.03.25;21:00:00;112,06;197,893261;0,197893261;0,458086252
05.03.25;22:00:00;110,15;197,893261;0,197893261;0,458086252
05.03.25;23:00:00;99,06;119,8252773;0,119825277;0,277373326
06.03.25;00:00:00;86,53;0;0;0
06.03.25;01:00:00;86,39;0;0;0
06.03.25;02:00:00;86,04;0;0;0
06.03.25;03:00:00;86,95;0;0;0
06.03.25;04:00:00;91,47;119,8252773;0,119825277;0,277373326
06.03.25;05:00:00;96,68;119,8252773;0,119825277;0,277373326
06.03.25;06:00:00;130,04;197,893261;0,197893261;0,458086252
06.03.25;07:00:00;148,08;197,893261;0,197893261;0,458086252
06.03.25;08:00:00;111,82;197,893261;0,197893261;0,458086252
06.03.25;09:00:00;77,52;0;0;0
06.03.25;10:00:00;49,88;0;0;0
06.03.25;11:00:00;13,48;0;0;0
06.03.25;12:00:00;4,85;0;0;0
06.03.25;13:00:00;5,09;0;0;0
06.03.25;14:00:00;21,86;0;0;0
06.03.25;15:00:00;71,74;0;0;0
06.03.25;16:00:00;111,56;197,893261;0,197893261;0,458086252
06.03.25;17:00:00;149,4;197,893261;0,197893261;0,458086252
06.03.25;18:00:00;162,81;197,893261;0,197893261;0,458086252
06.03.25;19:00:00;151,74;197,893261;0,197893261;0,458086252
06.03.25;20:00:00;129,93;197,893261;0,197893261;0,458086252
06.03.25;21:00:00;110,1;197,893261;0,197893261;0,458086252
06.03.25;22:00:00;103,51;197,893261;0,197893261;0,458086252
06.03.25;23:00:00;92,16;119,8252773;0,119825277;0,277373326
07.03.25;00:00:00;89,88;119,8252773;0,119825277;0,277373326
07.03.25;01:00:00;90,42;119,8252773;0,119825277;0,277373326
07.03.25;02:00:00;90,69;119,8252773;0,119825277;0,277373326
07.03.25;03:00:00;92,16;119,8252773;0,119825277;0,277373326
07.03.25;04:00:00;97,84;119,8252773;0,119825277;0,277373326
07.03.25;05:00:00;111,65;197,893261;0,197893261;0,458086252
07.03.25;06:00:00;135,92;197,893261;0,197893261;0,458086252
07.03.25;07:00:00;149,14;197,893261;0,197893261;0,458086252
07.03.25;08:00:00;121,62;197,893261;0,197893261;0,458086252
07.03.25;09:00:00;82,54;0;0;0
07.03.25;10:00:00;62,25;0;0;0
07.03.25;11:00:00;31,92;0;0;0
07.03.25;12:00:00;13,28;0;0;0
07.03.25;13:00:00;11,02;0;0;0
07.03.25;14:00:00;37,6;0;0;0
07.03.25;15:00:00;85,58;0;0;0
07.03.25;16:00:00;125,66;197,893261;0,197893261;0,458086252
07.03.25;17:00:00;153,73;197,893261;0,197893261;0,458086252
07.03.25;18:00:00;211,73;197,893261;0,197893261;0,458086252
07.03.25;19:00:00;178,73;197,893261;0,197893261;0,458086252
07.03.25;20:00:00;146,32;197,893261;0,197893261;0,458086252
07.03.25;21:00:00;129,76;197,893261;0,197893261;0,458086252
07.03.25;22:00:00;118,85;197,893261;0,197893261;0,458086252
07.03.25;23:00:00;112,4;197,893261;0,197893261;0,458086252
08.03.25;00:00:00;117,83;197,893261;0,197893261;0,458086252
08.03.25;01:00:00;111,94;197,893261;0,197893261;0,458086252
08.03.25;02:00:00;113,24;197,893261;0,197893261;0,458086252
08.03.25;03:00:00;112,84;197,893261;0,197893261;0,458086252
08.03.25;04:00:00;114,1;197,893261;0,197893261;0,458086252
08.03.25;05:00:00;115,63;197,893261;0,197893261;0,458086252
08.03.25;06:00:00;120,29;197,893261;0,197893261;0,458086252
08.03.25;07:00:00;116,2;197,893261;0,197893261;0,458086252
08.03.25;08:00:00;97,52;119,8252773;0,119825277;0,277373326
08.03.25;09:00:00;63,42;0;0;0
08.03.25;10:00:00;19,96;0;0;0
08.03.25;11:00:00;4,54;0;0;0
08.03.25;12:00:00;1,36;0;0;0
08.03.25;13:00:00;-0,58;0;0;0
08.03.25;14:00:00;3,58;0;0;0
08.03.25;15:00:00;46,61;0;0;0
08.03.25;16:00:00;93,31;119,8252773;0,119825277;0,277373326
08.03.25;17:00:00;132,86;197,893261;0,197893261;0,458086252
08.03.25;18:00:00;156,59;197,893261;0,197893261;0,458086252
08.03.25;19:00:00;134,74;197,893261;0,197893261;0,458086252
08.03.25;20:00:00;111,58;197,893261;0,197893261;0,458086252
08.03.25;21:00:00;97,86;119,8252773;0,119825277;0,277373326
08.03.25;22:00:00;96,25;119,8252773;0,119825277;0,277373326
08.03.25;23:00:00;90,53;119,8252773;0,119825277;0,277373326
09.03.25;00:00:00;92,74;119,8252773;0,119825277;0,277373326
09.03.25;01:00:00;91,26;119,8252773;0,119825277;0,277373326
09.03.25;02:00:00;90,92;119,8252773;0,119825277;0,277373326
09.03.25;03:00:00;91,34;119,8252773;0,119825277;0,277373326
09.03.25;04:00:00;93,24;119,8252773;0,119825277;0,277373326
09.03.25;05:00:00;94,1;119,8252773;0,119825277;0,277373326
09.03.25;06:00:00;94,49;119,8252773;0,119825277;0,277373326
09.03.25;07:00:00;88,19;119,8252773;0,119825277;0,277373326
09.03.25;08:00:00;58,1;0;0;0
09.03.25;09:00:00;24,2;0;0;0
09.03.25;10:00:00;5,92;0;0;0
09.03.25;11:00:00;0;0;0;0
09.03.25;12:00:00;-3,32;0;0;0
09.03.25;13:00:00;-3,26;0;0;0
09.03.25;14:00:00;-0,01;0;0;0
09.03.25;15:00:00;19,1;0;0;0
09.03.25;16:00:00;83,26;0;0;0
09.03.25;17:00:00;117,7;197,893261;0,197893261;0,458086252
09.03.25;18:00:00;134,37;197,893261;0,197893261;0,458086252
09.03.25;19:00:00;133,75;197,893261;0,197893261;0,458086252
09.03.25;20:00:00;127,55;197,893261;0,197893261;0,458086252
09.03.25;21:00:00;118,88;197,893261;0,197893261;0,458086252
09.03.25;22:00:00;114,09;197,893261;0,197893261;0,458086252
09.03.25;23:00:00;104,84;197,893261;0,197893261;0,458086252
10.03.25;00:00:00;98,17;119,8252773;0,119825277;0,277373326
10.03.25;01:00:00;96,54;119,8252773;0,119825277;0,277373326
10.03.25;02:00:00;96,37;119,8252773;0,119825277;0,277373326
10.03.25;03:00:00;96,28;119,8252773;0,119825277;0,277373326
10.03.25;04:00:00;97,32;119,8252773;0,119825277;0,277373326
10.03.25;05:00:00;109,38;197,893261;0,197893261;0,458086252
10.03.25;06:00:00;144,46;197,893261;0,197893261;0,458086252
10.03.25;07:00:00;164,95;197,893261;0,197893261;0,458086252
10.03.25;08:00:00;141,23;197,893261;0,197893261;0,458086252
10.03.25;09:00:00;110,18;197,893261;0,197893261;0,458086252
10.03.25;10:00:00;90,61;119,8252773;0,119825277;0,277373326
10.03.25;11:00:00;81,38;0;0;0
10.03.25;12:00:00;77,45;0;0;0
10.03.25;13:00:00;77,92;0;0;0
10.03.25;14:00:00;84,7;0;0;0
10.03.25;15:00:00;99,84;119,8252773;0,119825277;0,277373326
10.03.25;16:00:00;127,76;197,893261;0,197893261;0,458086252
10.03.25;17:00:00;153,32;197,893261;0,197893261;0,458086252
10.03.25;18:00:00;174,82;197,893261;0,197893261;0,458086252
10.03.25;19:00:00;162,07;197,893261;0,197893261;0,458086252
10.03.25;20:00:00;142,69;197,893261;0,197893261;0,458086252
10.03.25;21:00:00;125,01;197,893261;0,197893261;0,458086252
10.03.25;22:00:00;111,13;197,893261;0,197893261;0,458086252
10.03.25;23:00:00;99,39;119,8252773;0,119825277;0,277373326
11.03.25;00:00:00;102,32;119,8252773;0,119825277;0,277373326
11.03.25;01:00:00;100,53;119,8252773;0,119825277;0,277373326
11.03.25;02:00:00;99,22;119,8252773;0,119825277;0,277373326
11.03.25;03:00:00;99,78;119,8252773;0,119825277;0,277373326
11.03.25;04:00:00;102,02;119,8252773;0,119825277;0,277373326
11.03.25;05:00:00;109,88;197,893261;0,197893261;0,458086252
11.03.25;06:00:00;146,8;197,893261;0,197893261;0,458086252
11.03.25;07:00:00;159,89;197,893261;0,197893261;0,458086252
11.03.25;08:00:00;148,79;197,893261;0,197893261;0,458086252
11.03.25;09:00:00;130,15;197,893261;0,197893261;0,458086252
11.03.25;10:00:00;103,07;119,8252773;0,119825277;0,277373326
11.03.25;11:00:00;97,02;119,8252773;0,119825277;0,277373326
11.03.25;12:00:00;95,2;119,8252773;0,119825277;0,277373326
11.03.25;13:00:00;96,44;119,8252773;0,119825277;0,277373326
11.03.25;14:00:00;101,61;119,8252773;0,119825277;0,277373326
11.03.25;15:00:00;112,66;197,893261;0,197893261;0,458086252
11.03.25;16:00:00;134,22;197,893261;0,197893261;0,458086252
11.03.25;17:00:00;167,89;197,893261;0,197893261;0,458086252
11.03.25;18:00:00;196,42;197,893261;0,197893261;0,458086252
11.03.25;19:00:00;177,62;197,893261;0,197893261;0,458086252
11.03.25;20:00:00;149,16;197,893261;0,197893261;0,458086252
11.03.25;21:00:00;132,18;197,893261;0,197893261;0,458086252
11.03.25;22:00:00;117,91;197,893261;0,197893261;0,458086252
11.03.25;23:00:00;106,69;197,893261;0,197893261;0,458086252
12.03.25;00:00:00;100,44;119,8252773;0,119825277;0,277373326
12.03.25;01:00:00;98,96;119,8252773;0,119825277;0,277373326
12.03.25;02:00:00;97,98;119,8252773;0,119825277;0,277373326
12.03.25;03:00:00;98,52;119,8252773;0,119825277;0,277373326
12.03.25;04:00:00;101,55;119,8252773;0,119825277;0,277373326
12.03.25;05:00:00;109,71;197,893261;0,197893261;0,458086252
12.03.25;06:00:00;140,47;197,893261;0,197893261;0,458086252
12.03.25;07:00:00;158,37;197,893261;0,197893261;0,458086252
12.03.25;08:00:00;147,76;197,893261;0,197893261;0,458086252
12.03.25;09:00:00;127,23;197,893261;0,197893261;0,458086252
12.03.25;10:00:00;108,55;197,893261;0,197893261;0,458086252
12.03.25;11:00:00;102,46;119,8252773;0,119825277;0,277373326
12.03.25;12:00:00;100,42;119,8252773;0,119825277;0,277373326
12.03.25;13:00:00;100,95;119,8252773;0,119825277;0,277373326
12.03.25;14:00:00;104,72;197,893261;0,197893261;0,458086252
12.03.25;15:00:00;117,42;197,893261;0,197893261;0,458086252
12.03.25;16:00:00;143,62;197,893261;0,197893261;0,458086252
12.03.25;17:00:00;163,06;197,893261;0,197893261;0,458086252
12.03.25;18:00:00;199,88;197,893261;0,197893261;0,458086252
12.03.25;19:00:00;180,52;197,893261;0,197893261;0,458086252
12.03.25;20:00:00;150,46;197,893261;0,197893261;0,458086252
12.03.25;21:00:00;135,25;197,893261;0,197893261;0,458086252
12.03.25;22:00:00;120,03;197,893261;0,197893261;0,458086252
12.03.25;23:00:00;110,1;197,893261;0,197893261;0,458086252
13.03.25;00:00:00;108,46;197,893261;0,197893261;0,458086252
13.03.25;01:00:00;102,37;119,8252773;0,119825277;0,277373326
13.03.25;02:00:00;99,99;119,8252773;0,119825277;0,277373326
13.03.25;03:00:00;98,35;119,8252773;0,119825277;0,277373326
13.03.25;04:00:00;99,77;119,8252773;0,119825277;0,277373326
13.03.25;05:00:00;105,4;197,893261;0,197893261;0,458086252
13.03.25;06:00:00;134,24;197,893261;0,197893261;0,458086252
13.03.25;07:00:00;154,07;197,893261;0,197893261;0,458086252
13.03.25;08:00:00;152,49;197,893261;0,197893261;0,458086252
13.03.25;09:00:00;141,59;197,893261;0,197893261;0,458086252
13.03.25;10:00:00;120,5;197,893261;0,197893261;0,458086252
13.03.25;11:00:00;108,7;197,893261;0,197893261;0,458086252
13.03.25;12:00:00;106,34;197,893261;0,197893261;0,458086252
13.03.25;13:00:00;105,11;197,893261;0,197893261;0,458086252
13.03.25;14:00:00;105,27;197,893261;0,197893261;0,458086252
13.03.25;15:00:00;110,85;197,893261;0,197893261;0,458086252
13.03.25;16:00:00;122,74;197,893261;0,197893261;0,458086252
13.03.25;17:00:00;144,2;197,893261;0,197893261;0,458086252
13.03.25;18:00:00;165,35;197,893261;0,197893261;0,458086252
13.03.25;19:00:00;175,01;197,893261;0,197893261;0,458086252
13.03.25;20:00:00;150,84;197,893261;0,197893261;0,458086252
13.03.25;21:00:00;136,17;197,893261;0,197893261;0,458086252
13.03.25;22:00:00;126,27;197,893261;0,197893261;0,458086252
13.03.25;23:00:00;112,23;197,893261;0,197893261;0,458086252
14.03.25;00:00:00;109,41;197,893261;0,197893261;0,458086252
14.03.25;01:00:00;107,32;197,893261;0,197893261;0,458086252
14.03.25;02:00:00;106,24;197,893261;0,197893261;0,458086252
14.03.25;03:00:00;104,08;197,893261;0,197893261;0,458086252
14.03.25;04:00:00;104,5;197,893261;0,197893261;0,458086252
14.03.25;05:00:00;111,4;197,893261;0,197893261;0,458086252
14.03.25;06:00:00;139,23;197,893261;0,197893261;0,458086252
14.03.25;07:00:00;156,01;197,893261;0,197893261;0,458086252
14.03.25;08:00:00;154,5;197,893261;0,197893261;0,458086252
14.03.25;09:00:00;136,42;197,893261;0,197893261;0,458086252
14.03.25;10:00:00;117,27;197,893261;0,197893261;0,458086252
14.03.25;11:00:00;108,27;197,893261;0,197893261;0,458086252
14.03.25;12:00:00;106,25;197,893261;0,197893261;0,458086252
14.03.25;13:00:00;105,15;197,893261;0,197893261;0,458086252
14.03.25;14:00:00;106,4;197,893261;0,197893261;0,458086252
14.03.25;15:00:00;110,67;197,893261;0,197893261;0,458086252
14.03.25;16:00:00;123,16;197,893261;0,197893261;0,458086252
14.03.25;17:00:00;141,46;197,893261;0,197893261;0,458086252
14.03.25;18:00:00;155,41;197,893261;0,197893261;0,458086252
14.03.25;19:00:00;150,28;197,893261;0,197893261;0,458086252
14.03.25;20:00:00;134,06;197,893261;0,197893261;0,458086252
14.03.25;21:00:00;115,17;197,893261;0,197893261;0,458086252
14.03.25;22:00:00;113,65;197,893261;0,197893261;0,458086252
14.03.25;23:00:00;105,25;197,893261;0,197893261;0,458086252
15.03.25;00:00:00;108,38;197,893261;0,197893261;0,458086252
15.03.25;01:00:00;102,2;119,8252773;0,119825277;0,277373326
15.03.25;02:00:00;96,08;119,8252773;0,119825277;0,277373326
15.03.25;03:00:00;92,35;119,8252773;0,119825277;0,277373326
15.03.25;04:00:00;91,02;119,8252773;0,119825277;0,277373326
15.03.25;05:00:00;92,78;119,8252773;0,119825277;0,277373326
15.03.25;06:00:00;98,28;119,8252773;0,119825277;0,277373326
15.03.25;07:00:00;100,15;119,8252773;0,119825277;0,277373326
15.03.25;08:00:00;99,07;119,8252773;0,119825277;0,277373326
15.03.25;09:00:00;87,48;0;0;0
15.03.25;10:00:00;72,18;0;0;0
15.03.25;11:00:00;63,63;0;0;0
15.03.25;12:00:00;58,56;0;0;0
15.03.25;13:00:00;54;0;0;0
15.03.25;14:00:00;59,52;0;0;0
15.03.25;15:00:00;74,36;0;0;0
15.03.25;16:00:00;90,03;119,8252773;0,119825277;0,277373326
15.03.25;17:00:00;120,43;197,893261;0,197893261;0,458086252
15.03.25;18:00:00;131,18;197,893261;0,197893261;0,458086252
15.03.25;19:00:00;131,26;197,893261;0,197893261;0,458086252
15.03.25;20:00:00;118,54;197,893261;0,197893261;0,458086252
15.03.25;21:00:00;106,66;197,893261;0,197893261;0,458086252
15.03.25;22:00:00;103,07;119,8252773;0,119825277;0,277373326
15.03.25;23:00:00;95,65;119,8252773;0,119825277;0,277373326
16.03.25;00:00:00;95,12;119,8252773;0,119825277;0,277373326
16.03.25;01:00:00;91,36;119,8252773;0,119825277;0,277373326
16.03.25;02:00:00;87,19;0;0;0
16.03.25;03:00:00;85,44;0;0;0
16.03.25;04:00:00;85,64;0;0;0
16.03.25;05:00:00;86,93;0;0;0
16.03.25;06:00:00;89,07;119,8252773;0,119825277;0,277373326
16.03.25;07:00:00;84,23;0;0;0
16.03.25;08:00:00;76,47;0;0;0
16.03.25;09:00:00;56,39;0;0;0
16.03.25;10:00:00;28,61;0;0;0
16.03.25;11:00:00;15,92;0;0;0
16.03.25;12:00:00;11,06;0;0;0
16.03.25;13:00:00;7,54;0;0;0
16.03.25;14:00:00;14,52;0;0;0
16.03.25;15:00:00;39,06;0;0;0
16.03.25;16:00:00;75,25;0;0;0
16.03.25;17:00:00;112,13;197,893261;0,197893261;0,458086252
16.03.25;18:00:00;128,91;197,893261;0,197893261;0,458086252
16.03.25;19:00:00;134,6;197,893261;0,197893261;0,458086252
16.03.25;20:00:00;121,79;197,893261;0,197893261;0,458086252
16.03.25;21:00:00;106,26;197,893261;0,197893261;0,458086252
16.03.25;22:00:00;102,44;119,8252773;0,119825277;0,277373326
16.03.25;23:00:00;87,07;0;0;0
17.03.25;00:00:00;83,2;0;0;0
17.03.25;01:00:00;82,57;0;0;0
17.03.25;02:00:00;81,6;0;0;0
17.03.25;03:00:00;83,69;0;0;0
17.03.25;04:00:00;88,07;119,8252773;0,119825277;0,277373326
17.03.25;05:00:00;102,45;119,8252773;0,119825277;0,277373326
17.03.25;06:00:00;129,19;197,893261;0,197893261;0,458086252
17.03.25;07:00:00;148,75;197,893261;0,197893261;0,458086252
17.03.25;08:00:00;131,72;197,893261;0,197893261;0,458086252
17.03.25;09:00:00;99,46;119,8252773;0,119825277;0,277373326
17.03.25;10:00:00;69,61;0;0;0
17.03.25;11:00:00;54,5;0;0;0
17.03.25;12:00:00;35,1;0;0;0
17.03.25;13:00:00;32,13;0;0;0
17.03.25;14:00:00;51,09;0;0;0
17.03.25;15:00:00;71,33;0;0;0
17.03.25;16:00:00;99,57;119,8252773;0,119825277;0,277373326
17.03.25;17:00:00;139,44;197,893261;0,197893261;0,458086252
17.03.25;18:00:00;169,22;197,893261;0,197893261;0,458086252
17.03.25;19:00:00;165,78;197,893261;0,197893261;0,458086252
17.03.25;20:00:00;143,1;197,893261;0,197893261;0,458086252
17.03.25;21:00:00;123,92;197,893261;0,197893261;0,458086252
17.03.25;22:00:00;113,93;197,893261;0,197893261;0,458086252
17.03.25;23:00:00;101,97;119,8252773;0,119825277;0,277373326
18.03.25;00:00:00;94,57;119,8252773;0,119825277;0,277373326
18.03.25;01:00:00;93,5;119,8252773;0,119825277;0,277373326
18.03.25;02:00:00;93,37;119,8252773;0,119825277;0,277373326
18.03.25;03:00:00;93,19;119,8252773;0,119825277;0,277373326
18.03.25;04:00:00;98,01;119,8252773;0,119825277;0,277373326
18.03.25;05:00:00;109,97;197,893261;0,197893261;0,458086252
18.03.25;06:00:00;139;197,893261;0,197893261;0,458086252
18.03.25;07:00:00;136,99;197,893261;0,197893261;0,458086252
18.03.25;08:00:00;105,38;197,893261;0,197893261;0,458086252
18.03.25;09:00:00;67,94;0;0;0
18.03.25;10:00:00;20,97;0;0;0
18.03.25;11:00:00;2,32;0;0;0
18.03.25;12:00:00;-1,18;0;0;0
18.03.25;13:00:00;0,77;0;0;0
18.03.25;14:00:00;8,3;0;0;0
18.03.25;15:00:00;50,29;0;0;0
18.03.25;16:00:00;95,37;119,8252773;0,119825277;0,277373326
18.03.25;17:00:00;141,65;197,893261;0,197893261;0,458086252
18.03.25;18:00:00;170,51;197,893261;0,197893261;0,458086252
18.03.25;19:00:00;169,23;197,893261;0,197893261;0,458086252
18.03.25;20:00:00;143,94;197,893261;0,197893261;0,458086252
18.03.25;21:00:00;122,67;197,893261;0,197893261;0,458086252
18.03.25;22:00:00;115,21;197,893261;0,197893261;0,458086252
18.03.25;23:00:00;103,12;119,8252773;0,119825277;0,277373326
19.03.25;00:00:00;106,23;197,893261;0,197893261;0,458086252
19.03.25;01:00:00;102,1;119,8252773;0,119825277;0,277373326
19.03.25;02:00:00;100,82;119,8252773;0,119825277;0,277373326
19.03.25;03:00:00;101,92;119,8252773;0,119825277;0,277373326
19.03.25;04:00:00;107,09;197,893261;0,197893261;0,458086252
19.03.25;05:00:00;121,79;197,893261;0,197893261;0,458086252
19.03.25;06:00:00;151,59;197,893261;0,197893261;0,458086252
19.03.25;07:00:00;147,42;197,893261;0,197893261;0,458086252
19.03.25;08:00:00;109,56;197,893261;0,197893261;0,458086252
19.03.25;09:00:00;79,38;0;0;0
19.03.25;10:00:00;32,6;0;0;0
19.03.25;11:00:00;8,6;0;0;0
19.03.25;12:00:00;2,71;0;0;0
19.03.25;13:00:00;3,85;0;0;0
19.03.25;14:00:00;11,49;0;0;0
19.03.25;15:00:00;65,87;0;0;0
19.03.25;16:00:00;110,77;197,893261;0,197893261;0,458086252
19.03.25;17:00:00;150,4;197,893261;0,197893261;0,458086252
19.03.25;18:00:00;228,22;197,893261;0,197893261;0,458086252
19.03.25;19:00:00;211,37;197,893261;0,197893261;0,458086252
19.03.25;20:00:00;171,64;197,893261;0,197893261;0,458086252
19.03.25;21:00:00;136,35;197,893261;0,197893261;0,458086252
19.03.25;22:00:00;122,9;197,893261;0,197893261;0,458086252
19.03.25;23:00:00;112,63;197,893261;0,197893261;0,458086252
20.03.25;00:00:00;114,72;197,893261;0,197893261;0,458086252
20.03.25;01:00:00;106,02;197,893261;0,197893261;0,458086252
20.03.25;02:00:00;102,93;119,8252773;0,119825277;0,277373326
20.03.25;03:00:00;102,62;119,8252773;0,119825277;0,277373326
20.03.25;04:00:00;105,2;197,893261;0,197893261;0,458086252
20.03.25;05:00:00;120,25;197,893261;0,197893261;0,458086252
20.03.25;06:00:00;146,91;197,893261;0,197893261;0,458086252
20.03.25;07:00:00;144,73;197,893261;0,197893261;0,458086252
20.03.25;08:00:00;106,04;197,893261;0,197893261;0,458086252
20.03.25;09:00:00;76,56;0;0;0
20.03.25;10:00:00;36,94;0;0;0
20.03.25;11:00:00;6,28;0;0;0
20.03.25;12:00:00;0,57;0;0;0
20.03.25;13:00:00;3,43;0;0;0
20.03.25;14:00:00;19,51;0;0;0
20.03.25;15:00:00;75,74;0;0;0
20.03.25;16:00:00;116,58;197,893261;0,197893261;0,458086252
20.03.25;17:00:00;153,17;197,893261;0,197893261;0,458086252
20.03.25;18:00:00;257,93;197,893261;0,197893261;0,458086252
20.03.25;19:00:00;235,29;197,893261;0,197893261;0,458086252
20.03.25;20:00:00;160,34;197,893261;0,197893261;0,458086252
20.03.25;21:00:00;138,74;197,893261;0,197893261;0,458086252
20.03.25;22:00:00;128,46;197,893261;0,197893261;0,458086252
20.03.25;23:00:00;116,89;197,893261;0,197893261;0,458086252
21.03.25;00:00:00;123,9;197,893261;0,197893261;0,458086252
21.03.25;01:00:00;116,41;197,893261;0,197893261;0,458086252
21.03.25;02:00:00;110,78;197,893261;0,197893261;0,458086252
21.03.25;03:00:00;107,63;197,893261;0,197893261;0,458086252
21.03.25;04:00:00;109,81;197,893261;0,197893261;0,458086252
21.03.25;05:00:00;127,32;197,893261;0,197893261;0,458086252
21.03.25;06:00:00;153,32;197,893261;0,197893261;0,458086252
21.03.25;07:00:00;146,61;197,893261;0,197893261;0,458086252
21.03.25;08:00:00;105,12;197,893261;0,197893261;0,458086252
21.03.25;09:00:00;63,2;0;0;0
21.03.25;10:00:00;24,86;0;0;0
21.03.25;11:00:00;3,19;0;0;0
21.03.25;12:00:00;-2,32;0;0;0
21.03.25;13:00:00;-2,84;0;0;0
21.03.25;14:00:00;-1,6;0;0;0
21.03.25;15:00:00;7,79;0;0;0
21.03.25;16:00:00;39,11;0;0;0
21.03.25;17:00:00;87,2;0;0;0
21.03.25;18:00:00;106,25;197,893261;0,197893261;0,458086252
21.03.25;19:00:00;79,68;0;0;0
21.03.25;20:00:00;64;0;0;0
21.03.25;21:00:00;40,09;0;0;0
21.03.25;22:00:00;29,65;0;0;0
21.03.25;23:00:00;22,57;0;0;0
22.03.25;00:00:00;21,99;0;0;0
22.03.25;01:00:00;14,86;0;0;0
22.03.25;02:00:00;10,48;0;0;0
22.03.25;03:00:00;7,61;0;0;0
22.03.25;04:00:00;9,12;0;0;0
22.03.25;05:00:00;13,91;0;0;0
22.03.25;06:00:00;9,28;0;0;0
22.03.25;07:00:00;9,22;0;0;0
22.03.25;08:00:00;5,4;0;0;0
22.03.25;09:00:00;0,48;0;0;0
22.03.25;10:00:00;-1,11;0;0;0
22.03.25;11:00:00;-6,12;0;0;0
22.03.25;12:00:00;-21,07;0;0;0
22.03.25;13:00:00;-21,05;0;0;0
22.03.25;14:00:00;-4,59;0;0;0
22.03.25;15:00:00;-1,75;0;0;0
22.03.25;16:00:00;5,22;0;0;0
22.03.25;17:00:00;32,65;0;0;0
22.03.25;18:00:00;57,03;0;0;0
22.03.25;19:00:00;50,03;0;0;0
22.03.25;20:00:00;41,74;0;0;0
22.03.25;21:00:00;35,81;0;0;0
22.03.25;22:00:00;36,1;0;0;0
22.03.25;23:00:00;32,83;0;0;0
23.03.25;00:00:00;17,31;0;0;0
23.03.25;01:00:00;20,52;0;0;0
23.03.25;02:00:00;23,91;0;0;0
23.03.25;03:00:00;27,56;0;0;0
23.03.25;04:00:00;29,61;0;0;0
23.03.25;05:00:00;27,71;0;0;0
23.03.25;06:00:00;27,17;0;0;0
23.03.25;07:00:00;26,8;0;0;0
23.03.25;08:00:00;20,44;0;0;0
23.03.25;09:00:00;18,47;0;0;0
23.03.25;10:00:00;10,78;0;0;0
23.03.25;11:00:00;7,97;0;0;0
23.03.25;12:00:00;9,18;0;0;0
23.03.25;13:00:00;5,21;0;0;0
23.03.25;14:00:00;15,93;0;0;0
23.03.25;15:00:00;44,28;0;0;0
23.03.25;16:00:00;85,08;0;0;0
23.03.25;17:00:00;123,16;197,893261;0,197893261;0,458086252
23.03.25;18:00:00;141,94;197,893261;0,197893261;0,458086252
23.03.25;19:00:00;145,28;197,893261;0,197893261;0,458086252
23.03.25;20:00:00;135,8;197,893261;0,197893261;0,458086252
23.03.25;21:00:00;125,55;197,893261;0,197893261;0,458086252
23.03.25;22:00:00;122,04;197,893261;0,197893261;0,458086252
23.03.25;23:00:00;110,25;197,893261;0,197893261;0,458086252
24.03.25;00:00:00;104,59;197,893261;0,197893261;0,458086252
24.03.25;01:00:00;103,36;119,8252773;0,119825277;0,277373326
24.03.25;02:00:00;100,67;119,8252773;0,119825277;0,277373326
24.03.25;03:00:00;99,11;119,8252773;0,119825277;0,277373326
24.03.25;04:00:00;101,16;119,8252773;0,119825277;0,277373326
24.03.25;05:00:00;115,91;197,893261;0,197893261;0,458086252
24.03.25;06:00:00;142,14;197,893261;0,197893261;0,458086252
24.03.25;07:00:00;159,49;197,893261;0,197893261;0,458086252
24.03.25;08:00:00;152,18;197,893261;0,197893261;0,458086252
24.03.25;09:00:00;127,47;197,893261;0,197893261;0,458086252
24.03.25;10:00:00;108,19;197,893261;0,197893261;0,458086252
24.03.25;11:00:00;98,5;119,8252773;0,119825277;0,277373326
24.03.25;12:00:00;92,56;119,8252773;0,119825277;0,277373326
24.03.25;13:00:00;93,84;119,8252773;0,119825277;0,277373326
24.03.25;14:00:00;100,92;119,8252773;0,119825277;0,277373326
24.03.25;15:00:00;110,98;197,893261;0,197893261;0,458086252
24.03.25;16:00:00;128,47;197,893261;0,197893261;0,458086252
24.03.25;17:00:00;151,41;197,893261;0,197893261;0,458086252
24.03.25;18:00:00;194,2;197,893261;0,197893261;0,458086252
24.03.25;19:00:00;183,86;197,893261;0,197893261;0,458086252
24.03.25;20:00:00;157,57;197,893261;0,197893261;0,458086252
24.03.25;21:00:00;134,91;197,893261;0,197893261;0,458086252
24.03.25;22:00:00;122,99;197,893261;0,197893261;0,458086252
24.03.25;23:00:00;110,53;197,893261;0,197893261;0,458086252
25.03.25;00:00:00;107,87;197,893261;0,197893261;0,458086252
25.03.25;01:00:00;104,98;197,893261;0,197893261;0,458086252
25.03.25;02:00:00;102,15;119,8252773;0,119825277;0,277373326
25.03.25;03:00:00;102,3;119,8252773;0,119825277;0,277373326
25.03.25;04:00:00;102,4;119,8252773;0,119825277;0,277373326
25.03.25;05:00:00;110;197,893261;0,197893261;0,458086252
25.03.25;06:00:00;134,01;197,893261;0,197893261;0,458086252
25.03.25;07:00:00;143,08;197,893261;0,197893261;0,458086252
25.03.25;08:00:00;130,88;197,893261;0,197893261;0,458086252
25.03.25;09:00:00;106,13;197,893261;0,197893261;0,458086252
25.03.25;10:00:00;88,87;119,8252773;0,119825277;0,277373326
25.03.25;11:00:00;78,37;0;0;0
25.03.25;12:00:00;68,18;0;0;0
25.03.25;13:00:00;65,75;0;0;0
25.03.25;14:00:00;77,73;0;0;0
25.03.25;15:00:00;91,68;119,8252773;0,119825277;0,277373326
25.03.25;16:00:00;109,23;197,893261;0,197893261;0,458086252
25.03.25;17:00:00;137,37;197,893261;0,197893261;0,458086252
25.03.25;18:00:00;156,82;197,893261;0,197893261;0,458086252
25.03.25;19:00:00;163,01;197,893261;0,197893261;0,458086252
25.03.25;20:00:00;143,2;197,893261;0,197893261;0,458086252
25.03.25;21:00:00;121,54;197,893261;0,197893261;0,458086252
25.03.25;22:00:00;112,49;197,893261;0,197893261;0,458086252
25.03.25;23:00:00;99,78;119,8252773;0,119825277;0,277373326
26.03.25;00:00:00;99,25;119,8252773;0,119825277;0,277373326
26.03.25;01:00:00;95,82;119,8252773;0,119825277;0,277373326
26.03.25;02:00:00;94,34;119,8252773;0,119825277;0,277373326
26.03.25;03:00:00;93,49;119,8252773;0,119825277;0,277373326
26.03.25;04:00:00;94,15;119,8252773;0,119825277;0,277373326
26.03.25;05:00:00;100,1;119,8252773;0,119825277;0,277373326
26.03.25;06:00:00;127,95;197,893261;0,197893261;0,458086252
26.03.25;07:00:00;140,45;197,893261;0,197893261;0,458086252
26.03.25;08:00:00;135,44;197,893261;0,197893261;0,458086252
26.03.25;09:00:00;114,17;197,893261;0,197893261;0,458086252
26.03.25;10:00:00;101,86;119,8252773;0,119825277;0,277373326
26.03.25;11:00:00;96,34;119,8252773;0,119825277;0,277373326
26.03.25;12:00:00;92,13;119,8252773;0,119825277;0,277373326
26.03.25;13:00:00;86,07;0;0;0
26.03.25;14:00:00;89,5;119,8252773;0,119825277;0,277373326
26.03.25;15:00:00;94,81;119,8252773;0,119825277;0,277373326
26.03.25;16:00:00;105,94;197,893261;0,197893261;0,458086252
26.03.25;17:00:00;138,26;197,893261;0,197893261;0,458086252
26.03.25;18:00:00;164,43;197,893261;0,197893261;0,458086252
26.03.25;19:00:00;166,5;197,893261;0,197893261;0,458086252
26.03.25;20:00:00;149,86;197,893261;0,197893261;0,458086252
26.03.25;21:00:00;129,61;197,893261;0,197893261;0,458086252
26.03.25;22:00:00;119,56;197,893261;0,197893261;0,458086252
26.03.25;23:00:00;106,97;197,893261;0,197893261;0,458086252
27.03.25;00:00:00;105,45;197,893261;0,197893261;0,458086252
27.03.25;01:00:00;100,54;119,8252773;0,119825277;0,277373326
27.03.25;02:00:00;98,56;119,8252773;0,119825277;0,277373326
27.03.25;03:00:00;98,06;119,8252773;0,119825277;0,277373326
27.03.25;04:00:00;97,74;119,8252773;0,119825277;0,277373326
27.03.25;05:00:00;105,85;197,893261;0,197893261;0,458086252
27.03.25;06:00:00;130,02;197,893261;0,197893261;0,458086252
27.03.25;07:00:00;138,78;197,893261;0,197893261;0,458086252
27.03.25;08:00:00;123,43;197,893261;0,197893261;0,458086252
27.03.25;09:00:00;93,62;119,8252773;0,119825277;0,277373326
27.03.25;10:00:00;74,41;0;0;0
27.03.25;11:00:00;43,55;0;0;0
27.03.25;12:00:00;23,4;0;0;0
27.03.25;13:00:00;13,33;0;0;0
27.03.25;14:00:00;29,26;0;0;0
27.03.25;15:00:00;69,81;0;0;0
27.03.25;16:00:00;92,15;119,8252773;0,119825277;0,277373326
27.03.25;17:00:00;130,49;197,893261;0,197893261;0,458086252
27.03.25;18:00:00;163,78;197,893261;0,197893261;0,458086252
27.03.25;19:00:00;173,92;197,893261;0,197893261;0,458086252
27.03.25;20:00:00;143,52;197,893261;0,197893261;0,458086252
27.03.25;21:00:00;125,21;197,893261;0,197893261;0,458086252
27.03.25;22:00:00;114,01;197,893261;0,197893261;0,458086252
27.03.25;23:00:00;101,59;119,8252773;0,119825277;0,277373326
28.03.25;00:00:00;93,11;119,8252773;0,119825277;0,277373326
28.03.25;01:00:00;84,9;0;0;0
28.03.25;02:00:00;84,13;0;0;0
28.03.25;03:00:00;84,03;0;0;0
28.03.25;04:00:00;85,04;0;0;0
28.03.25;05:00:00;100,01;119,8252773;0,119825277;0,277373326
28.03.25;06:00:00;123,29;197,893261;0,197893261;0,458086252
28.03.25;07:00:00;120,12;197,893261;0,197893261;0,458086252
28.03.25;08:00:00;93,7;119,8252773;0,119825277;0,277373326
28.03.25;09:00:00;67,06;0;0;0
28.03.25;10:00:00;22,16;0;0;0
28.03.25;11:00:00;2,39;0;0;0
28.03.25;12:00:00;0,62;0;0;0
28.03.25;13:00:00;-0,03;0;0;0
28.03.25;14:00:00;14,39;0;0;0
28.03.25;15:00:00;65,55;0;0;0
28.03.25;16:00:00;98,59;119,8252773;0,119825277;0,277373326
28.03.25;17:00:00;130,92;197,893261;0,197893261;0,458086252
28.03.25;18:00:00;162,03;197,893261;0,197893261;0,458086252
28.03.25;19:00:00;163,52;197,893261;0,197893261;0,458086252
28.03.25;20:00:00;145,16;197,893261;0,197893261;0,458086252
28.03.25;21:00:00;124,48;197,893261;0,197893261;0,458086252
28.03.25;22:00:00;116,2;197,893261;0,197893261;0,458086252
28.03.25;23:00:00;106,68;197,893261;0,197893261;0,458086252
29.03.25;00:00:00;107,68;197,893261;0,197893261;0,458086252
29.03.25;01:00:00;101,01;119,8252773;0,119825277;0,277373326
29.03.25;02:00:00;95,42;119,8252773;0,119825277;0,277373326
29.03.25;03:00:00;95,24;119,8252773;0,119825277;0,277373326
29.03.25;04:00:00;94,2;119,8252773;0,119825277;0,277373326
29.03.25;05:00:00;92,74;119,8252773;0,119825277;0,277373326
29.03.25;06:00:00;94,77;119,8252773;0,119825277;0,277373326
29.03.25;07:00:00;97,92;119,8252773;0,119825277;0,277373326
29.03.25;08:00:00;93,64;119,8252773;0,119825277;0,277373326
29.03.25;09:00:00;79,17;0;0;0
29.03.25;10:00:00;60,09;0;0;0
29.03.25;11:00:00;54,33;0;0;0
29.03.25;12:00:00;46,47;0;0;0
29.03.25;13:00:00;7,68;0;0;0
29.03.25;14:00:00;10,71;0;0;0
29.03.25;15:00:00;31,82;0;0;0
29.03.25;16:00:00;64,29;0;0;0
29.03.25;17:00:00;99,4;119,8252773;0,119825277;0,277373326
29.03.25;18:00:00;137,62;197,893261;0,197893261;0,458086252
29.03.25;19:00:00;143,16;197,893261;0,197893261;0,458086252
29.03.25;20:00:00;120,02;197,893261;0,197893261;0,458086252
29.03.25;21:00:00;101,36;119,8252773;0,119825277;0,277373326
29.03.25;22:00:00;87,4;0;0;0
29.03.25;23:00:00;74,14;0;0;0
30.03.25;00:00:00;58,47;0;0;0
30.03.25;01:00:00;36,94;0;0;0
30.03.25;02:00:00;26,46;0;0;0
30.03.25;03:00:00;16,48;0;0;0
30.03.25;04:00:00;10,05;0;0;0
30.03.25;05:00:00;8,17;0;0;0
30.03.25;06:00:00;0,68;0;0;0
30.03.25;07:00:00;1,12;0;0;0
30.03.25;08:00:00;-0,32;0;0;0
30.03.25;09:00:00;-2,04;0;0;0
30.03.25;10:00:00;-10,4;0;0;0
30.03.25;11:00:00;-13,48;0;0;0
30.03.25;12:00:00;-19,42;0;0;0
30.03.25;13:00:00;-19,84;0;0;0
30.03.25;14:00:00;-13,72;0;0;0
30.03.25;15:00:00;-7,44;0;0;0
30.03.25;16:00:00;0,84;0;0;0
30.03.25;17:00:00;14,9;0;0;0
30.03.25;18:00:00;52,22;0;0;0
30.03.25;19:00:00;55,93;0;0;0
30.03.25;20:00:00;48,04;0;0;0
30.03.25;21:00:00;48,36;0;0;0
30.03.25;22:00:00;40,38;0;0;0
30.03.25;23:00:00;48,2;0;0;0
31.03.25;00:00:00;48,14;0;0;0
31.03.25;01:00:00;45,63;0;0;0
31.03.25;02:00:00;49,98;0;0;0
31.03.25;03:00:00;62,98;0;0;0
31.03.25;04:00:00;79,58;0;0;0
31.03.25;05:00:00;102,08;119,8252773;0,119825277;0,277373326
31.03.25;06:00:00;134,12;197,893261;0,197893261;0,458086252
31.03.25;07:00:00;144,12;197,893261;0,197893261;0,458086252
31.03.25;08:00:00;115,49;197,893261;0,197893261;0,458086252
31.03.25;09:00:00;97,64;119,8252773;0,119825277;0,277373326
31.03.25;10:00:00;88,58;119,8252773;0,119825277;0,277373326
31.03.25;11:00:00;78,85;0;0;0
31.03.25;12:00:00;66,75;0;0;0
31.03.25;13:00:00;61,16;0;0;0
31.03.25;14:00:00;73,02;0;0;0
31.03.25;15:00:00;78,87;0;0;0
31.03.25;16:00:00;102,26;119,8252773;0,119825277;0,277373326
31.03.25;17:00:00;132,81;197,893261;0,197893261;0,458086252
31.03.25;18:00:00;171,07;197,893261;0,197893261;0,458086252
31.03.25;19:00:00;164,76;197,893261;0,197893261;0,458086252
31.03.25;20:00:00;134,51;197,893261;0,197893261;0,458086252
31.03.25;21:00:00;119,62;197,893261;0,197893261;0,458086252
31.03.25;22:00:00;106,97;197,893261;0,197893261;0,458086252
31.03.25;23:00:00;103,63;197,893261;0,197893261;0,458086252
01.04.25;00:00:00;98,25;119,8252773;0,119825277;0,277373326
01.04.25;01:00:00;96,79;119,8252773;0,119825277;0,277373326
01.04.25;02:00:00;96,9;276,8938494;0,276893849;0,640957984
01.04.25;03:00:00;97,32;276,8938494;0,276893849;0,640957984
01.04.25;04:00:00;106,96;457,2943877;0,457294388;1,058551824
01.04.25;05:00:00;135,46;457,2943877;0,457294388;1,058551824
01.04.25;06:00:00;179,88;457,2943877;0,457294388;1,058551824
01.04.25;07:00:00;162,55;457,2943877;0,457294388;1,058551824
01.04.25;08:00:00;118,45;457,2943877;0,457294388;1,058551824
01.04.25;09:00:00;89,98;276,8938494;0,276893849;0,640957984
01.04.25;10:00:00;67,09;0;0;0
01.04.25;11:00:00;45,45;0;0;0
01.04.25;12:00:00;16,46;0;0;0
01.04.25;13:00:00;14,4;0;0;0
01.04.25;14:00:00;25,91;0;0;0
01.04.25;15:00:00;59,51;0;0;0
01.04.25;16:00:00;82,88;0;0;0
01.04.25;17:00:00;121,44;457,2943877;0,457294388;1,058551824
01.04.25;18:00:00;155,45;457,2943877;0,457294388;1,058551824
01.04.25;19:00:00;139,73;457,2943877;0,457294388;1,058551824
01.04.25;20:00:00;110;457,2943877;0,457294388;1,058551824
01.04.25;21:00:00;95,04;276,8938494;0,276893849;0,640957984
01.04.25;22:00:00;80,09;0;0;0
01.04.25;23:00:00;69,91;0;0;0
02.04.25;00:00:00;69,35;0;0;0
02.04.25;01:00:00;70,46;0;0;0
02.04.25;02:00:00;71,08;0;0;0
02.04.25;03:00:00;72,74;0;0;0
02.04.25;04:00:00;84,44;0;0;0
02.04.25;05:00:00;115,97;457,2943877;0,457294388;1,058551824
02.04.25;06:00:00;146,15;457,2943877;0,457294388;1,058551824
02.04.25;07:00:00;124,82;457,2943877;0,457294388;1,058551824
02.04.25;08:00:00;86,39;0;0;0
02.04.25;09:00:00;51,26;0;0;0
02.04.25;10:00:00;4,37;0;0;0
02.04.25;11:00:00;-3,52;0;0;0
02.04.25;12:00:00;-14,33;0;0;0
02.04.25;13:00:00;-15,21;0;0;0
02.04.25;14:00:00;-10,09;0;0;0
02.04.25;15:00:00;-1,02;0;0;0
02.04.25;16:00:00;22,75;0;0;0
02.04.25;17:00:00;89,07;276,8938494;0,276893849;0,640957984
02.04.25;18:00:00;125,15;457,2943877;0,457294388;1,058551824
02.04.25;19:00:00;115,6;457,2943877;0,457294388;1,058551824
02.04.25;20:00:00;96,11;276,8938494;0,276893849;0,640957984
02.04.25;21:00:00;85,15;0;0;0
02.04.25;22:00:00;72,79;0;0;0
02.04.25;23:00:00;62,19;0;0;0
03.04.25;00:00:00;61,75;0;0;0
03.04.25;01:00:00;64,62;0;0;0
03.04.25;02:00:00;68,32;0;0;0
03.04.25;03:00:00;71,85;0;0;0
03.04.25;04:00:00;86,65;0;0;0
03.04.25;05:00:00;123,76;457,2943877;0,457294388;1,058551824
03.04.25;06:00:00;158,47;457,2943877;0,457294388;1,058551824
03.04.25;07:00:00;129,13;457,2943877;0,457294388;1,058551824
03.04.25;08:00:00;79,22;0;0;0
03.04.25;09:00:00;41,86;0;0;0
03.04.25;10:00:00;1,98;0;0;0
03.04.25;11:00:00;-2,6;0;0;0
03.04.25;12:00:00;-10,12;0;0;0
03.04.25;13:00:00;-9,13;0;0;0
03.04.25;14:00:00;-1,58;0;0;0
03.04.25;15:00:00;18,37;0;0;0
03.04.25;16:00:00;80,7;0;0;0
03.04.25;17:00:00;137,21;457,2943877;0,457294388;1,058551824
03.04.25;18:00:00;169,13;457,2943877;0,457294388;1,058551824
03.04.25;19:00:00;157,89;457,2943877;0,457294388;1,058551824
03.04.25;20:00:00;135,13;457,2943877;0,457294388;1,058551824
03.04.25;21:00:00;115,89;457,2943877;0,457294388;1,058551824
03.04.25;22:00:00;106,13;457,2943877;0,457294388;1,058551824
03.04.25;23:00:00;105,76;457,2943877;0,457294388;1,058551824
04.04.25;00:00:00;102,02;276,8938494;0,276893849;0,640957984
04.04.25;01:00:00;102,05;276,8938494;0,276893849;0,640957984
04.04.25;02:00:00;102,4;276,8938494;0,276893849;0,640957984
04.04.25;03:00:00;106,12;457,2943877;0,457294388;1,058551824
04.04.25;04:00:00;116,05;457,2943877;0,457294388;1,058551824
04.04.25;05:00:00;151,74;457,2943877;0,457294388;1,058551824
04.04.25;06:00:00;176,31;457,2943877;0,457294388;1,058551824
04.04.25;07:00:00;142,77;457,2943877;0,457294388;1,058551824
04.04.25;08:00:00;94,32;276,8938494;0,276893849;0,640957984
04.04.25;09:00:00;63,68;0;0;0
04.04.25;10:00:00;7,95;0;0;0
04.04.25;11:00:00;0,2;0;0;0
04.04.25;12:00:00;-3,71;0;0;0
04.04.25;13:00:00;-4,98;0;0;0
04.04.25;14:00:00;0,33;0;0;0
04.04.25;15:00:00;28,95;0;0;0
04.04.25;16:00:00;76,92;0;0;0
04.04.25;17:00:00;125,53;457,2943877;0,457294388;1,058551824
04.04.25;18:00:00;163,47;457,2943877;0,457294388;1,058551824
04.04.25;19:00:00;150,1;457,2943877;0,457294388;1,058551824
04.04.25;20:00:00;120,59;457,2943877;0,457294388;1,058551824
04.04.25;21:00:00;106,03;457,2943877;0,457294388;1,058551824
04.04.25;22:00:00;94,29;276,8938494;0,276893849;0,640957984
04.04.25;23:00:00;100,42;276,8938494;0,276893849;0,640957984
05.04.25;00:00:00;95,11;276,8938494;0,276893849;0,640957984
05.04.25;01:00:00;93,2;276,8938494;0,276893849;0,640957984
05.04.25;02:00:00;91,34;276,8938494;0,276893849;0,640957984
05.04.25;03:00:00;89,38;276,8938494;0,276893849;0,640957984
05.04.25;04:00:00;89,2;276,8938494;0,276893849;0,640957984
05.04.25;05:00:00;94,69;276,8938494;0,276893849;0,640957984
05.04.25;06:00:00;99,01;276,8938494;0,276893849;0,640957984
05.04.25;07:00:00;87,1;0;0;0
05.04.25;08:00:00;49,58;0;0;0
05.04.25;09:00:00;0,82;0;0;0
05.04.25;10:00:00;-2,98;0;0;0
05.04.25;11:00:00;-26,26;0;0;0
05.04.25;12:00:00;-48,07;0;0;0
05.04.25;13:00:00;-48,94;0;0;0
05.04.25;14:00:00;-26,37;0;0;0
05.04.25;15:00:00;-6,53;0;0;0
05.04.25;16:00:00;4,43;0;0;0
05.04.25;17:00:00;60,95;0;0;0
05.04.25;18:00:00;91,79;276,8938494;0,276893849;0,640957984
05.04.25;19:00:00;91,61;276,8938494;0,276893849;0,640957984
05.04.25;20:00:00;81,88;0;0;0
05.04.25;21:00:00;70,97;0;0;0
05.04.25;22:00:00;58,34;0;0;0
05.04.25;23:00:00;57,22;0;0;0
06.04.25;00:00:00;50,45;0;0;0
06.04.25;01:00:00;53,97;0;0;0
06.04.25;02:00:00;56,79;0;0;0
06.04.25;03:00:00;56,65;0;0;0
06.04.25;04:00:00;62,53;0;0;0
06.04.25;05:00:00;67,57;0;0;0
06.04.25;06:00:00;68,49;0;0;0
06.04.25;07:00:00;42,65;0;0;0
06.04.25;08:00:00;4,69;0;0;0
06.04.25;09:00:00;-2,95;0;0;0
06.04.25;10:00:00;-20,67;0;0;0
06.04.25;11:00:00;-39,85;0;0;0
06.04.25;12:00:00;-81,82;0;0;0
06.04.25;13:00:00;-84,76;0;0;0
06.04.25;14:00:00;-48,18;0;0;0
06.04.25;15:00:00;-11,5;0;0;0
06.04.25;16:00:00;16,58;0;0;0
06.04.25;17:00:00;99,2;276,8938494;0,276893849;0,640957984
06.04.25;18:00:00;132,78;457,2943877;0,457294388;1,058551824
06.04.25;19:00:00;138;457,2943877;0,457294388;1,058551824
06.04.25;20:00:00;123,97;457,2943877;0,457294388;1,058551824
06.04.25;21:00:00;111,92;457,2943877;0,457294388;1,058551824
06.04.25;22:00:00;101,84;276,8938494;0,276893849;0,640957984
06.04.25;23:00:00;89;276,8938494;0,276893849;0,640957984
07.04.25;00:00:00;87,14;0;0;0
07.04.25;01:00:00;85,5;0;0;0
07.04.25;02:00:00;86,47;0;0;0
07.04.25;03:00:00;89,94;276,8938494;0,276893849;0,640957984
07.04.25;04:00:00;102,92;276,8938494;0,276893849;0,640957984
07.04.25;05:00:00;135,49;457,2943877;0,457294388;1,058551824
07.04.25;06:00:00;179,1;457,2943877;0,457294388;1,058551824
07.04.25;07:00:00;143,73;457,2943877;0,457294388;1,058551824
07.04.25;08:00:00;107,9;457,2943877;0,457294388;1,058551824
07.04.25;09:00:00;76,01;0;0;0
07.04.25;10:00:00;53;0;0;0
07.04.25;11:00:00;14,44;0;0;0
07.04.25;12:00:00;3,3;0;0;0
07.04.25;13:00:00;4,56;0;0;0
07.04.25;14:00:00;40,63;0;0;0
07.04.25;15:00:00;60,2;0;0;0
07.04.25;16:00:00;94,06;276,8938494;0,276893849;0,640957984
07.04.25;17:00:00;129,12;457,2943877;0,457294388;1,058551824
07.04.25;18:00:00;173,8;457,2943877;0,457294388;1,058551824
07.04.25;19:00:00;173,02;457,2943877;0,457294388;1,058551824
07.04.25;20:00:00;138,06;457,2943877;0,457294388;1,058551824
07.04.25;21:00:00;121,51;457,2943877;0,457294388;1,058551824
07.04.25;22:00:00;107;457,2943877;0,457294388;1,058551824
07.04.25;23:00:00;96,02;276,8938494;0,276893849;0,640957984
08.04.25;00:00:00;90,62;276,8938494;0,276893849;0,640957984
08.04.25;01:00:00;91,03;276,8938494;0,276893849;0,640957984
08.04.25;02:00:00;90,45;276,8938494;0,276893849;0,640957984
08.04.25;03:00:00;92,78;276,8938494;0,276893849;0,640957984
08.04.25;04:00:00;106,52;457,2943877;0,457294388;1,058551824
08.04.25;05:00:00;142,06;457,2943877;0,457294388;1,058551824
08.04.25;06:00:00;184,58;457,2943877;0,457294388;1,058551824
08.04.25;07:00:00;141,42;457,2943877;0,457294388;1,058551824
08.04.25;08:00:00;94,78;276,8938494;0,276893849;0,640957984
08.04.25;09:00:00;76,59;0;0;0
08.04.25;10:00:00;58,38;0;0;0
08.04.25;11:00:00;28,09;0;0;0
08.04.25;12:00:00;21,7;0;0;0
08.04.25;13:00:00;33,12;0;0;0
08.04.25;14:00:00;60,3;0;0;0
08.04.25;15:00:00;78,24;0;0;0
08.04.25;16:00:00;97,14;276,8938494;0,276893849;0,640957984
08.04.25;17:00:00;124,54;457,2943877;0,457294388;1,058551824
08.04.25;18:00:00;186,07;457,2943877;0,457294388;1,058551824
08.04.25;19:00:00;175,46;457,2943877;0,457294388;1,058551824
08.04.25;20:00:00;137,6;457,2943877;0,457294388;1,058551824
08.04.25;21:00:00;120,54;457,2943877;0,457294388;1,058551824
08.04.25;22:00:00;104,44;457,2943877;0,457294388;1,058551824
08.04.25;23:00:00;101,23;276,8938494;0,276893849;0,640957984
09.04.25;00:00:00;95,2;276,8938494;0,276893849;0,640957984
09.04.25;01:00:00;94,67;276,8938494;0,276893849;0,640957984
09.04.25;02:00:00;94,05;276,8938494;0,276893849;0,640957984
09.04.25;03:00:00;95,34;276,8938494;0,276893849;0,640957984
09.04.25;04:00:00;108,14;457,2943877;0,457294388;1,058551824
09.04.25;05:00:00;145,66;457,2943877;0,457294388;1,058551824
09.04.25;06:00:00;177,21;457,2943877;0,457294388;1,058551824
09.04.25;07:00:00;136,28;457,2943877;0,457294388;1,058551824
09.04.25;08:00:00;95,24;276,8938494;0,276893849;0,640957984
09.04.25;09:00:00;79,13;0;0;0
09.04.25;10:00:00;53,77;0;0;0
09.04.25;11:00:00;16,22;0;0;0
09.04.25;12:00:00;11,66;0;0;0
09.04.25;13:00:00;17,85;0;0;0
09.04.25;14:00:00;38,39;0;0;0
09.04.25;15:00:00;61,02;0;0;0
09.04.25;16:00:00;79,71;0;0;0
09.04.25;17:00:00;104,64;457,2943877;0,457294388;1,058551824
09.04.25;18:00:00;132,94;457,2943877;0,457294388;1,058551824
09.04.25;19:00:00;138,49;457,2943877;0,457294388;1,058551824
09.04.25;20:00:00;114,58;457,2943877;0,457294388;1,058551824
09.04.25;21:00:00;100,92;276,8938494;0,276893849;0,640957984
09.04.25;22:00:00;94,83;276,8938494;0,276893849;0,640957984
09.04.25;23:00:00;91,44;276,8938494;0,276893849;0,640957984
10.04.25;00:00:00;88,48;276,8938494;0,276893849;0,640957984
10.04.25;01:00:00;88,21;276,8938494;0,276893849;0,640957984
10.04.25;02:00:00;87,8;276,8938494;0,276893849;0,640957984
10.04.25;03:00:00;88,85;276,8938494;0,276893849;0,640957984
10.04.25;04:00:00;99,77;276,8938494;0,276893849;0,640957984
10.04.25;05:00:00;133,43;457,2943877;0,457294388;1,058551824
10.04.25;06:00:00;165,96;457,2943877;0,457294388;1,058551824
10.04.25;07:00:00;135,62;457,2943877;0,457294388;1,058551824
10.04.25;08:00:00;103,45;276,8938494;0,276893849;0,640957984
10.04.25;09:00:00;82,54;0;0;0
10.04.25;10:00:00;61,78;0;0;0
10.04.25;11:00:00;23,17;0;0;0
10.04.25;12:00:00;1,65;0;0;0
10.04.25;13:00:00;0,07;0;0;0
10.04.25;14:00:00;1,68;0;0;0
10.04.25;15:00:00;39,76;0;0;0
10.04.25;16:00:00;72,03;0;0;0
10.04.25;17:00:00;101,85;276,8938494;0,276893849;0,640957984
10.04.25;18:00:00;137,57;457,2943877;0,457294388;1,058551824
10.04.25;19:00:00;132,6;457,2943877;0,457294388;1,058551824
10.04.25;20:00:00;98,64;276,8938494;0,276893849;0,640957984
10.04.25;21:00:00;93,38;276,8938494;0,276893849;0,640957984
10.04.25;22:00:00;80,73;0;0;0
10.04.25;23:00:00;67,66;0;0;0
11.04.25;00:00:00;62,15;0;0;0
11.04.25;01:00:00;59,98;0;0;0
11.04.25;02:00:00;61,3;0;0;0
11.04.25;03:00:00;61,8;0;0;0
11.04.25;04:00:00;70,54;0;0;0
11.04.25;05:00:00;94,59;276,8938494;0,276893849;0,640957984
11.04.25;06:00:00;108,98;457,2943877;0,457294388;1,058551824
11.04.25;07:00:00;85,06;0;0;0
11.04.25;08:00:00;58,6;0;0;0
11.04.25;09:00:00;10,8;0;0;0
11.04.25;10:00:00;-1,06;0;0;0
11.04.25;11:00:00;-3,84;0;0;0
11.04.25;12:00:00;-7,92;0;0;0
11.04.25;13:00:00;-8,47;0;0;0
11.04.25;14:00:00;-3,2;0;0;0
11.04.25;15:00:00;1,9;0;0;0
11.04.25;16:00:00;62,38;0;0;0
11.04.25;17:00:00;106,18;457,2943877;0,457294388;1,058551824
11.04.25;18:00:00;131,27;457,2943877;0,457294388;1,058551824
11.04.25;19:00:00;148,15;457,2943877;0,457294388;1,058551824
11.04.25;20:00:00;123,93;457,2943877;0,457294388;1,058551824
11.04.25;21:00:00;114,21;457,2943877;0,457294388;1,058551824
11.04.25;22:00:00;103,56;457,2943877;0,457294388;1,058551824
11.04.25;23:00:00;106,9;457,2943877;0,457294388;1,058551824
12.04.25;00:00:00;102,14;276,8938494;0,276893849;0,640957984
12.04.25;01:00:00;98,07;276,8938494;0,276893849;0,640957984
12.04.25;02:00:00;96,78;276,8938494;0,276893849;0,640957984
12.04.25;03:00:00;96,94;276,8938494;0,276893849;0,640957984
12.04.25;04:00:00;99,54;276,8938494;0,276893849;0,640957984
12.04.25;05:00:00;107,8;457,2943877;0,457294388;1,058551824
12.04.25;06:00:00;108,74;457,2943877;0,457294388;1,058551824
12.04.25;07:00:00;96,81;276,8938494;0,276893849;0,640957984
12.04.25;08:00:00;68,34;0;0;0
12.04.25;09:00:00;21,37;0;0;0
12.04.25;10:00:00;-0,09;0;0;0
12.04.25;11:00:00;-10,73;0;0;0
12.04.25;12:00:00;-38,5;0;0;0
12.04.25;13:00:00;-42,36;0;0;0
12.04.25;14:00:00;-22,27;0;0;0
12.04.25;15:00:00;-0,83;0;0;0
12.04.25;16:00:00;53,53;0;0;0
12.04.25;17:00:00;103,8;457,2943877;0,457294388;1,058551824
12.04.25;18:00:00;140,23;457,2943877;0,457294388;1,058551824
12.04.25;19:00:00;120,94;457,2943877;0,457294388;1,058551824
12.04.25;20:00:00;93,85;276,8938494;0,276893849;0,640957984
12.04.25;21:00:00;86,06;0;0;0
12.04.25;22:00:00;68,72;0;0;0
12.04.25;23:00:00;61,82;0;0;0
13.04.25;00:00:00;52,72;0;0;0
13.04.25;01:00:00;43,08;0;0;0
13.04.25;02:00:00;35,46;0;0;0
13.04.25;03:00:00;35,06;0;0;0
13.04.25;04:00:00;36;0;0;0
13.04.25;05:00:00;33,86;0;0;0
13.04.25;06:00:00;33,08;0;0;0
13.04.25;07:00:00;18,97;0;0;0
13.04.25;08:00:00;9,31;0;0;0
13.04.25;09:00:00;2,4;0;0;0
13.04.25;10:00:00;0,2;0;0;0
13.04.25;11:00:00;-2,01;0;0;0
13.04.25;12:00:00;-10,33;0;0;0
13.04.25;13:00:00;-17,08;0;0;0
13.04.25;14:00:00;-10,31;0;0;0
13.04.25;15:00:00;0,24;0;0;0
13.04.25;16:00:00;24,45;0;0;0
13.04.25;17:00:00;92,05;276,8938494;0,276893849;0,640957984
13.04.25;18:00:00;117,2;457,2943877;0,457294388;1,058551824
13.04.25;19:00:00;125,85;457,2943877;0,457294388;1,058551824
13.04.25;20:00:00;112,01;457,2943877;0,457294388;1,058551824
13.04.25;21:00:00;106,32;457,2943877;0,457294388;1,058551824
13.04.25;22:00:00;95,48;276,8938494;0,276893849;0,640957984
13.04.25;23:00:00;85,6;0;0;0
14.04.25;00:00:00;81,84;0;0;0
14.04.25;01:00:00;81,35;0;0;0
14.04.25;02:00:00;81,27;0;0;0
14.04.25;03:00:00;83,47;0;0;0
14.04.25;04:00:00;95,51;276,8938494;0,276893849;0,640957984
14.04.25;05:00:00;124,05;457,2943877;0,457294388;1,058551824
14.04.25;06:00:00;154,97;457,2943877;0,457294388;1,058551824
14.04.25;07:00:00;142,85;457,2943877;0,457294388;1,058551824
14.04.25;08:00:00;105,52;457,2943877;0,457294388;1,058551824
14.04.25;09:00:00;91,49;276,8938494;0,276893849;0,640957984
14.04.25;10:00:00;80,92;0;0;0
14.04.25;11:00:00;67,47;0;0;0
14.04.25;12:00:00;65,09;0;0;0
14.04.25;13:00:00;66,28;0;0;0
14.04.25;14:00:00;77,29;0;0;0
14.04.25;15:00:00;87,8;276,8938494;0,276893849;0,640957984
14.04.25;16:00:00;104,35;457,2943877;0,457294388;1,058551824
14.04.25;17:00:00;123,26;457,2943877;0,457294388;1,058551824
14.04.25;18:00:00;169,46;457,2943877;0,457294388;1,058551824
14.04.25;19:00:00;148,26;457,2943877;0,457294388;1,058551824
14.04.25;20:00:00;114,22;457,2943877;0,457294388;1,058551824
14.04.25;21:00:00;93,1;276,8938494;0,276893849;0,640957984
14.04.25;22:00:00;83,71;0;0;0
14.04.25;23:00:00;69,3;0;0;0
15.04.25;00:00:00;65,66;0;0;0
15.04.25;01:00:00;60,2;0;0;0
15.04.25;02:00:00;58,64;0;0;0
15.04.25;03:00:00;59,41;0;0;0
15.04.25;04:00:00;68,6;0;0;0
15.04.25;05:00:00;88,15;276,8938494;0,276893849;0,640957984
15.04.25;06:00:00;103,5;457,2943877;0,457294388;1,058551824
15.04.25;07:00:00;94,78;276,8938494;0,276893849;0,640957984
15.04.25;08:00:00;63,92;0;0;0
15.04.25;09:00:00;43,28;0;0;0
15.04.25;10:00:00;11,68;0;0;0
15.04.25;11:00:00;3,01;0;0;0
15.04.25;12:00:00;3,78;0;0;0
15.04.25;13:00:00;5,94;0;0;0
15.04.25;14:00:00;33,82;0;0;0
15.04.25;15:00:00;63,83;0;0;0
15.04.25;16:00:00;83,7;0;0;0
15.04.25;17:00:00;105,92;457,2943877;0,457294388;1,058551824
15.04.25;18:00:00;133,35;457,2943877;0,457294388;1,058551824
15.04.25;19:00:00;137,08;457,2943877;0,457294388;1,058551824
15.04.25;20:00:00;109,33;457,2943877;0,457294388;1,058551824
15.04.25;21:00:00;99,31;276,8938494;0,276893849;0,640957984
15.04.25;22:00:00;90,21;276,8938494;0,276893849;0,640957984
15.04.25;23:00:00;86,4;0;0;0
16.04.25;00:00:00;81,5;0;0;0
16.04.25;01:00:00;80,54;0;0;0
16.04.25;02:00:00;79,75;0;0;0
16.04.25;03:00:00;81,74;0;0;0
16.04.25;04:00:00;94,05;276,8938494;0,276893849;0,640957984
16.04.25;05:00:00;115,5;457,2943877;0,457294388;1,058551824
16.04.25;06:00:00;133,58;457,2943877;0,457294388;1,058551824
16.04.25;07:00:00;109,36;457,2943877;0,457294388;1,058551824
16.04.25;08:00:00;89,93;276,8938494;0,276893849;0,640957984
16.04.25;09:00:00;75,26;0;0;0
16.04.25;10:00:00;61,44;0;0;0
16.04.25;11:00:00;36,94;0;0;0
16.04.25;12:00:00;24,62;0;0;0
16.04.25;13:00:00;28,12;0;0;0
16.04.25;14:00:00;56,86;0;0;0
16.04.25;15:00:00;71,81;0;0;0
16.04.25;16:00:00;95,04;276,8938494;0,276893849;0,640957984
16.04.25;17:00:00;119,81;457,2943877;0,457294388;1,058551824
16.04.25;18:00:00;149,15;457,2943877;0,457294388;1,058551824
16.04.25;19:00:00;140,73;457,2943877;0,457294388;1,058551824
16.04.25;20:00:00;117,08;457,2943877;0,457294388;1,058551824
16.04.25;21:00:00;103,49;276,8938494;0,276893849;0,640957984
16.04.25;22:00:00;95,22;276,8938494;0,276893849;0,640957984
16.04.25;23:00:00;88,4;276,8938494;0,276893849;0,640957984
17.04.25;00:00:00;83,4;0;0;0
17.04.25;01:00:00;82,74;0;0;0
17.04.25;02:00:00;80,2;0;0;0
17.04.25;03:00:00;81,94;0;0;0
17.04.25;04:00:00;90,46;276,8938494;0,276893849;0,640957984
17.04.25;05:00:00;109,64;457,2943877;0,457294388;1,058551824
17.04.25;06:00:00;127,2;457,2943877;0,457294388;1,058551824
17.04.25;07:00:00;127,39;457,2943877;0,457294388;1,058551824
17.04.25;08:00:00;119,29;457,2943877;0,457294388;1,058551824
17.04.25;09:00:00;106,53;457,2943877;0,457294388;1,058551824
17.04.25;10:00:00;95,78;276,8938494;0,276893849;0,640957984
17.04.25;11:00:00;81,03;0;0;0
17.04.25;12:00:00;76,27;0;0;0
17.04.25;13:00:00;70,6;0;0;0
17.04.25;14:00:00;73,01;0;0;0
17.04.25;15:00:00;80,94;0;0;0
17.04.25;16:00:00;95,58;276,8938494;0,276893849;0,640957984
17.04.25;17:00:00;109,09;457,2943877;0,457294388;1,058551824
17.04.25;18:00:00;124,58;457,2943877;0,457294388;1,058551824
17.04.25;19:00:00;120,14;457,2943877;0,457294388;1,058551824
17.04.25;20:00:00;106,79;457,2943877;0,457294388;1,058551824
17.04.25;21:00:00;96,69;276,8938494;0,276893849;0,640957984
17.04.25;22:00:00;91,11;276,8938494;0,276893849;0,640957984
17.04.25;23:00:00;89,97;276,8938494;0,276893849;0,640957984
18.04.25;00:00:00;82,07;0;0;0
18.04.25;01:00:00;80,05;0;0;0
18.04.25;02:00:00;77,95;0;0;0
18.04.25;03:00:00;76,35;0;0;0
18.04.25;04:00:00;76,94;0;0;0
18.04.25;05:00:00;76,64;0;0;0
18.04.25;06:00:00;86,71;0;0;0
18.04.25;07:00:00;89,8;276,8938494;0,276893849;0,640957984
18.04.25;08:00:00;88,36;276,8938494;0,276893849;0,640957984
18.04.25;09:00:00;83,6;0;0;0
18.04.25;10:00:00;79,64;0;0;0
18.04.25;11:00:00;71,48;0;0;0
18.04.25;12:00:00;60,21;0;0;0
18.04.25;13:00:00;57,6;0;0;0
18.04.25;14:00:00;62,38;0;0;0
18.04.25;15:00:00;70,31;0;0;0
18.04.25;16:00:00;85,32;0;0;0
18.04.25;17:00:00;101,45;276,8938494;0,276893849;0,640957984
18.04.25;18:00:00;118,24;457,2943877;0,457294388;1,058551824
18.04.25;19:00:00;123,51;457,2943877;0,457294388;1,058551824
18.04.25;20:00:00;113,62;457,2943877;0,457294388;1,058551824
18.04.25;21:00:00;105,72;457,2943877;0,457294388;1,058551824
18.04.25;22:00:00;97,9;276,8938494;0,276893849;0,640957984
18.04.25;23:00:00;95,32;276,8938494;0,276893849;0,640957984
19.04.25;00:00:00;88,7;276,8938494;0,276893849;0,640957984
19.04.25;01:00:00;91,24;276,8938494;0,276893849;0,640957984
19.04.25;02:00:00;88,03;276,8938494;0,276893849;0,640957984
19.04.25;03:00:00;88,93;276,8938494;0,276893849;0,640957984
19.04.25;04:00:00;95,83;276,8938494;0,276893849;0,640957984
19.04.25;05:00:00;98,7;276,8938494;0,276893849;0,640957984
19.04.25;06:00:00;95,12;276,8938494;0,276893849;0,640957984
19.04.25;07:00:00;84,93;0;0;0
19.04.25;08:00:00;71,42;0;0;0
19.04.25;09:00:00;26,85;0;0;0
19.04.25;10:00:00;6,52;0;0;0
19.04.25;11:00:00;-0,78;0;0;0
19.04.25;12:00:00;-6,14;0;0;0
19.04.25;13:00:00;-8,37;0;0;0
19.04.25;14:00:00;-1,03;0;0;0
19.04.25;15:00:00;6,53;0;0;0
19.04.25;16:00:00;67,59;0;0;0
19.04.25;17:00:00;103,48;276,8938494;0,276893849;0,640957984
19.04.25;18:00:00;127,71;457,2943877;0,457294388;1,058551824
19.04.25;19:00:00;139,47;457,2943877;0,457294388;1,058551824
19.04.25;20:00:00;123,38;457,2943877;0,457294388;1,058551824
19.04.25;21:00:00;109,67;457,2943877;0,457294388;1,058551824
19.04.25;22:00:00;98,42;276,8938494;0,276893849;0,640957984
19.04.25;23:00:00;96,26;276,8938494;0,276893849;0,640957984
20.04.25;00:00:00;91,09;276,8938494;0,276893849;0,640957984
20.04.25;01:00:00;92,04;276,8938494;0,276893849;0,640957984
20.04.25;02:00:00;91,35;276,8938494;0,276893849;0,640957984
20.04.25;03:00:00;91,86;276,8938494;0,276893849;0,640957984
20.04.25;04:00:00;96,31;276,8938494;0,276893849;0,640957984
20.04.25;05:00:00;97,14;276,8938494;0,276893849;0,640957984
20.04.25;06:00:00;84,5;0;0;0
20.04.25;07:00:00;56,19;0;0;0
20.04.25;08:00:00;15,16;0;0;0
20.04.25;09:00:00;1,22;0;0;0
20.04.25;10:00:00;-7,68;0;0;0
20.04.25;11:00:00;-42,16;0;0;0
20.04.25;12:00:00;-66,37;0;0;0
20.04.25;13:00:00;-52,63;0;0;0
20.04.25;14:00:00;-19,42;0;0;0
20.04.25;15:00:00;-1,48;0;0;0
20.04.25;16:00:00;50,13;0;0;0
20.04.25;17:00:00;97,66;276,8938494;0,276893849;0,640957984
20.04.25;18:00:00;120,76;457,2943877;0,457294388;1,058551824
20.04.25;19:00:00;135,46;457,2943877;0,457294388;1,058551824
20.04.25;20:00:00;126,38;457,2943877;0,457294388;1,058551824
20.04.25;21:00:00;114,32;457,2943877;0,457294388;1,058551824
20.04.25;22:00:00;102,44;276,8938494;0,276893849;0,640957984
20.04.25;23:00:00;96,49;276,8938494;0,276893849;0,640957984
21.04.25;00:00:00;88,8;276,8938494;0,276893849;0,640957984
21.04.25;01:00:00;86,83;0;0;0
21.04.25;02:00:00;87,45;0;0;0
21.04.25;03:00:00;88,06;276,8938494;0,276893849;0,640957984
21.04.25;04:00:00;88,32;276,8938494;0,276893849;0,640957984
21.04.25;05:00:00;83,68;0;0;0
21.04.25;06:00:00;78,39;0;0;0
21.04.25;07:00:00;68,58;0;0;0
21.04.25;08:00:00;63,02;0;0;0
21.04.25;09:00:00;36,91;0;0;0
21.04.25;10:00:00;17,09;0;0;0
21.04.25;11:00:00;6,68;0;0;0
21.04.25;12:00:00;0,15;0;0;0
21.04.25;13:00:00;-0,1;0;0;0
21.04.25;14:00:00;4,86;0;0;0
21.04.25;15:00:00;27,73;0;0;0
21.04.25;16:00:00;67,76;0;0;0
21.04.25;17:00:00;93,93;276,8938494;0,276893849;0,640957984
21.04.25;18:00:00;112,68;457,2943877;0,457294388;1,058551824
21.04.25;19:00:00;126,62;457,2943877;0,457294388;1,058551824
21.04.25;20:00:00;118,28;457,2943877;0,457294388;1,058551824
21.04.25;21:00:00;107,58;457,2943877;0,457294388;1,058551824
21.04.25;22:00:00;96;276,8938494;0,276893849;0,640957984
21.04.25;23:00:00;88,06;276,8938494;0,276893849;0,640957984
22.04.25;00:00:00;84,07;0;0;0
22.04.25;01:00:00;82,37;0;0;0
22.04.25;02:00:00;80,71;0;0;0
22.04.25;03:00:00;81,84;0;0;0
22.04.25;04:00:00;94,32;276,8938494;0,276893849;0,640957984
22.04.25;05:00:00;122,36;457,2943877;0,457294388;1,058551824
22.04.25;06:00:00;144,5;457,2943877;0,457294388;1,058551824
22.04.25;07:00:00;134,6;457,2943877;0,457294388;1,058551824
22.04.25;08:00:00;114,79;457,2943877;0,457294388;1,058551824
22.04.25;09:00:00;94,49;276,8938494;0,276893849;0,640957984
22.04.25;10:00:00;83,44;0;0;0
22.04.25;11:00:00;74,26;0;0;0
22.04.25;12:00:00;60,33;0;0;0
22.04.25;13:00:00;64,79;0;0;0
22.04.25;14:00:00;72,22;0;0;0
22.04.25;15:00:00;82,25;0;0;0
22.04.25;16:00:00;98,52;276,8938494;0,276893849;0,640957984
22.04.25;17:00:00;123,19;457,2943877;0,457294388;1,058551824
22.04.25;18:00:00;166,76;457,2943877;0,457294388;1,058551824
22.04.25;19:00:00;214,16;457,2943877;0,457294388;1,058551824
22.04.25;20:00:00;147,88;457,2943877;0,457294388;1,058551824
22.04.25;21:00:00;121,13;457,2943877;0,457294388;1,058551824
22.04.25;22:00:00;107,55;457,2943877;0,457294388;1,058551824
22.04.25;23:00:00;104,3;457,2943877;0,457294388;1,058551824
23.04.25;00:00:00;98,27;276,8938494;0,276893849;0,640957984
23.04.25;01:00:00;96,98;276,8938494;0,276893849;0,640957984
23.04.25;02:00:00;95,58;276,8938494;0,276893849;0,640957984
23.04.25;03:00:00;98,93;276,8938494;0,276893849;0,640957984
23.04.25;04:00:00;107,92;457,2943877;0,457294388;1,058551824
23.04.25;05:00:00;139,62;457,2943877;0,457294388;1,058551824
23.04.25;06:00:00;163,31;457,2943877;0,457294388;1,058551824
23.04.25;07:00:00;137,68;457,2943877;0,457294388;1,058551824
23.04.25;08:00:00;104,3;457,2943877;0,457294388;1,058551824
23.04.25;09:00:00;95,7;276,8938494;0,276893849;0,640957984
23.04.25;10:00:00;92,7;276,8938494;0,276893849;0,640957984
23.04.25;11:00:00;83,25;0;0;0
23.04.25;12:00:00;80,57;0;0;0
23.04.25;13:00:00;84,75;0;0;0
23.04.25;14:00:00;91,21;276,8938494;0,276893849;0,640957984
23.04.25;15:00:00;100,43;276,8938494;0,276893849;0,640957984
23.04.25;16:00:00;113,29;457,2943877;0,457294388;1,058551824
23.04.25;17:00:00;131,59;457,2943877;0,457294388;1,058551824
23.04.25;18:00:00;156,59;457,2943877;0,457294388;1,058551824
23.04.25;19:00:00;154,06;457,2943877;0,457294388;1,058551824
23.04.25;20:00:00;127,84;457,2943877;0,457294388;1,058551824
23.04.25;21:00:00;110,63;457,2943877;0,457294388;1,058551824
23.04.25;22:00:00;97,98;276,8938494;0,276893849;0,640957984
23.04.25;23:00:00;92,19;276,8938494;0,276893849;0,640957984
24.04.25;00:00:00;87,62;276,8938494;0,276893849;0,640957984
24.04.25;01:00:00;86,43;0;0;0
24.04.25;02:00:00;86,09;0;0;0
24.04.25;03:00:00;85,62;0;0;0
24.04.25;04:00:00;91,56;276,8938494;0,276893849;0,640957984
24.04.25;05:00:00;112,03;457,2943877;0,457294388;1,058551824
24.04.25;06:00:00;123,46;457,2943877;0,457294388;1,058551824
24.04.25;07:00:00;121,82;457,2943877;0,457294388;1,058551824
24.04.25;08:00:00;111,45;457,2943877;0,457294388;1,058551824
24.04.25;09:00:00;98,68;276,8938494;0,276893849;0,640957984
24.04.25;10:00:00;95,45;276,8938494;0,276893849;0,640957984
24.04.25;11:00:00;84,28;0;0;0
24.04.25;12:00:00;81,9;0;0;0
24.04.25;13:00:00;81,23;0;0;0
24.04.25;14:00:00;84,23;0;0;0
24.04.25;15:00:00;87,18;0;0;0
24.04.25;16:00:00;97,38;276,8938494;0,276893849;0,640957984
24.04.25;17:00:00;107,77;457,2943877;0,457294388;1,058551824
24.04.25;18:00:00;123,35;457,2943877;0,457294388;1,058551824
24.04.25;19:00:00;125,66;457,2943877;0,457294388;1,058551824
24.04.25;20:00:00;116,74;457,2943877;0,457294388;1,058551824
24.04.25;21:00:00;104,62;457,2943877;0,457294388;1,058551824
24.04.25;22:00:00;93,5;276,8938494;0,276893849;0,640957984
24.04.25;23:00:00;90,49;276,8938494;0,276893849;0,640957984
25.04.25;00:00:00;83,89;0;0;0
25.04.25;01:00:00;83,05;0;0;0
25.04.25;02:00:00;83,58;0;0;0
25.04.25;03:00:00;85,2;0;0;0
25.04.25;04:00:00;93,4;276,8938494;0,276893849;0,640957984
25.04.25;05:00:00;106,78;457,2943877;0,457294388;1,058551824
25.04.25;06:00:00;115,5;457,2943877;0,457294388;1,058551824
25.04.25;07:00:00;114,1;457,2943877;0,457294388;1,058551824
25.04.25;08:00:00;100,92;276,8938494;0,276893849;0,640957984
25.04.25;09:00:00;87,99;276,8938494;0,276893849;0,640957984
25.04.25;10:00:00;78,31;0;0;0
25.04.25;11:00:00;68,03;0;0;0
25.04.25;12:00:00;53,14;0;0;0
25.04.25;13:00:00;47,36;0;0;0
25.04.25;14:00:00;60,24;0;0;0
25.04.25;15:00:00;74,02;0;0;0
25.04.25;16:00:00;85,79;0;0;0
25.04.25;17:00:00;103,01;276,8938494;0,276893849;0,640957984
25.04.25;18:00:00;118,88;457,2943877;0,457294388;1,058551824
25.04.25;19:00:00;125,95;457,2943877;0,457294388;1,058551824
25.04.25;20:00:00;112,11;457,2943877;0,457294388;1,058551824
25.04.25;21:00:00;101,22;276,8938494;0,276893849;0,640957984
25.04.25;22:00:00;92,89;276,8938494;0,276893849;0,640957984
25.04.25;23:00:00;96,66;276,8938494;0,276893849;0,640957984
26.04.25;00:00:00;89,59;276,8938494;0,276893849;0,640957984
26.04.25;01:00:00;89,33;276,8938494;0,276893849;0,640957984
26.04.25;02:00:00;89,01;276,8938494;0,276893849;0,640957984
26.04.25;03:00:00;88,39;276,8938494;0,276893849;0,640957984
26.04.25;04:00:00;90,78;276,8938494;0,276893849;0,640957984
26.04.25;05:00:00;90,72;276,8938494;0,276893849;0,640957984
26.04.25;06:00:00;87,55;0;0;0
26.04.25;07:00:00;76,1;0;0;0
26.04.25;08:00:00;43,88;0;0;0
26.04.25;09:00:00;10,68;0;0;0
26.04.25;10:00:00;-0,13;0;0;0
26.04.25;11:00:00;-5,22;0;0;0
26.04.25;12:00:00;-13,66;0;0;0
26.04.25;13:00:00;-9,9;0;0;0
26.04.25;14:00:00;-2,81;0;0;0
26.04.25;15:00:00;-0,06;0;0;0
26.04.25;16:00:00;41,15;0;0;0
26.04.25;17:00:00;80;0;0;0
26.04.25;18:00:00;101,4;276,8938494;0,276893849;0,640957984
26.04.25;19:00:00;109,36;457,2943877;0,457294388;1,058551824
26.04.25;20:00:00;95,94;276,8938494;0,276893849;0,640957984
26.04.25;21:00:00;86,9;0;0;0
26.04.25;22:00:00;74,19;0;0;0
26.04.25;23:00:00;72,37;0;0;0
27.04.25;00:00:00;65,92;0;0;0
27.04.25;01:00:00;64,08;0;0;0
27.04.25;02:00:00;64,01;0;0;0
27.04.25;03:00:00;65,4;0;0;0
27.04.25;04:00:00;69,63;0;0;0
27.04.25;05:00:00;69,07;0;0;0
27.04.25;06:00:00;64,36;0;0;0
27.04.25;07:00:00;31,23;0;0;0
27.04.25;08:00:00;2,41;0;0;0
27.04.25;09:00:00;-3,56;0;0;0
27.04.25;10:00:00;-31,44;0;0;0
27.04.25;11:00:00;-81,92;0;0;0
27.04.25;12:00:00;-109,64;0;0;0
27.04.25;13:00:00;-100,96;0;0;0
27.04.25;14:00:00;-46,56;0;0;0
27.04.25;15:00:00;-4,82;0;0;0
27.04.25;16:00:00;25,5;0;0;0
27.04.25;17:00:00;92,6;276,8938494;0,276893849;0,640957984
27.04.25;18:00:00;118,63;457,2943877;0,457294388;1,058551824
27.04.25;19:00:00;127,56;457,2943877;0,457294388;1,058551824
27.04.25;20:00:00;113,66;457,2943877;0,457294388;1,058551824
27.04.25;21:00:00;103,22;276,8938494;0,276893849;0,640957984
27.04.25;22:00:00;94,82;276,8938494;0,276893849;0,640957984
27.04.25;23:00:00;92,28;276,8938494;0,276893849;0,640957984
28.04.25;00:00:00;86,74;0;0;0
28.04.25;01:00:00;84,94;0;0;0
28.04.25;02:00:00;85,8;0;0;0
28.04.25;03:00:00;90,04;276,8938494;0,276893849;0,640957984
28.04.25;04:00:00;102,38;276,8938494;0,276893849;0,640957984
28.04.25;05:00:00;135,12;457,2943877;0,457294388;1,058551824
28.04.25;06:00:00;133,14;457,2943877;0,457294388;1,058551824
28.04.25;07:00:00;103,73;457,2943877;0,457294388;1,058551824
28.04.25;08:00:00;74,98;0;0;0
28.04.25;09:00:00;32,02;0;0;0
28.04.25;10:00:00;3,76;0;0;0
28.04.25;11:00:00;-1,17;0;0;0
28.04.25;12:00:00;-2,42;0;0;0
28.04.25;13:00:00;-1,94;0;0;0
28.04.25;14:00:00;1,72;0;0;0
28.04.25;15:00:00;18,76;0;0;0
28.04.25;16:00:00;78,7;0;0;0
28.04.25;17:00:00;109,26;457,2943877;0,457294388;1,058551824
28.04.25;18:00:00;150,78;457,2943877;0,457294388;1,058551824
28.04.25;19:00:00;189,28;457,2943877;0,457294388;1,058551824
28.04.25;20:00:00;132,91;457,2943877;0,457294388;1,058551824
28.04.25;21:00:00;113,28;457,2943877;0,457294388;1,058551824
28.04.25;22:00:00;99,16;276,8938494;0,276893849;0,640957984
28.04.25;23:00:00;93,8;276,8938494;0,276893849;0,640957984
29.04.25;00:00:00;90,77;276,8938494;0,276893849;0,640957984
29.04.25;01:00:00;86,33;0;0;0
29.04.25;02:00:00;82,98;0;0;0
29.04.25;03:00:00;84,87;0;0;0
29.04.25;04:00:00;92,72;276,8938494;0,276893849;0,640957984
29.04.25;05:00:00;114,11;457,2943877;0,457294388;1,058551824
29.04.25;06:00:00;118,06;457,2943877;0,457294388;1,058551824
29.04.25;07:00:00;99,68;276,8938494;0,276893849;0,640957984
29.04.25;08:00:00;73,35;0;0;0
29.04.25;09:00:00;16,19;0;0;0
29.04.25;10:00:00;2,31;0;0;0
29.04.25;11:00:00;-2,83;0;0;0
29.04.25;12:00:00;-4,3;0;0;0
29.04.25;13:00:00;-3,29;0;0;0
29.04.25;14:00:00;0,64;0;0;0
29.04.25;15:00:00;16,96;0;0;0
29.04.25;16:00:00;76,1;0;0;0
29.04.25;17:00:00;102,95;276,8938494;0,276893849;0,640957984
29.04.25;18:00:00;139,75;457,2943877;0,457294388;1,058551824
29.04.25;19:00:00;172,18;457,2943877;0,457294388;1,058551824
29.04.25;20:00:00;132,69;457,2943877;0,457294388;1,058551824
29.04.25;21:00:00;110,2;457,2943877;0,457294388;1,058551824
29.04.25;22:00:00;98,76;276,8938494;0,276893849;0,640957984
29.04.25;23:00:00;95,6;276,8938494;0,276893849;0,640957984
30.04.25;00:00:00;89,4;276,8938494;0,276893849;0,640957984
30.04.25;01:00:00;87;0;0;0
30.04.25;02:00:00;87,44;0;0;0
30.04.25;03:00:00;89,12;276,8938494;0,276893849;0,640957984
30.04.25;04:00:00;96,06;276,8938494;0,276893849;0,640957984
30.04.25;05:00:00;117,26;457,2943877;0,457294388;1,058551824
30.04.25;06:00:00;120,08;457,2943877;0,457294388;1,058551824
30.04.25;07:00:00;99,55;276,8938494;0,276893849;0,640957984
30.04.25;08:00:00;75,51;0;0;0
30.04.25;09:00:00;17,99;0;0;0
30.04.25;10:00:00;0,59;0;0;0
30.04.25;11:00:00;-2,64;0;0;0
30.04.25;12:00:00;-5,6;0;0;0
30.04.25;13:00:00;-3,88;0;0;0
30.04.25;14:00:00;-0,06;0;0;0
30.04.25;15:00:00;20,37;0;0;0
30.04.25;16:00:00;74,66;0;0;0
30.04.25;17:00:00;100,38;276,8938494;0,276893849;0,640957984
30.04.25;18:00:00;133,42;457,2943877;0,457294388;1,058551824
30.04.25;19:00:00;169,81;457,2943877;0,457294388;1,058551824
30.04.25;20:00:00;126,32;457,2943877;0,457294388;1,058551824
30.04.25;21:00:00;107,39;457,2943877;0,457294388;1,058551824
30.04.25;22:00:00;95,25;276,8938494;0,276893849;0,640957984
30.04.25;23:00:00;96,67;276,8938494;0,276893849;0,640957984
01.05.25;00:00:00;92,05;276,8938494;0,276893849;0,640957984
01.05.25;01:00:00;89,08;276,8938494;0,276893849;0,640957984
01.05.25;02:00:00;88,34;276,8938494;0,276893849;0,640957984
01.05.25;03:00:00;89,7;276,8938494;0,276893849;0,640957984
01.05.25;04:00:00;85,72;0;0;0
01.05.25;05:00:00;85,88;0;0;0
01.05.25;06:00:00;80,62;0;0;0
01.05.25;07:00:00;55,19;0;0;0
01.05.25;08:00:00;5,23;0;0;0
01.05.25;09:00:00;-7,35;0;0;0
01.05.25;10:00:00;-36,25;0;0;0
01.05.25;11:00:00;-73,44;0;0;0
01.05.25;12:00:00;-104,89;0;0;0
01.05.25;13:00:00;-107,86;0;0;0
01.05.25;14:00:00;-50,77;0;0;0
01.05.25;15:00:00;-6,03;0;0;0
01.05.25;16:00:00;37,82;0;0;0
01.05.25;17:00:00;92,34;276,8938494;0,276893849;0,640957984
01.05.25;18:00:00;121,35;457,2943877;0,457294388;1,058551824
01.05.25;19:00:00;149,19;457,2943877;0,457294388;1,058551824
01.05.25;20:00:00;121,5;457,2943877;0,457294388;1,058551824
01.05.25;21:00:00;103,41;276,8938494;0,276893849;0,640957984
01.05.25;22:00:00;90,6;276,8938494;0,276893849;0,640957984
01.05.25;23:00:00;86,96;0;0;0
02.05.25;00:00:00;79,41;0;0;0
02.05.25;01:00:00;71,55;0;0;0
02.05.25;02:00:00;67,7;0;0;0
02.05.25;03:00:00;68,45;0;0;0
02.05.25;04:00:00;75,69;0;0;0
02.05.25;05:00:00;87,91;276,8938494;0,276893849;0,640957984
02.05.25;06:00:00;89,27;276,8938494;0,276893849;0,640957984
02.05.25;07:00:00;82,9;0;0;0
02.05.25;08:00:00;56,61;0;0;0
02.05.25;09:00:00;6,23;0;0;0
02.05.25;10:00:00;-0,21;0;0;0
02.05.25;11:00:00;-2,4;0;0;0
02.05.25;12:00:00;-8,78;0;0;0
02.05.25;13:00:00;-11,37;0;0;0
02.05.25;14:00:00;-3,65;0;0;0
02.05.25;15:00:00;-0,26;0;0;0
02.05.25;16:00:00;56,51;0;0;0
02.05.25;17:00:00;95,02;276,8938494;0,276893849;0,640957984
02.05.25;18:00:00;118,32;457,2943877;0,457294388;1,058551824
02.05.25;19:00:00;143,34;457,2943877;0,457294388;1,058551824
02.05.25;20:00:00;118,12;457,2943877;0,457294388;1,058551824
02.05.25;21:00:00;102,74;276,8938494;0,276893849;0,640957984
02.05.25;22:00:00;92,28;276,8938494;0,276893849;0,640957984
02.05.25;23:00:00;96,9;276,8938494;0,276893849;0,640957984
03.05.25;00:00:00;92,07;276,8938494;0,276893849;0,640957984
03.05.25;01:00:00;90,1;276,8938494;0,276893849;0,640957984
03.05.25;02:00:00;89,5;276,8938494;0,276893849;0,640957984
03.05.25;03:00:00;88,66;276,8938494;0,276893849;0,640957984
03.05.25;04:00:00;89,53;276,8938494;0,276893849;0,640957984
03.05.25;05:00:00;92,23;276,8938494;0,276893849;0,640957984
03.05.25;06:00:00;86,67;0;0;0
03.05.25;07:00:00;76,34;0;0;0
03.05.25;08:00:00;27,54;0;0;0
03.05.25;09:00:00;3,13;0;0;0
03.05.25;10:00:00;-0,29;0;0;0
03.05.25;11:00:00;-1,28;0;0;0
03.05.25;12:00:00;-3,29;0;0;0
03.05.25;13:00:00;-3,53;0;0;0
03.05.25;14:00:00;0,44;0;0;0
03.05.25;15:00:00;1,4;0;0;0
03.05.25;16:00:00;31,31;0;0;0
03.05.25;17:00:00;68,35;0;0;0
03.05.25;18:00:00;81,26;0;0;0
03.05.25;19:00:00;91,99;276,8938494;0,276893849;0,640957984
03.05.25;20:00:00;88,01;276,8938494;0,276893849;0,640957984
03.05.25;21:00:00;74,82;0;0;0
03.05.25;22:00:00;62,85;0;0;0
03.05.25;23:00:00;54,65;0;0;0
04.05.25;00:00:00;40,27;0;0;0
04.05.25;01:00:00;26,2;0;0;0
04.05.25;02:00:00;19,7;0;0;0
04.05.25;03:00:00;19,01;0;0;0
04.05.25;04:00:00;16,52;0;0;0
04.05.25;05:00:00;14,98;0;0;0
04.05.25;06:00:00;9,46;0;0;0
04.05.25;07:00:00;5,97;0;0;0
04.05.25;08:00:00;1,25;0;0;0
04.05.25;09:00:00;0,53;0;0;0
04.05.25;10:00:00;-0,13;0;0;0
04.05.25;11:00:00;-0,13;0;0;0
04.05.25;12:00:00;-1,13;0;0;0
04.05.25;13:00:00;-2,7;0;0;0
04.05.25;14:00:00;-0,37;0;0;0
04.05.25;15:00:00;0,96;0;0;0
04.05.25;16:00:00;28,17;0;0;0
04.05.25;17:00:00;80,86;0;0;0
04.05.25;18:00:00;98,48;276,8938494;0,276893849;0,640957984
04.05.25;19:00:00;113,67;457,2943877;0,457294388;1,058551824
04.05.25;20:00:00;107,64;457,2943877;0,457294388;1,058551824
04.05.25;21:00:00;96,81;276,8938494;0,276893849;0,640957984
04.05.25;22:00:00;85,87;0;0;0
04.05.25;23:00:00;79,49;0;0;0
05.05.25;00:00:00;75,34;0;0;0
05.05.25;01:00:00;74,59;0;0;0
05.05.25;02:00:00;75,84;0;0;0
05.05.25;03:00:00;76,55;0;0;0
05.05.25;04:00:00;87,67;276,8938494;0,276893849;0,640957984
05.05.25;05:00:00;109,7;457,2943877;0,457294388;1,058551824
05.05.25;06:00:00;123,68;457,2943877;0,457294388;1,058551824
05.05.25;07:00:00;104,75;457,2943877;0,457294388;1,058551824
05.05.25;08:00:00;86,41;0;0;0
05.05.25;09:00:00;76,21;0;0;0
05.05.25;10:00:00;61,01;0;0;0
05.05.25;11:00:00;55,33;0;0;0
05.05.25;12:00:00;49,19;0;0;0
05.05.25;13:00:00;55,79;0;0;0
05.05.25;14:00:00;63,83;0;0;0
05.05.25;15:00:00;71,1;0;0;0
05.05.25;16:00:00;85,05;0;0;0
05.05.25;17:00:00;102,44;276,8938494;0,276893849;0,640957984
05.05.25;18:00:00;127,45;457,2943877;0,457294388;1,058551824
05.05.25;19:00:00;141;457,2943877;0,457294388;1,058551824
05.05.25;20:00:00;117,07;457,2943877;0,457294388;1,058551824
05.05.25;21:00:00;101,76;276,8938494;0,276893849;0,640957984
05.05.25;22:00:00;93,2;276,8938494;0,276893849;0,640957984
05.05.25;23:00:00;82,64;0;0;0
06.05.25;00:00:00;80,12;0;0;0
06.05.25;01:00:00;82,06;0;0;0
06.05.25;02:00:00;81,38;0;0;0
06.05.25;03:00:00;83,16;0;0;0
06.05.25;04:00:00;94,51;276,8938494;0,276893849;0,640957984
06.05.25;05:00:00;112,49;457,2943877;0,457294388;1,058551824
06.05.25;06:00:00;119,7;457,2943877;0,457294388;1,058551824
06.05.25;07:00:00;103,74;457,2943877;0,457294388;1,058551824
06.05.25;08:00:00;85,25;0;0;0
06.05.25;09:00:00;70,34;0;0;0
06.05.25;10:00:00;52,25;0;0;0
06.05.25;11:00:00;38;0;0;0
06.05.25;12:00:00;32,14;0;0;0
06.05.25;13:00:00;37,85;0;0;0
06.05.25;14:00:00;55,34;0;0;0
06.05.25;15:00:00;71,73;0;0;0
06.05.25;16:00:00;91,27;276,8938494;0,276893849;0,640957984
06.05.25;17:00:00;106,7;457,2943877;0,457294388;1,058551824
06.05.25;18:00:00;132,85;457,2943877;0,457294388;1,058551824
06.05.25;19:00:00;150,12;457,2943877;0,457294388;1,058551824
06.05.25;20:00:00;131,92;457,2943877;0,457294388;1,058551824
06.05.25;21:00:00;115,25;457,2943877;0,457294388;1,058551824
06.05.25;22:00:00;100,76;276,8938494;0,276893849;0,640957984
06.05.25;23:00:00;92,66;276,8938494;0,276893849;0,640957984
07.05.25;00:00:00;87,82;276,8938494;0,276893849;0,640957984
07.05.25;01:00:00;86,4;0;0;0
07.05.25;02:00:00;88,37;276,8938494;0,276893849;0,640957984
07.05.25;03:00:00;94,26;276,8938494;0,276893849;0,640957984
07.05.25;04:00:00;105,59;457,2943877;0,457294388;1,058551824
07.05.25;05:00:00;128,85;457,2943877;0,457294388;1,058551824
07.05.25;06:00:00;139,72;457,2943877;0,457294388;1,058551824
07.05.25;07:00:00;124,34;457,2943877;0,457294388;1,058551824
07.05.25;08:00:00;93,86;276,8938494;0,276893849;0,640957984
07.05.25;09:00:00;77,48;0;0;0
07.05.25;10:00:00;69,46;0;0;0
07.05.25;11:00:00;61,45;0;0;0
07.05.25;12:00:00;58,58;0;0;0
07.05.25;13:00:00;64,29;0;0;0
07.05.25;14:00:00;74,07;0;0;0
07.05.25;15:00:00;82,54;0;0;0
07.05.25;16:00:00;97,29;276,8938494;0,276893849;0,640957984
07.05.25;17:00:00;109,74;457,2943877;0,457294388;1,058551824
07.05.25;18:00:00;130,26;457,2943877;0,457294388;1,058551824
07.05.25;19:00:00;145,56;457,2943877;0,457294388;1,058551824
07.05.25;20:00:00;126,76;457,2943877;0,457294388;1,058551824
07.05.25;21:00:00;109,4;457,2943877;0,457294388;1,058551824
07.05.25;22:00:00;98,24;276,8938494;0,276893849;0,640957984
07.05.25;23:00:00;93,93;276,8938494;0,276893849;0,640957984
08.05.25;00:00:00;89,43;276,8938494;0,276893849;0,640957984
08.05.25;01:00:00;89,06;276,8938494;0,276893849;0,640957984
08.05.25;02:00:00;89,94;276,8938494;0,276893849;0,640957984
08.05.25;03:00:00;94,05;276,8938494;0,276893849;0,640957984
08.05.25;04:00:00;105,4;457,2943877;0,457294388;1,058551824
08.05.25;05:00:00;122,58;457,2943877;0,457294388;1,058551824
08.05.25;06:00:00;137,32;457,2943877;0,457294388;1,058551824
08.05.25;07:00:00;121,23;457,2943877;0,457294388;1,058551824
08.05.25;08:00:00;98,57;276,8938494;0,276893849;0,640957984
08.05.25;09:00:00;83,3;0;0;0
08.05.25;10:00:00;71,78;0;0;0
08.05.25;11:00:00;61,24;0;0;0
08.05.25;12:00:00;60,22;0;0;0
08.05.25;13:00:00;66,9;0;0;0
08.05.25;14:00:00;76,24;0;0;0
08.05.25;15:00:00;83,32;0;0;0
08.05.25;16:00:00;93,12;276,8938494;0,276893849;0,640957984
08.05.25;17:00:00;108,84;457,2943877;0,457294388;1,058551824
08.05.25;18:00:00;135,28;457,2943877;0,457294388;1,058551824
08.05.25;19:00:00;171,11;457,2943877;0,457294388;1,058551824
08.05.25;20:00:00;140,16;457,2943877;0,457294388;1,058551824
08.05.25;21:00:00;114,93;457,2943877;0,457294388;1,058551824
08.05.25;22:00:00;105,78;457,2943877;0,457294388;1,058551824
08.05.25;23:00:00;101,8;276,8938494;0,276893849;0,640957984
09.05.25;00:00:00;96,32;276,8938494;0,276893849;0,640957984
09.05.25;01:00:00;93,91;276,8938494;0,276893849;0,640957984
09.05.25;02:00:00;94,28;276,8938494;0,276893849;0,640957984
09.05.25;03:00:00;98,73;276,8938494;0,276893849;0,640957984
09.05.25;04:00:00;111,39;457,2943877;0,457294388;1,058551824
09.05.25;05:00:00;136,39;457,2943877;0,457294388;1,058551824
09.05.25;06:00:00;134,48;457,2943877;0,457294388;1,058551824
09.05.25;07:00:00;105,29;457,2943877;0,457294388;1,058551824
09.05.25;08:00:00;84,92;0;0;0
09.05.25;09:00:00;58,4;0;0;0
09.05.25;10:00:00;16,15;0;0;0
09.05.25;11:00:00;7,04;0;0;0
09.05.25;12:00:00;6,47;0;0;0
09.05.25;13:00:00;8,9;0;0;0
09.05.25;14:00:00;26,02;0;0;0
09.05.25;15:00:00;54,59;0;0;0
09.05.25;16:00:00;76,75;0;0;0
09.05.25;17:00:00;98,05;276,8938494;0,276893849;0,640957984
09.05.25;18:00:00;121,65;457,2943877;0,457294388;1,058551824
09.05.25;19:00:00;153,3;457,2943877;0,457294388;1,058551824
09.05.25;20:00:00;131,88;457,2943877;0,457294388;1,058551824
09.05.25;21:00:00;109,74;457,2943877;0,457294388;1,058551824
09.05.25;22:00:00;100,69;276,8938494;0,276893849;0,640957984
09.05.25;23:00:00;102,57;276,8938494;0,276893849;0,640957984
10.05.25;00:00:00;101,05;276,8938494;0,276893849;0,640957984
10.05.25;01:00:00;97,64;276,8938494;0,276893849;0,640957984
10.05.25;02:00:00;96,11;276,8938494;0,276893849;0,640957984
10.05.25;03:00:00;97,76;276,8938494;0,276893849;0,640957984
10.05.25;04:00:00;100,15;276,8938494;0,276893849;0,640957984
10.05.25;05:00:00;98,31;276,8938494;0,276893849;0,640957984
10.05.25;06:00:00;94,46;276,8938494;0,276893849;0,640957984
10.05.25;07:00:00;70,8;0;0;0
10.05.25;08:00:00;16,06;0;0;0
10.05.25;09:00:00;-1,44;0;0;0
10.05.25;10:00:00;-19,36;0;0;0
10.05.25;11:00:00;-52,83;0;0;0
10.05.25;12:00:00;-88,48;0;0;0
10.05.25;13:00:00;-86,69;0;0;0
10.05.25;14:00:00;-41,45;0;0;0
10.05.25;15:00:00;-5,62;0;0;0
10.05.25;16:00:00;32,2;0;0;0
10.05.25;17:00:00;94,74;276,8938494;0,276893849;0,640957984
10.05.25;18:00:00;117,37;457,2943877;0,457294388;1,058551824
10.05.25;19:00:00;146,7;457,2943877;0,457294388;1,058551824
10.05.25;20:00:00;123,74;457,2943877;0,457294388;1,058551824
10.05.25;21:00:00;103,46;276,8938494;0,276893849;0,640957984
10.05.25;22:00:00;92,18;276,8938494;0,276893849;0,640957984
10.05.25;23:00:00;91,27;276,8938494;0,276893849;0,640957984
11.05.25;00:00:00;87,75;276,8938494;0,276893849;0,640957984
11.05.25;01:00:00;86,27;0;0;0
11.05.25;02:00:00;85,78;0;0;0
11.05.25;03:00:00;85,71;0;0;0
11.05.25;04:00:00;85,57;0;0;0
11.05.25;05:00:00;78,8;0;0;0
11.05.25;06:00:00;61,23;0;0;0
11.05.25;07:00:00;10,48;0;0;0
11.05.25;08:00:00;2,08;0;0;0
11.05.25;09:00:00;-25,37;0;0;0
11.05.25;10:00:00;-66,58;0;0;0
11.05.25;11:00:00;-160,94;0;0;0
11.05.25;12:00:00;-205,08;0;0;0
11.05.25;13:00:00;-199,19;0;0;0
11.05.25;14:00:00;-117,69;0;0;0
11.05.25;15:00:00;-44,04;0;0;0
11.05.25;16:00:00;-0,84;0;0;0
11.05.25;17:00:00;70,25;0;0;0
11.05.25;18:00:00;100,71;276,8938494;0,276893849;0,640957984
11.05.25;19:00:00;115,23;457,2943877;0,457294388;1,058551824
11.05.25;20:00:00;104,91;457,2943877;0,457294388;1,058551824
11.05.25;21:00:00;95,27;276,8938494;0,276893849;0,640957984
11.05.25;22:00:00;83,54;0;0;0
11.05.25;23:00:00;75,1;0;0;0
12.05.25;00:00:00;70,58;0;0;0
12.05.25;01:00:00;70,63;0;0;0
12.05.25;02:00:00;70,84;0;0;0
12.05.25;03:00:00;74,35;0;0;0
12.05.25;04:00:00;86,7;0;0;0
12.05.25;05:00:00;118,58;457,2943877;0,457294388;1,058551824
12.05.25;06:00:00;124,08;457,2943877;0,457294388;1,058551824
12.05.25;07:00:00;95,19;276,8938494;0,276893849;0,640957984
12.05.25;08:00:00;60,53;0;0;0
12.05.25;09:00:00;14,88;0;0;0
12.05.25;10:00:00;3,68;0;0;0
12.05.25;11:00:00;-27,82;0;0;0
12.05.25;12:00:00;-39,69;0;0;0
12.05.25;13:00:00;-31,09;0;0;0
12.05.25;14:00:00;-8,76;0;0;0
12.05.25;15:00:00;13,1;0;0;0
12.05.25;16:00:00;59,34;0;0;0
12.05.25;17:00:00;89,21;276,8938494;0,276893849;0,640957984
12.05.25;18:00:00;118,7;457,2943877;0,457294388;1,058551824
12.05.25;19:00:00;150,13;457,2943877;0,457294388;1,058551824
12.05.25;20:00:00;118,27;457,2943877;0,457294388;1,058551824
12.05.25;21:00:00;97,16;276,8938494;0,276893849;0,640957984
12.05.25;22:00:00;87,44;0;0;0
12.05.25;23:00:00;89,93;276,8938494;0,276893849;0,640957984
13.05.25;00:00:00;88,57;276,8938494;0,276893849;0,640957984
13.05.25;01:00:00;88,89;276,8938494;0,276893849;0,640957984
13.05.25;02:00:00;92,21;276,8938494;0,276893849;0,640957984
13.05.25;03:00:00;96,86;276,8938494;0,276893849;0,640957984
13.05.25;04:00:00;105,94;457,2943877;0,457294388;1,058551824
13.05.25;05:00:00;135,91;457,2943877;0,457294388;1,058551824
13.05.25;06:00:00;133,11;457,2943877;0,457294388;1,058551824
13.05.25;07:00:00;103,06;276,8938494;0,276893849;0,640957984
13.05.25;08:00:00;78,82;0;0;0
13.05.25;09:00:00;26,68;0;0;0
13.05.25;10:00:00;1,32;0;0;0
13.05.25;11:00:00;-9,45;0;0;0
13.05.25;12:00:00;-16,58;0;0;0
13.05.25;13:00:00;-10,77;0;0;0
13.05.25;14:00:00;-1,93;0;0;0
13.05.25;15:00:00;12,88;0;0;0
13.05.25;16:00:00;77,3;0;0;0
13.05.25;17:00:00;109,12;457,2943877;0,457294388;1,058551824
13.05.25;18:00:00;149,54;457,2943877;0,457294388;1,058551824
13.05.25;19:00:00;203,14;457,2943877;0,457294388;1,058551824
13.05.25;20:00:00;149,68;457,2943877;0,457294388;1,058551824
13.05.25;21:00:00;117,17;457,2943877;0,457294388;1,058551824
13.05.25;22:00:00;106,19;457,2943877;0,457294388;1,058551824
13.05.25;23:00:00;102,44;276,8938494;0,276893849;0,640957984
14.05.25;00:00:00;98,25;276,8938494;0,276893849;0,640957984
14.05.25;01:00:00;96,35;276,8938494;0,276893849;0,640957984
14.05.25;02:00:00;96,64;276,8938494;0,276893849;0,640957984
14.05.25;03:00:00;99,25;276,8938494;0,276893849;0,640957984
14.05.25;04:00:00;107,68;457,2943877;0,457294388;1,058551824
14.05.25;05:00:00;133,51;457,2943877;0,457294388;1,058551824
14.05.25;06:00:00;127,72;457,2943877;0,457294388;1,058551824
14.05.25;07:00:00;103,1;276,8938494;0,276893849;0,640957984
14.05.25;08:00:00;71,92;0;0;0
14.05.25;09:00:00;5,98;0;0;0
14.05.25;10:00:00;-3,22;0;0;0
14.05.25;11:00:00;-26,81;0;0;0
14.05.25;12:00:00;-43,32;0;0;0
14.05.25;13:00:00;-41,86;0;0;0
14.05.25;14:00:00;-21,28;0;0;0
14.05.25;15:00:00;-2,95;0;0;0
14.05.25;16:00:00;41,05;0;0;0
14.05.25;17:00:00;94,18;276,8938494;0,276893849;0,640957984
14.05.25;18:00:00;119,34;457,2943877;0,457294388;1,058551824
14.05.25;19:00:00;154,14;457,2943877;0,457294388;1,058551824
14.05.25;20:00:00;130,81;457,2943877;0,457294388;1,058551824
14.05.25;21:00:00;109,54;457,2943877;0,457294388;1,058551824
14.05.25;22:00:00;100,18;276,8938494;0,276893849;0,640957984
14.05.25;23:00:00;94,06;276,8938494;0,276893849;0,640957984
15.05.25;00:00:00;87,35;0;0;0
15.05.25;01:00:00;87,6;276,8938494;0,276893849;0,640957984
15.05.25;02:00:00;87,86;276,8938494;0,276893849;0,640957984
15.05.25;03:00:00;88,84;276,8938494;0,276893849;0,640957984
15.05.25;04:00:00;96,9;276,8938494;0,276893849;0,640957984
15.05.25;05:00:00;117,88;457,2943877;0,457294388;1,058551824
15.05.25;06:00:00;119;457,2943877;0,457294388;1,058551824
15.05.25;07:00:00;98,24;276,8938494;0,276893849;0,640957984
15.05.25;08:00:00;70,58;0;0;0
15.05.25;09:00:00;14,68;0;0;0
15.05.25;10:00:00;-0,06;0;0;0
15.05.25;11:00:00;-7,02;0;0;0
15.05.25;12:00:00;-16,18;0;0;0
15.05.25;13:00:00;-14,62;0;0;0
15.05.25;14:00:00;-9,76;0;0;0
15.05.25;15:00:00;-3,34;0;0;0
15.05.25;16:00:00;13,48;0;0;0
15.05.25;17:00:00;79,71;0;0;0
15.05.25;18:00:00;110,83;457,2943877;0,457294388;1,058551824
15.05.25;19:00:00;138,49;457,2943877;0,457294388;1,058551824
15.05.25;20:00:00;129,61;457,2943877;0,457294388;1,058551824
15.05.25;21:00:00;110,58;457,2943877;0,457294388;1,058551824
15.05.25;22:00:00;101,48;276,8938494;0,276893849;0,640957984
15.05.25;23:00:00;94,78;276,8938494;0,276893849;0,640957984
16.05.25;00:00:00;90,16;276,8938494;0,276893849;0,640957984
16.05.25;01:00:00;86,76;0;0;0
16.05.25;02:00:00;86,7;0;0;0
16.05.25;03:00:00;89,37;276,8938494;0,276893849;0,640957984
16.05.25;04:00:00;98,09;276,8938494;0,276893849;0,640957984
16.05.25;05:00:00;114,61;457,2943877;0,457294388;1,058551824
16.05.25;06:00:00;117,35;457,2943877;0,457294388;1,058551824
16.05.25;07:00:00;101,32;276,8938494;0,276893849;0,640957984
16.05.25;08:00:00;72,85;0;0;0
16.05.25;09:00:00;20,42;0;0;0
16.05.25;10:00:00;3,48;0;0;0
16.05.25;11:00:00;-0,62;0;0;0
16.05.25;12:00:00;-1,25;0;0;0
16.05.25;13:00:00;-1,32;0;0;0
16.05.25;14:00:00;0,93;0;0;0
16.05.25;15:00:00;13,09;0;0;0
16.05.25;16:00:00;64,84;0;0;0
16.05.25;17:00:00;95,36;276,8938494;0,276893849;0,640957984
16.05.25;18:00:00;111,68;457,2943877;0,457294388;1,058551824
16.05.25;19:00:00;145,03;457,2943877;0,457294388;1,058551824
16.05.25;20:00:00;137,11;457,2943877;0,457294388;1,058551824
16.05.25;21:00:00;114,24;457,2943877;0,457294388;1,058551824
16.05.25;22:00:00;100,99;276,8938494;0,276893849;0,640957984
16.05.25;23:00:00;95,08;276,8938494;0,276893849;0,640957984
17.05.25;00:00:00;92,54;276,8938494;0,276893849;0,640957984
17.05.25;01:00:00;88,28;276,8938494;0,276893849;0,640957984
17.05.25;02:00:00;86,28;0;0;0
17.05.25;03:00:00;87,04;0;0;0
17.05.25;04:00:00;88,66;276,8938494;0,276893849;0,640957984
17.05.25;05:00:00;86,2;0;0;0
17.05.25;06:00:00;82,78;0;0;0
17.05.25;07:00:00;49,36;0;0;0
17.05.25;08:00:00;2,99;0;0;0
17.05.25;09:00:00;-2,05;0;0;0
17.05.25;10:00:00;-5;0;0;0
17.05.25;11:00:00;-9,68;0;0;0
17.05.25;12:00:00;-17,82;0;0;0
17.05.25;13:00:00;-18,01;0;0;0
17.05.25;14:00:00;-7,95;0;0;0
17.05.25;15:00:00;-1,45;0;0;0
17.05.25;16:00:00;9,66;0;0;0
17.05.25;17:00:00;76,93;0;0;0
17.05.25;18:00:00;99,67;276,8938494;0,276893849;0,640957984
17.05.25;19:00:00;126,72;457,2943877;0,457294388;1,058551824
17.05.25;20:00:00;126,7;457,2943877;0,457294388;1,058551824
17.05.25;21:00:00;121,88;457,2943877;0,457294388;1,058551824
17.05.25;22:00:00;107,75;457,2943877;0,457294388;1,058551824
17.05.25;23:00:00;103,93;457,2943877;0,457294388;1,058551824
18.05.25;00:00:00;99,23;276,8938494;0,276893849;0,640957984
18.05.25;01:00:00;96,85;276,8938494;0,276893849;0,640957984
18.05.25;02:00:00;94;276,8938494;0,276893849;0,640957984
18.05.25;03:00:00;95,47;276,8938494;0,276893849;0,640957984
18.05.25;04:00:00;95,86;276,8938494;0,276893849;0,640957984
18.05.25;05:00:00;88,65;276,8938494;0,276893849;0,640957984
18.05.25;06:00:00;78,63;0;0;0
18.05.25;07:00:00;59,4;0;0;0
18.05.25;08:00:00;10,8;0;0;0
18.05.25;09:00:00;-1,45;0;0;0
18.05.25;10:00:00;-6,1;0;0;0
18.05.25;11:00:00;-17,72;0;0;0
18.05.25;12:00:00;-22,74;0;0;0
18.05.25;13:00:00;-27,2;0;0;0
18.05.25;14:00:00;-16,27;0;0;0
18.05.25;15:00:00;-2,35;0;0;0
18.05.25;16:00:00;11,01;0;0;0
18.05.25;17:00:00;81,1;0;0;0
18.05.25;18:00:00;106,65;457,2943877;0,457294388;1,058551824
18.05.25;19:00:00;125,12;457,2943877;0,457294388;1,058551824
18.05.25;20:00:00;125,98;457,2943877;0,457294388;1,058551824
18.05.25;21:00:00;115,47;457,2943877;0,457294388;1,058551824
18.05.25;22:00:00;103,26;276,8938494;0,276893849;0,640957984
18.05.25;23:00:00;103,12;276,8938494;0,276893849;0,640957984
19.05.25;00:00:00;95,51;276,8938494;0,276893849;0,640957984
19.05.25;01:00:00;92,37;276,8938494;0,276893849;0,640957984
19.05.25;02:00:00;89,37;276,8938494;0,276893849;0,640957984
19.05.25;03:00:00;94,06;276,8938494;0,276893849;0,640957984
19.05.25;04:00:00;104,84;457,2943877;0,457294388;1,058551824
19.05.25;05:00:00;124,12;457,2943877;0,457294388;1,058551824
19.05.25;06:00:00;132,3;457,2943877;0,457294388;1,058551824
19.05.25;07:00:00;110,9;457,2943877;0,457294388;1,058551824
19.05.25;08:00:00;92,19;276,8938494;0,276893849;0,640957984
19.05.25;09:00:00;60,96;0;0;0
19.05.25;10:00:00;33,59;0;0;0
19.05.25;11:00:00;22,23;0;0;0
19.05.25;12:00:00;20,3;0;0;0
19.05.25;13:00:00;24,75;0;0;0
19.05.25;14:00:00;43,47;0;0;0
19.05.25;15:00:00;67,75;0;0;0
19.05.25;16:00:00;92,67;276,8938494;0,276893849;0,640957984
19.05.25;17:00:00;117,15;457,2943877;0,457294388;1,058551824
19.05.25;18:00:00;142,92;457,2943877;0,457294388;1,058551824
19.05.25;19:00:00;206,54;457,2943877;0,457294388;1,058551824
19.05.25;20:00:00;155,42;457,2943877;0,457294388;1,058551824
19.05.25;21:00:00;127,67;457,2943877;0,457294388;1,058551824
19.05.25;22:00:00;110,89;457,2943877;0,457294388;1,058551824
19.05.25;23:00:00;111,39;457,2943877;0,457294388;1,058551824
20.05.25;00:00:00;105,06;457,2943877;0,457294388;1,058551824
20.05.25;01:00:00;101,98;276,8938494;0,276893849;0,640957984
20.05.25;02:00:00;102,58;276,8938494;0,276893849;0,640957984
20.05.25;03:00:00;106,57;457,2943877;0,457294388;1,058551824
20.05.25;04:00:00;118,48;457,2943877;0,457294388;1,058551824
20.05.25;05:00:00;146,19;457,2943877;0,457294388;1,058551824
20.05.25;06:00:00;133,79;457,2943877;0,457294388;1,058551824
20.05.25;07:00:00;104,21;457,2943877;0,457294388;1,058551824
20.05.25;08:00:00;87,62;276,8938494;0,276893849;0,640957984
20.05.25;09:00:00;59,5;0;0;0
20.05.25;10:00:00;15,74;0;0;0
20.05.25;11:00:00;3,08;0;0;0
20.05.25;12:00:00;2,46;0;0;0
20.05.25;13:00:00;2,43;0;0;0
20.05.25;14:00:00;9,7;0;0;0
20.05.25;15:00:00;63,14;0;0;0
20.05.25;16:00:00;90,65;276,8938494;0,276893849;0,640957984
20.05.25;17:00:00;111,84;457,2943877;0,457294388;1,058551824
20.05.25;18:00:00;141,71;457,2943877;0,457294388;1,058551824
20.05.25;19:00:00;198,03;457,2943877;0,457294388;1,058551824
20.05.25;20:00:00;150,41;457,2943877;0,457294388;1,058551824
20.05.25;21:00:00;121,99;457,2943877;0,457294388;1,058551824
20.05.25;22:00:00;109,62;457,2943877;0,457294388;1,058551824
20.05.25;23:00:00;107,93;457,2943877;0,457294388;1,058551824
21.05.25;00:00:00;102,8;276,8938494;0,276893849;0,640957984
21.05.25;01:00:00;97,73;276,8938494;0,276893849;0,640957984
21.05.25;02:00:00;94,21;276,8938494;0,276893849;0,640957984
21.05.25;03:00:00;93,59;276,8938494;0,276893849;0,640957984
21.05.25;04:00:00;102,68;276,8938494;0,276893849;0,640957984
21.05.25;05:00:00;117,11;457,2943877;0,457294388;1,058551824
21.05.25;06:00:00;118,9;457,2943877;0,457294388;1,058551824
21.05.25;07:00:00;105,06;457,2943877;0,457294388;1,058551824
21.05.25;08:00:00;81,6;0;0;0
21.05.25;09:00:00;40,91;0;0;0
21.05.25;10:00:00;1,79;0;0;0
21.05.25;11:00:00;-1,34;0;0;0
21.05.25;12:00:00;-5,99;0;0;0
21.05.25;13:00:00;-5,8;0;0;0
21.05.25;14:00:00;-2,66;0;0;0
21.05.25;15:00:00;4,88;0;0;0
21.05.25;16:00:00;50,53;0;0;0
21.05.25;17:00:00;84,36;0;0;0
21.05.25;18:00:00;99,94;276,8938494;0,276893849;0,640957984
21.05.25;19:00:00;119,26;457,2943877;0,457294388;1,058551824
21.05.25;20:00:00;113,04;457,2943877;0,457294388;1,058551824
21.05.25;21:00:00;100,2;276,8938494;0,276893849;0,640957984
21.05.25;22:00:00;90;276,8938494;0,276893849;0,640957984
21.05.25;23:00:00;94,93;276,8938494;0,276893849;0,640957984
22.05.25;00:00:00;87,71;276,8938494;0,276893849;0,640957984
22.05.25;01:00:00;83,45;0;0;0
22.05.25;02:00:00;82;0;0;0
22.05.25;03:00:00;85;0;0;0
22.05.25;04:00:00;91,07;276,8938494;0,276893849;0,640957984
22.05.25;05:00:00;109,47;457,2943877;0,457294388;1,058551824
22.05.25;06:00:00;109,33;457,2943877;0,457294388;1,058551824
22.05.25;07:00:00;95,42;276,8938494;0,276893849;0,640957984
22.05.25;08:00:00;60,86;0;0;0
22.05.25;09:00:00;10,73;0;0;0
22.05.25;10:00:00;0,01;0;0;0
22.05.25;11:00:00;-2,36;0;0;0
22.05.25;12:00:00;-10,98;0;0;0
22.05.25;13:00:00;-13,66;0;0;0
22.05.25;14:00:00;-7,12;0;0;0
22.05.25;15:00:00;-1,46;0;0;0
22.05.25;16:00:00;5,04;0;0;0
22.05.25;17:00:00;55,98;0;0;0
22.05.25;18:00:00;98,79;276,8938494;0,276893849;0,640957984
22.05.25;19:00:00;116,36;457,2943877;0,457294388;1,058551824
22.05.25;20:00:00;123;457,2943877;0,457294388;1,058551824
22.05.25;21:00:00;113,11;457,2943877;0,457294388;1,058551824
22.05.25;22:00:00;102,23;276,8938494;0,276893849;0,640957984
22.05.25;23:00:00;100,18;276,8938494;0,276893849;0,640957984
23.05.25;00:00:00;92,91;276,8938494;0,276893849;0,640957984
23.05.25;01:00:00;89,13;276,8938494;0,276893849;0,640957984
23.05.25;02:00:00;88,84;276,8938494;0,276893849;0,640957984
23.05.25;03:00:00;92,35;276,8938494;0,276893849;0,640957984
23.05.25;04:00:00;104,64;457,2943877;0,457294388;1,058551824
23.05.25;05:00:00;123,62;457,2943877;0,457294388;1,058551824
23.05.25;06:00:00;126,78;457,2943877;0,457294388;1,058551824
23.05.25;07:00:00;108,69;457,2943877;0,457294388;1,058551824
23.05.25;08:00:00;82,44;0;0;0
23.05.25;09:00:00;60,23;0;0;0
23.05.25;10:00:00;36,37;0;0;0
23.05.25;11:00:00;13,43;0;0;0
23.05.25;12:00:00;2,14;0;0;0
23.05.25;13:00:00;0,5;0;0;0
23.05.25;14:00:00;1,66;0;0;0
23.05.25;15:00:00;20,9;0;0;0
23.05.25;16:00:00;68,84;0;0;0
23.05.25;17:00:00;94,22;276,8938494;0,276893849;0,640957984
23.05.25;18:00:00;114,12;457,2943877;0,457294388;1,058551824
23.05.25;19:00:00;134,78;457,2943877;0,457294388;1,058551824
23.05.25;20:00:00;140,78;457,2943877;0,457294388;1,058551824
23.05.25;21:00:00;121,31;457,2943877;0,457294388;1,058551824
23.05.25;22:00:00;106,4;457,2943877;0,457294388;1,058551824
23.05.25;23:00:00;104,6;457,2943877;0,457294388;1,058551824
24.05.25;00:00:00;98,52;276,8938494;0,276893849;0,640957984
24.05.25;01:00:00;93,83;276,8938494;0,276893849;0,640957984
24.05.25;02:00:00;90,95;276,8938494;0,276893849;0,640957984
24.05.25;03:00:00;89,92;276,8938494;0,276893849;0,640957984
24.05.25;04:00:00;90,12;276,8938494;0,276893849;0,640957984
24.05.25;05:00:00;90,13;276,8938494;0,276893849;0,640957984
24.05.25;06:00:00;83,99;0;0;0
24.05.25;07:00:00;67,56;0;0;0
24.05.25;08:00:00;21,33;0;0;0
24.05.25;09:00:00;1,97;0;0;0
24.05.25;10:00:00;0,44;0;0;0
24.05.25;11:00:00;0,01;0;0;0
24.05.25;12:00:00;-0,45;0;0;0
24.05.25;13:00:00;-0,76;0;0;0
24.05.25;14:00:00;-0,86;0;0;0
24.05.25;15:00:00;4,54;0;0;0
24.05.25;16:00:00;49,92;0;0;0
24.05.25;17:00:00;87,42;0;0;0
24.05.25;18:00:00;109,31;457,2943877;0,457294388;1,058551824
24.05.25;19:00:00;112,98;457,2943877;0,457294388;1,058551824
24.05.25;20:00:00;107,76;457,2943877;0,457294388;1,058551824
24.05.25;21:00:00;93,58;276,8938494;0,276893849;0,640957984
24.05.25;22:00:00;82,2;0;0;0
24.05.25;23:00:00;48,18;0;0;0
25.05.25;00:00:00;38,68;0;0;0
25.05.25;01:00:00;28,3;0;0;0
25.05.25;02:00:00;15,16;0;0;0
25.05.25;03:00:00;11,77;0;0;0
25.05.25;04:00:00;10,78;0;0;0
25.05.25;05:00:00;6,82;0;0;0
25.05.25;06:00:00;5,51;0;0;0
25.05.25;07:00:00;4,72;0;0;0
25.05.25;08:00:00;1,9;0;0;0
25.05.25;09:00:00;2,33;0;0;0
25.05.25;10:00:00;-0,08;0;0;0
25.05.25;11:00:00;0;0;0;0
25.05.25;12:00:00;-4,55;0;0;0
25.05.25;13:00:00;-8,26;0;0;0
25.05.25;14:00:00;-7,36;0;0;0
25.05.25;15:00:00;-2,52;0;0;0
25.05.25;16:00:00;-1,25;0;0;0
25.05.25;17:00:00;18,49;0;0;0
25.05.25;18:00:00;78,08;0;0;0
25.05.25;19:00:00;90,7;276,8938494;0,276893849;0,640957984
25.05.25;20:00:00;95,61;276,8938494;0,276893849;0,640957984
25.05.25;21:00:00;96,18;276,8938494;0,276893849;0,640957984
25.05.25;22:00:00;87,87;276,8938494;0,276893849;0,640957984
25.05.25;23:00:00;84,99;0;0;0
26.05.25;00:00:00;80,1;0;0;0
26.05.25;01:00:00;73,29;0;0;0
26.05.25;02:00:00;72,87;0;0;0
26.05.25;03:00:00;77,25;0;0;0
26.05.25;04:00:00;87,6;276,8938494;0,276893849;0,640957984
26.05.25;05:00:00;117,7;457,2943877;0,457294388;1,058551824
26.05.25;06:00:00;133,28;457,2943877;0,457294388;1,058551824
26.05.25;07:00:00;114,34;457,2943877;0,457294388;1,058551824
26.05.25;08:00:00;81,96;0;0;0
26.05.25;09:00:00;26,64;0;0;0
26.05.25;10:00:00;5,8;0;0;0
26.05.25;11:00:00;0,79;0;0;0
26.05.25;12:00:00;-0,35;0;0;0
26.05.25;13:00:00;-0,23;0;0;0
26.05.25;14:00:00;-0,01;0;0;0
26.05.25;15:00:00;1,45;0;0;0
26.05.25;16:00:00;28,67;0;0;0
26.05.25;17:00:00;94,29;276,8938494;0,276893849;0,640957984
26.05.25;18:00:00;124,09;457,2943877;0,457294388;1,058551824
26.05.25;19:00:00;166,31;457,2943877;0,457294388;1,058551824
26.05.25;20:00:00;156,5;457,2943877;0,457294388;1,058551824
26.05.25;21:00:00;121,74;457,2943877;0,457294388;1,058551824
26.05.25;22:00:00;101,99;276,8938494;0,276893849;0,640957984
26.05.25;23:00:00;92,26;276,8938494;0,276893849;0,640957984
27.05.25;00:00:00;80,77;0;0;0
27.05.25;01:00:00;68,09;0;0;0
27.05.25;02:00:00;64,84;0;0;0
27.05.25;03:00:00;67,62;0;0;0
27.05.25;04:00:00;66,49;0;0;0
27.05.25;05:00:00;76,33;0;0;0
27.05.25;06:00:00;88,97;276,8938494;0,276893849;0,640957984
27.05.25;07:00:00;80,28;0;0;0
27.05.25;08:00:00;55,08;0;0;0
27.05.25;09:00:00;13,44;0;0;0
27.05.25;10:00:00;8,24;0;0;0
27.05.25;11:00:00;4,05;0;0;0
27.05.25;12:00:00;3,56;0;0;0
27.05.25;13:00:00;2,78;0;0;0
27.05.25;14:00:00;6,8;0;0;0
27.05.25;15:00:00;48,66;0;0;0
27.05.25;16:00:00;81,06;0;0;0
27.05.25;17:00:00;103,75;457,2943877;0,457294388;1,058551824
27.05.25;18:00:00;126,6;457,2943877;0,457294388;1,058551824
27.05.25;19:00:00;139,51;457,2943877;0,457294388;1,058551824
27.05.25;20:00:00;119,06;457,2943877;0,457294388;1,058551824
27.05.25;21:00:00;102,54;276,8938494;0,276893849;0,640957984
27.05.25;22:00:00;84,1;0;0;0
27.05.25;23:00:00;73,92;0;0;0
28.05.25;00:00:00;63,86;0;0;0
28.05.25;01:00:00;59,36;0;0;0
28.05.25;02:00:00;54,73;0;0;0
28.05.25;03:00:00;57,75;0;0;0
28.05.25;04:00:00;63,1;0;0;0
28.05.25;05:00:00;83,68;0;0;0
28.05.25;06:00:00;95,29;276,8938494;0,276893849;0,640957984
28.05.25;07:00:00;96,18;276,8938494;0,276893849;0,640957984
28.05.25;08:00:00;87,36;0;0;0
28.05.25;09:00:00;70,31;0;0;0
28.05.25;10:00:00;61,57;0;0;0
28.05.25;11:00:00;49,32;0;0;0
28.05.25;12:00:00;42,4;0;0;0
28.05.25;13:00:00;34,3;0;0;0
28.05.25;14:00:00;29,48;0;0;0
28.05.25;15:00:00;51,1;0;0;0
28.05.25;16:00:00;66,54;0;0;0
28.05.25;17:00:00;91,04;276,8938494;0,276893849;0,640957984
28.05.25;18:00:00;111,92;457,2943877;0,457294388;1,058551824
28.05.25;19:00:00;135,62;457,2943877;0,457294388;1,058551824
28.05.25;20:00:00;135,2;457,2943877;0,457294388;1,058551824
28.05.25;21:00:00;118,94;457,2943877;0,457294388;1,058551824
28.05.25;22:00:00;102,41;276,8938494;0,276893849;0,640957984
28.05.25;23:00:00;98,11;276,8938494;0,276893849;0,640957984
29.05.25;00:00:00;93,09;276,8938494;0,276893849;0,640957984
29.05.25;01:00:00;92,24;276,8938494;0,276893849;0,640957984
29.05.25;02:00:00;90,4;276,8938494;0,276893849;0,640957984
29.05.25;03:00:00;90,92;276,8938494;0,276893849;0,640957984
29.05.25;04:00:00;91,86;276,8938494;0,276893849;0,640957984
29.05.25;05:00:00;89,78;276,8938494;0,276893849;0,640957984
29.05.25;06:00:00;85,3;0;0;0
29.05.25;07:00:00;78,92;0;0;0
29.05.25;08:00:00;52,28;0;0;0
29.05.25;09:00:00;13,15;0;0;0
29.05.25;10:00:00;0,83;0;0;0
29.05.25;11:00:00;-0,53;0;0;0
29.05.25;12:00:00;-1,58;0;0;0
29.05.25;13:00:00;-1,85;0;0;0
29.05.25;14:00:00;-1,53;0;0;0
29.05.25;15:00:00;-0,41;0;0;0
29.05.25;16:00:00;29,89;0;0;0
29.05.25;17:00:00;69,21;0;0;0
29.05.25;18:00:00;85,78;0;0;0
29.05.25;19:00:00;84,79;0;0;0
29.05.25;20:00:00;84,33;0;0;0
29.05.25;21:00:00;80,26;0;0;0
29.05.25;22:00:00;62,98;0;0;0
29.05.25;23:00:00;49,95;0;0;0
30.05.25;00:00:00;35,4;0;0;0
30.05.25;01:00:00;39,95;0;0;0
30.05.25;02:00:00;38,99;0;0;0
30.05.25;03:00:00;41,6;0;0;0
30.05.25;04:00:00;55,97;0;0;0
30.05.25;05:00:00;64,86;0;0;0
30.05.25;06:00:00;69,36;0;0;0
30.05.25;07:00:00;50,85;0;0;0
30.05.25;08:00:00;21,68;0;0;0
30.05.25;09:00:00;1;0;0;0
30.05.25;10:00:00;-0,24;0;0;0
30.05.25;11:00:00;-2,8;0;0;0
30.05.25;12:00:00;-5,87;0;0;0
30.05.25;13:00:00;-8,25;0;0;0
30.05.25;14:00:00;-4,56;0;0;0
30.05.25;15:00:00;-2,5;0;0;0
30.05.25;16:00:00;6,67;0;0;0
30.05.25;17:00:00;68,2;0;0;0
30.05.25;18:00:00;111,93;457,2943877;0,457294388;1,058551824
30.05.25;19:00:00;131,15;457,2943877;0,457294388;1,058551824
30.05.25;20:00:00;137,82;457,2943877;0,457294388;1,058551824
30.05.25;21:00:00;128,1;457,2943877;0,457294388;1,058551824
30.05.25;22:00:00;109,08;457,2943877;0,457294388;1,058551824
30.05.25;23:00:00;106,5;457,2943877;0,457294388;1,058551824
31.05.25;00:00:00;101,54;276,8938494;0,276893849;0,640957984
31.05.25;01:00:00;101,38;276,8938494;0,276893849;0,640957984
31.05.25;02:00:00;100,82;276,8938494;0,276893849;0,640957984
31.05.25;03:00:00;100,09;276,8938494;0,276893849;0,640957984
31.05.25;04:00:00;99,28;276,8938494;0,276893849;0,640957984
31.05.25;05:00:00;96,17;276,8938494;0,276893849;0,640957984
31.05.25;06:00:00;90,2;276,8938494;0,276893849;0,640957984
31.05.25;07:00:00;61,4;0;0;0
31.05.25;08:00:00;7,5;0;0;0
31.05.25;09:00:00;0,95;0;0;0
31.05.25;10:00:00;-0,95;0;0;0
31.05.25;11:00:00;-5,23;0;0;0
31.05.25;12:00:00;-12,44;0;0;0
31.05.25;13:00:00;-9,67;0;0;0
31.05.25;14:00:00;-2,93;0;0;0
31.05.25;15:00:00;-0,71;0;0;0
31.05.25;16:00:00;45,24;0;0;0
31.05.25;17:00:00;94,84;276,8938494;0,276893849;0,640957984
31.05.25;18:00:00;127,85;457,2943877;0,457294388;1,058551824
31.05.25;19:00:00;179,71;457,2943877;0,457294388;1,058551824
31.05.25;20:00:00;177,97;457,2943877;0,457294388;1,058551824
31.05.25;21:00:00;130,17;457,2943877;0,457294388;1,058551824
31.05.25;22:00:00;105,55;457,2943877;0,457294388;1,058551824
31.05.25;23:00:00;91,68;276,8938494;0,276893849;0,640957984
01.06.25;00:00:00;86,5;0;0;0
01.06.25;01:00:00;78,89;0;0;0
01.06.25;02:00:00;75,73;0;0;0
01.06.25;03:00:00;73,89;0;0;0
01.06.25;04:00:00;66,07;0;0;0
01.06.25;05:00:00;51,88;0;0;0
01.06.25;06:00:00;36,08;0;0;0
01.06.25;07:00:00;18,71;0;0;0
01.06.25;08:00:00;10,6;0;0;0
01.06.25;09:00:00;3,62;0;0;0
01.06.25;10:00:00;-2,54;0;0;0
01.06.25;11:00:00;-9,78;0;0;0
01.06.25;12:00:00;-16,31;0;0;0
01.06.25;13:00:00;-22,32;0;0;0
01.06.25;14:00:00;-17,94;0;0;0
01.06.25;15:00:00;-10,37;0;0;0
01.06.25;16:00:00;-3,23;0;0;0
01.06.25;17:00:00;28,49;0;0;0
01.06.25;18:00:00;77,05;0;0;0
01.06.25;19:00:00;94,41;276,8938494;0,276893849;0,640957984
01.06.25;20:00:00;100,88;276,8938494;0,276893849;0,640957984
01.06.25;21:00:00;99,17;276,8938494;0,276893849;0,640957984
01.06.25;22:00:00;88,26;276,8938494;0,276893849;0,640957984
01.06.25;23:00:00;82,99;0;0;0
02.06.25;00:00:00;76,53;0;0;0
02.06.25;01:00:00;78,28;0;0;0
02.06.25;02:00:00;79,78;0;0;0
02.06.25;03:00:00;83,02;0;0;0
02.06.25;04:00:00;88,2;276,8938494;0,276893849;0,640957984
02.06.25;05:00:00;111,14;457,2943877;0,457294388;1,058551824
02.06.25;06:00:00;125,61;457,2943877;0,457294388;1,058551824
02.06.25;07:00:00;108,18;457,2943877;0,457294388;1,058551824
02.06.25;08:00:00;86,14;0;0;0
02.06.25;09:00:00;62,09;0;0;0
02.06.25;10:00:00;43,26;0;0;0
02.06.25;11:00:00;28;0;0;0
02.06.25;12:00:00;17,72;0;0;0
02.06.25;13:00:00;12,3;0;0;0
02.06.25;14:00:00;21,8;0;0;0
02.06.25;15:00:00;53,66;0;0;0
02.06.25;16:00:00;77,33;0;0;0
02.06.25;17:00:00;98,12;276,8938494;0,276893849;0,640957984
02.06.25;18:00:00;127,89;457,2943877;0,457294388;1,058551824
02.06.25;19:00:00;190,18;457,2943877;0,457294388;1,058551824
02.06.25;20:00:00;205,23;457,2943877;0,457294388;1,058551824
02.06.25;21:00:00;133,78;457,2943877;0,457294388;1,058551824
02.06.25;22:00:00;109,2;457,2943877;0,457294388;1,058551824
02.06.25;23:00:00;109,95;457,2943877;0,457294388;1,058551824
03.06.25;00:00:00;105,88;457,2943877;0,457294388;1,058551824
03.06.25;01:00:00;99,48;276,8938494;0,276893849;0,640957984
03.06.25;02:00:00;96,61;276,8938494;0,276893849;0,640957984
03.06.25;03:00:00;95,76;276,8938494;0,276893849;0,640957984
03.06.25;04:00:00;107,25;457,2943877;0,457294388;1,058551824
03.06.25;05:00:00;126,89;457,2943877;0,457294388;1,058551824
03.06.25;06:00:00;113,93;457,2943877;0,457294388;1,058551824
03.06.25;07:00:00;91,24;276,8938494;0,276893849;0,640957984
03.06.25;08:00:00;62,98;0;0;0
03.06.25;09:00:00;11,5;0;0;0
03.06.25;10:00:00;1,25;0;0;0
03.06.25;11:00:00;0,44;0;0;0
03.06.25;12:00:00;-2,21;0;0;0
03.06.25;13:00:00;-1,87;0;0;0
03.06.25;14:00:00;1,29;0;0;0
03.06.25;15:00:00;6,42;0;0;0
03.06.25;16:00:00;66,6;0;0;0
03.06.25;17:00:00;91,92;276,8938494;0,276893849;0,640957984
03.06.25;18:00:00;111;457,2943877;0,457294388;1,058551824
03.06.25;19:00:00;141,2;457,2943877;0,457294388;1,058551824
03.06.25;20:00:00;124,01;457,2943877;0,457294388;1,058551824
03.06.25;21:00:00;105,69;457,2943877;0,457294388;1,058551824
03.06.25;22:00:00;93,78;276,8938494;0,276893849;0,640957984
03.06.25;23:00:00;79,98;0;0;0
04.06.25;00:00:00;74,36;0;0;0
04.06.25;01:00:00;68,68;0;0;0
04.06.25;02:00:00;71,02;0;0;0
04.06.25;03:00:00;72,52;0;0;0
04.06.25;04:00:00;84,19;0;0;0
04.06.25;05:00:00;99,91;276,8938494;0,276893849;0,640957984
04.06.25;06:00:00;112,58;457,2943877;0,457294388;1,058551824
04.06.25;07:00:00;103,8;457,2943877;0,457294388;1,058551824
04.06.25;08:00:00;78,49;0;0;0
04.06.25;09:00:00;64,58;0;0;0
04.06.25;10:00:00;39,28;0;0;0
04.06.25;11:00:00;20,57;0;0;0
04.06.25;12:00:00;17,31;0;0;0
04.06.25;13:00:00;24,12;0;0;0
04.06.25;14:00:00;47,03;0;0;0
04.06.25;15:00:00;71,02;0;0;0
04.06.25;16:00:00;88,51;276,8938494;0,276893849;0,640957984
04.06.25;17:00:00;105;457,2943877;0,457294388;1,058551824
04.06.25;18:00:00;138,25;457,2943877;0,457294388;1,058551824
04.06.25;19:00:00;183,34;457,2943877;0,457294388;1,058551824
04.06.25;20:00:00;150,38;457,2943877;0,457294388;1,058551824
04.06.25;21:00:00;117,99;457,2943877;0,457294388;1,058551824
04.06.25;22:00:00;101,01;276,8938494;0,276893849;0,640957984
04.06.25;23:00:00;95,97;276,8938494;0,276893849;0,640957984
05.06.25;00:00:00;91,5;276,8938494;0,276893849;0,640957984
05.06.25;01:00:00;87,78;276,8938494;0,276893849;0,640957984
05.06.25;02:00:00;86,64;0;0;0
05.06.25;03:00:00;86,87;0;0;0
05.06.25;04:00:00;90,4;276,8938494;0,276893849;0,640957984
05.06.25;05:00:00;114,8;457,2943877;0,457294388;1,058551824
05.06.25;06:00:00;129,9;457,2943877;0,457294388;1,058551824
05.06.25;07:00:00;117,94;457,2943877;0,457294388;1,058551824
05.06.25;08:00:00;84,55;0;0;0
05.06.25;09:00:00;61,48;0;0;0
05.06.25;10:00:00;43,37;0;0;0
05.06.25;11:00:00;17,88;0;0;0
05.06.25;12:00:00;10,59;0;0;0
05.06.25;13:00:00;9,59;0;0;0
05.06.25;14:00:00;21,3;0;0;0
05.06.25;15:00:00;51,08;0;0;0
05.06.25;16:00:00;78,11;0;0;0
05.06.25;17:00:00;99,18;276,8938494;0,276893849;0,640957984
05.06.25;18:00:00;113,85;457,2943877;0,457294388;1,058551824
05.06.25;19:00:00;133,15;457,2943877;0,457294388;1,058551824
05.06.25;20:00:00;112,05;457,2943877;0,457294388;1,058551824
05.06.25;21:00:00;95,58;276,8938494;0,276893849;0,640957984
05.06.25;22:00:00;80,47;0;0;0
05.06.25;23:00:00;76,15;0;0;0
06.06.25;00:00:00;65,81;0;0;0
06.06.25;01:00:00;60,98;0;0;0
06.06.25;02:00:00;54,24;0;0;0
06.06.25;03:00:00;51,64;0;0;0
06.06.25;04:00:00;59,3;0;0;0
06.06.25;05:00:00;67,59;0;0;0
06.06.25;06:00:00;73,88;0;0;0
06.06.25;07:00:00;58,35;0;0;0
06.06.25;08:00:00;12,67;0;0;0
06.06.25;09:00:00;0,81;0;0;0
06.06.25;10:00:00;-0,59;0;0;0
06.06.25;11:00:00;-3,04;0;0;0
06.06.25;12:00:00;-6,52;0;0;0
06.06.25;13:00:00;-10,19;0;0;0
06.06.25;14:00:00;-6,55;0;0;0
06.06.25;15:00:00;-1,99;0;0;0
06.06.25;16:00:00;1,08;0;0;0
06.06.25;17:00:00;57,63;0;0;0
06.06.25;18:00:00;92,59;276,8938494;0,276893849;0,640957984
06.06.25;19:00:00;120,1;457,2943877;0,457294388;1,058551824
06.06.25;20:00:00;128,66;457,2943877;0,457294388;1,058551824
06.06.25;21:00:00;119,47;457,2943877;0,457294388;1,058551824
06.06.25;22:00:00;101,27;276,8938494;0,276893849;0,640957984
06.06.25;23:00:00;90,65;276,8938494;0,276893849;0,640957984
07.06.25;00:00:00;85,14;0;0;0
07.06.25;01:00:00;80,69;0;0;0
07.06.25;02:00:00;81,66;0;0;0
07.06.25;03:00:00;83,63;0;0;0
07.06.25;04:00:00;87,92;276,8938494;0,276893849;0,640957984
07.06.25;05:00:00;86,14;0;0;0
07.06.25;06:00:00;85,67;0;0;0
07.06.25;07:00:00;78,48;0;0;0
07.06.25;08:00:00;59,28;0;0;0
07.06.25;09:00:00;29,41;0;0;0
07.06.25;10:00:00;8,57;0;0;0
07.06.25;11:00:00;3,18;0;0;0
07.06.25;12:00:00;-0,77;0;0;0
07.06.25;13:00:00;-1,45;0;0;0
07.06.25;14:00:00;-1,81;0;0;0
07.06.25;15:00:00;-1,45;0;0;0
07.06.25;16:00:00;22,74;0;0;0
07.06.25;17:00:00;66,19;0;0;0
07.06.25;18:00:00;87,4;0;0;0
07.06.25;19:00:00;107,05;457,2943877;0,457294388;1,058551824
07.06.25;20:00:00;108,27;457,2943877;0,457294388;1,058551824
07.06.25;21:00:00;94,95;276,8938494;0,276893849;0,640957984
07.06.25;22:00:00;80,45;0;0;0
07.06.25;23:00:00;84,38;0;0;0
08.06.25;00:00:00;71,4;0;0;0
08.06.25;01:00:00;60,56;0;0;0
08.06.25;02:00:00;48,77;0;0;0
08.06.25;03:00:00;41,96;0;0;0
08.06.25;04:00:00;34,48;0;0;0
08.06.25;05:00:00;20,16;0;0;0
08.06.25;06:00:00;1,81;0;0;0
08.06.25;07:00:00;-0,5;0;0;0
08.06.25;08:00:00;-2,77;0;0;0
08.06.25;09:00:00;-7,29;0;0;0
08.06.25;10:00:00;-16,29;0;0;0
08.06.25;11:00:00;-44,27;0;0;0
08.06.25;12:00:00;-59,04;0;0;0
08.06.25;13:00:00;-65,77;0;0;0
08.06.25;14:00:00;-61,77;0;0;0
08.06.25;15:00:00;-45,9;0;0;0
08.06.25;16:00:00;-18,25;0;0;0
08.06.25;17:00:00;-1,41;0;0;0
08.06.25;18:00:00;23,83;0;0;0
08.06.25;19:00:00;44,17;0;0;0
08.06.25;20:00:00;58,04;0;0;0
08.06.25;21:00:00;62,9;0;0;0
08.06.25;22:00:00;51,26;0;0;0
08.06.25;23:00:00;20,95;0;0;0
09.06.25;00:00:00;19,12;0;0;0
09.06.25;01:00:00;9,95;0;0;0
09.06.25;02:00:00;13,59;0;0;0
09.06.25;03:00:00;20,61;0;0;0
09.06.25;04:00:00;29,45;0;0;0
09.06.25;05:00:00;37,61;0;0;0
09.06.25;06:00:00;37,13;0;0;0
09.06.25;07:00:00;13,95;0;0;0
09.06.25;08:00:00;1,54;0;0;0
09.06.25;09:00:00;-5,09;0;0;0
09.06.25;10:00:00;-9,23;0;0;0
09.06.25;11:00:00;-20,3;0;0;0
09.06.25;12:00:00;-32,1;0;0;0
09.06.25;13:00:00;-30,19;0;0;0
09.06.25;14:00:00;-17,11;0;0;0
09.06.25;15:00:00;-8,16;0;0;0
09.06.25;16:00:00;4,1;0;0;0
09.06.25;17:00:00;52,02;0;0;0
09.06.25;18:00:00;101,29;276,8938494;0,276893849;0,640957984
09.06.25;19:00:00;119,25;457,2943877;0,457294388;1,058551824
09.06.25;20:00:00;128,61;457,2943877;0,457294388;1,058551824
09.06.25;21:00:00;115,84;457,2943877;0,457294388;1,058551824
09.06.25;22:00:00;95,87;276,8938494;0,276893849;0,640957984
09.06.25;23:00:00;90,32;276,8938494;0,276893849;0,640957984
10.06.25;00:00:00;81,51;0;0;0
10.06.25;01:00:00;74,73;0;0;0
10.06.25;02:00:00;69,93;0;0;0
10.06.25;03:00:00;66,94;0;0;0
10.06.25;04:00:00;76,09;0;0;0
10.06.25;05:00:00;100,43;276,8938494;0,276893849;0,640957984
10.06.25;06:00:00;104,13;457,2943877;0,457294388;1,058551824
10.06.25;07:00:00;85,27;0;0;0
10.06.25;08:00:00;69,5;0;0;0
10.06.25;09:00:00;20,61;0;0;0
10.06.25;10:00:00;7,25;0;0;0
10.06.25;11:00:00;2,82;0;0;0
10.06.25;12:00:00;-0,68;0;0;0
10.06.25;13:00:00;1,5;0;0;0
10.06.25;14:00:00;1,41;0;0;0
10.06.25;15:00:00;11,5;0;0;0
10.06.25;16:00:00;57,91;0;0;0
10.06.25;17:00:00;79,14;0;0;0
10.06.25;18:00:00;98,29;276,8938494;0,276893849;0,640957984
10.06.25;19:00:00;112,61;457,2943877;0,457294388;1,058551824
10.06.25;20:00:00;113,45;457,2943877;0,457294388;1,058551824
10.06.25;21:00:00;110,32;457,2943877;0,457294388;1,058551824
10.06.25;22:00:00;98,16;276,8938494;0,276893849;0,640957984
10.06.25;23:00:00;69,59;0;0;0
11.06.25;00:00:00;69,87;0;0;0
11.06.25;01:00:00;67,78;0;0;0
11.06.25;02:00:00;68,98;0;0;0
11.06.25;03:00:00;72,78;0;0;0
11.06.25;04:00:00;81,79;0;0;0
11.06.25;05:00:00;101,07;276,8938494;0,276893849;0,640957984
11.06.25;06:00:00;107;457,2943877;0,457294388;1,058551824
11.06.25;07:00:00;88,49;276,8938494;0,276893849;0,640957984
11.06.25;08:00:00;68,25;0;0;0
11.06.25;09:00:00;25,83;0;0;0
11.06.25;10:00:00;5,5;0;0;0
11.06.25;11:00:00;-0,16;0;0;0
11.06.25;12:00:00;-1,74;0;0;0
11.06.25;13:00:00;-3,54;0;0;0
11.06.25;14:00:00;-1,87;0;0;0
11.06.25;15:00:00;3,66;0;0;0
11.06.25;16:00:00;64,86;0;0;0
11.06.25;17:00:00;93,27;276,8938494;0,276893849;0,640957984
11.06.25;18:00:00;128,68;457,2943877;0,457294388;1,058551824
11.06.25;19:00:00;200,52;457,2943877;0,457294388;1,058551824
11.06.25;20:00:00;171,8;457,2943877;0,457294388;1,058551824
11.06.25;21:00:00;119,81;457,2943877;0,457294388;1,058551824
11.06.25;22:00:00;100,48;276,8938494;0,276893849;0,640957984
11.06.25;23:00:00;96,22;276,8938494;0,276893849;0,640957984
12.06.25;00:00:00;90,1;276,8938494;0,276893849;0,640957984
12.06.25;01:00:00;87,52;0;0;0
12.06.25;02:00:00;86,22;0;0;0
12.06.25;03:00:00;89,28;276,8938494;0,276893849;0,640957984
12.06.25;04:00:00;96;276,8938494;0,276893849;0,640957984
12.06.25;05:00:00;114,48;457,2943877;0,457294388;1,058551824
12.06.25;06:00:00;106,21;457,2943877;0,457294388;1,058551824
12.06.25;07:00:00;83,98;0;0;0
12.06.25;08:00:00;43,74;0;0;0
12.06.25;09:00:00;4,35;0;0;0
12.06.25;10:00:00;-1,5;0;0;0
12.06.25;11:00:00;-11,06;0;0;0
12.06.25;12:00:00;-22,63;0;0;0
12.06.25;13:00:00;-21,56;0;0;0
12.06.25;14:00:00;-8,96;0;0;0
12.06.25;15:00:00;2,22;0;0;0
12.06.25;16:00:00;22,56;0;0;0
12.06.25;17:00:00;76,94;0;0;0
12.06.25;18:00:00;108,4;457,2943877;0,457294388;1,058551824
12.06.25;19:00:00;128;457,2943877;0,457294388;1,058551824
12.06.25;20:00:00;112,49;457,2943877;0,457294388;1,058551824
12.06.25;21:00:00;104,01;457,2943877;0,457294388;1,058551824
12.06.25;22:00:00;88,62;276,8938494;0,276893849;0,640957984
12.06.25;23:00:00;73,53;0;0;0
13.06.25;00:00:00;60,2;0;0;0
13.06.25;01:00:00;61,09;0;0;0
13.06.25;02:00:00;62,84;0;0;0
13.06.25;03:00:00;64,88;0;0;0
13.06.25;04:00:00;71,61;0;0;0
13.06.25;05:00:00;85,18;0;0;0
13.06.25;06:00:00;87,48;0;0;0
13.06.25;07:00:00;72,69;0;0;0
13.06.25;08:00:00;39,91;0;0;0
13.06.25;09:00:00;5,38;0;0;0
13.06.25;10:00:00;-1,31;0;0;0
13.06.25;11:00:00;-3,69;0;0;0
13.06.25;12:00:00;-7,5;0;0;0
13.06.25;13:00:00;-6,8;0;0;0
13.06.25;14:00:00;-3,44;0;0;0
13.06.25;15:00:00;2,29;0;0;0
13.06.25;16:00:00;37,41;0;0;0
13.06.25;17:00:00;80,62;0;0;0
13.06.25;18:00:00;105,23;457,2943877;0,457294388;1,058551824
13.06.25;19:00:00;111,65;457,2943877;0,457294388;1,058551824
13.06.25;20:00:00;98,39;276,8938494;0,276893849;0,640957984
13.06.25;21:00:00;89,77;276,8938494;0,276893849;0,640957984
13.06.25;22:00:00;74,85;0;0;0
13.06.25;23:00:00;69,41;0;0;0
14.06.25;00:00:00;64,52;0;0;0
14.06.25;01:00:00;61,24;0;0;0
14.06.25;02:00:00;60,15;0;0;0
14.06.25;03:00:00;59,98;0;0;0
14.06.25;04:00:00;57,38;0;0;0
14.06.25;05:00:00;47,29;0;0;0
14.06.25;06:00:00;23,91;0;0;0
14.06.25;07:00:00;8,65;0;0;0
14.06.25;08:00:00;-0,41;0;0;0
14.06.25;09:00:00;-2,06;0;0;0
14.06.25;10:00:00;-7,53;0;0;0
14.06.25;11:00:00;-26,31;0;0;0
14.06.25;12:00:00;-27,22;0;0;0
14.06.25;13:00:00;-19,1;0;0;0
14.06.25;14:00:00;-6,16;0;0;0
14.06.25;15:00:00;0,05;0;0;0
14.06.25;16:00:00;18,04;0;0;0
14.06.25;17:00:00;80,61;0;0;0
14.06.25;18:00:00;110,88;457,2943877;0,457294388;1,058551824
14.06.25;19:00:00;125,66;457,2943877;0,457294388;1,058551824
14.06.25;20:00:00;115,29;457,2943877;0,457294388;1,058551824
14.06.25;21:00:00;114,25;457,2943877;0,457294388;1,058551824
14.06.25;22:00:00;102,71;276,8938494;0,276893849;0,640957984
14.06.25;23:00:00;89,17;276,8938494;0,276893849;0,640957984
15.06.25;00:00:00;84,86;0;0;0
15.06.25;01:00:00;84,12;0;0;0
15.06.25;02:00:00;85,88;0;0;0
15.06.25;03:00:00;86,98;0;0;0
15.06.25;04:00:00;85,02;0;0;0
15.06.25;05:00:00;79,47;0;0;0
15.06.25;06:00:00;65,38;0;0;0
15.06.25;07:00:00;49,33;0;0;0
15.06.25;08:00:00;14,62;0;0;0
15.06.25;09:00:00;3,98;0;0;0
15.06.25;10:00:00;0,95;0;0;0
15.06.25;11:00:00;-0,11;0;0;0
15.06.25;12:00:00;-2,8;0;0;0
15.06.25;13:00:00;-2,57;0;0;0
15.06.25;14:00:00;0,35;0;0;0
15.06.25;15:00:00;5,85;0;0;0
15.06.25;16:00:00;53,34;0;0;0
15.06.25;17:00:00;94,34;276,8938494;0,276893849;0,640957984
15.06.25;18:00:00;109,75;457,2943877;0,457294388;1,058551824
15.06.25;19:00:00;122,4;457,2943877;0,457294388;1,058551824
15.06.25;20:00:00;130,81;457,2943877;0,457294388;1,058551824
15.06.25;21:00:00;119,81;457,2943877;0,457294388;1,058551824
15.06.25;22:00:00;102,05;276,8938494;0,276893849;0,640957984
15.06.25;23:00:00;96,4;276,8938494;0,276893849;0,640957984
16.06.25;00:00:00;86,46;0;0;0
16.06.25;01:00:00;82,68;0;0;0
16.06.25;02:00:00;81,78;0;0;0
16.06.25;03:00:00;81,64;0;0;0
16.06.25;04:00:00;87,35;0;0;0
16.06.25;05:00:00;118,39;457,2943877;0,457294388;1,058551824
16.06.25;06:00:00;127,22;457,2943877;0,457294388;1,058551824
16.06.25;07:00:00;106,46;457,2943877;0,457294388;1,058551824
16.06.25;08:00:00;84,54;0;0;0
16.06.25;09:00:00;61,01;0;0;0
16.06.25;10:00:00;35,86;0;0;0
16.06.25;11:00:00;7,78;0;0;0
16.06.25;12:00:00;5,38;0;0;0
16.06.25;13:00:00;5,6;0;0;0
16.06.25;14:00:00;5,05;0;0;0
16.06.25;15:00:00;20,24;0;0;0
16.06.25;16:00:00;69,9;0;0;0
16.06.25;17:00:00;94,65;276,8938494;0,276893849;0,640957984
16.06.25;18:00:00;120,65;457,2943877;0,457294388;1,058551824
16.06.25;19:00:00;176,55;457,2943877;0,457294388;1,058551824
16.06.25;20:00:00;170,78;457,2943877;0,457294388;1,058551824
16.06.25;21:00:00;128,79;457,2943877;0,457294388;1,058551824
16.06.25;22:00:00;105,28;457,2943877;0,457294388;1,058551824
16.06.25;23:00:00;107,14;457,2943877;0,457294388;1,058551824
17.06.25;00:00:00;101,63;276,8938494;0,276893849;0,640957984
17.06.25;01:00:00;97,24;276,8938494;0,276893849;0,640957984
17.06.25;02:00:00;97,17;276,8938494;0,276893849;0,640957984
17.06.25;03:00:00;98,26;276,8938494;0,276893849;0,640957984
17.06.25;04:00:00;106,66;457,2943877;0,457294388;1,058551824
17.06.25;05:00:00;124,48;457,2943877;0,457294388;1,058551824
17.06.25;06:00:00;115,25;457,2943877;0,457294388;1,058551824
17.06.25;07:00:00;99,51;276,8938494;0,276893849;0,640957984
17.06.25;08:00:00;75,1;0;0;0
17.06.25;09:00:00;22,47;0;0;0
17.06.25;10:00:00;2,24;0;0;0
17.06.25;11:00:00;-0,15;0;0;0
17.06.25;12:00:00;-2,39;0;0;0
17.06.25;13:00:00;-3,55;0;0;0
17.06.25;14:00:00;-0,99;0;0;0
17.06.25;15:00:00;18,28;0;0;0
17.06.25;16:00:00;77,22;0;0;0
17.06.25;17:00:00;103,76;457,2943877;0,457294388;1,058551824
17.06.25;18:00:00;131,51;457,2943877;0,457294388;1,058551824
17.06.25;19:00:00;234,23;457,2943877;0,457294388;1,058551824
17.06.25;20:00:00;234,65;457,2943877;0,457294388;1,058551824
17.06.25;21:00:00;145,34;457,2943877;0,457294388;1,058551824
17.06.25;22:00:00;124,32;457,2943877;0,457294388;1,058551824
17.06.25;23:00:00;112;457,2943877;0,457294388;1,058551824
18.06.25;00:00:00;107,4;457,2943877;0,457294388;1,058551824
18.06.25;01:00:00;102,25;276,8938494;0,276893849;0,640957984
18.06.25;02:00:00;97,94;276,8938494;0,276893849;0,640957984
18.06.25;03:00:00;98,52;276,8938494;0,276893849;0,640957984
18.06.25;04:00:00;105,5;457,2943877;0,457294388;1,058551824
18.06.25;05:00:00;113,67;457,2943877;0,457294388;1,058551824
18.06.25;06:00:00;114,62;457,2943877;0,457294388;1,058551824
18.06.25;07:00:00;106,45;457,2943877;0,457294388;1,058551824
18.06.25;08:00:00;79,14;0;0;0
18.06.25;09:00:00;24,04;0;0;0
18.06.25;10:00:00;2,93;0;0;0
18.06.25;11:00:00;-0,85;0;0;0
18.06.25;12:00:00;-2,56;0;0;0
18.06.25;13:00:00;-3,7;0;0;0
18.06.25;14:00:00;-2,28;0;0;0
18.06.25;15:00:00;2,34;0;0;0
18.06.25;16:00:00;69,21;0;0;0
18.06.25;17:00:00;97,68;276,8938494;0,276893849;0,640957984
18.06.25;18:00:00;114,54;457,2943877;0,457294388;1,058551824
18.06.25;19:00:00;147,11;457,2943877;0,457294388;1,058551824
18.06.25;20:00:00;163,89;457,2943877;0,457294388;1,058551824
18.06.25;21:00:00;130,89;457,2943877;0,457294388;1,058551824
18.06.25;22:00:00;112,28;457,2943877;0,457294388;1,058551824
18.06.25;23:00:00;113,49;457,2943877;0,457294388;1,058551824
19.06.25;00:00:00;107,24;457,2943877;0,457294388;1,058551824
19.06.25;01:00:00;105,2;457,2943877;0,457294388;1,058551824
19.06.25;02:00:00;99,75;276,8938494;0,276893849;0,640957984
19.06.25;03:00:00;99,21;276,8938494;0,276893849;0,640957984
19.06.25;04:00:00;96,56;276,8938494;0,276893849;0,640957984
19.06.25;05:00:00;95,12;276,8938494;0,276893849;0,640957984
19.06.25;06:00:00;89,98;276,8938494;0,276893849;0,640957984
19.06.25;07:00:00;66,53;0;0;0
19.06.25;08:00:00;3,31;0;0;0
19.06.25;09:00:00;-3,99;0;0;0
19.06.25;10:00:00;-22,3;0;0;0
19.06.25;11:00:00;-49,3;0;0;0
19.06.25;12:00:00;-59,73;0;0;0
19.06.25;13:00:00;-56,48;0;0;0
19.06.25;14:00:00;-30,97;0;0;0
19.06.25;15:00:00;-4,26;0;0;0
19.06.25;16:00:00;6,25;0;0;0
19.06.25;17:00:00;76,23;0;0;0
19.06.25;18:00:00;110,97;457,2943877;0,457294388;1,058551824
19.06.25;19:00:00;140,12;457,2943877;0,457294388;1,058551824
19.06.25;20:00:00;145,68;457,2943877;0,457294388;1,058551824
19.06.25;21:00:00;125,26;457,2943877;0,457294388;1,058551824
19.06.25;22:00:00;109,44;457,2943877;0,457294388;1,058551824
19.06.25;23:00:00;103,6;457,2943877;0,457294388;1,058551824
20.06.25;00:00:00;100,27;276,8938494;0,276893849;0,640957984
20.06.25;01:00:00;99,24;276,8938494;0,276893849;0,640957984
20.06.25;02:00:00;99,71;276,8938494;0,276893849;0,640957984
20.06.25;03:00:00;100,15;276,8938494;0,276893849;0,640957984
20.06.25;04:00:00;104,98;457,2943877;0,457294388;1,058551824
20.06.25;05:00:00;116,99;457,2943877;0,457294388;1,058551824
20.06.25;06:00:00;113,9;457,2943877;0,457294388;1,058551824
20.06.25;07:00:00;102,32;276,8938494;0,276893849;0,640957984
20.06.25;08:00:00;73,78;0;0;0
20.06.25;09:00:00;18,61;0;0;0
20.06.25;10:00:00;1,16;0;0;0
20.06.25;11:00:00;-3,2;0;0;0
20.06.25;12:00:00;-4,6;0;0;0
20.06.25;13:00:00;-3,94;0;0;0
20.06.25;14:00:00;-1,91;0;0;0
20.06.25;15:00:00;20,99;0;0;0
20.06.25;16:00:00;77,39;0;0;0
20.06.25;17:00:00;108,77;457,2943877;0,457294388;1,058551824
20.06.25;18:00:00;141,03;457,2943877;0,457294388;1,058551824
20.06.25;19:00:00;212,38;457,2943877;0,457294388;1,058551824
20.06.25;20:00:00;189,35;457,2943877;0,457294388;1,058551824
20.06.25;21:00:00;141,49;457,2943877;0,457294388;1,058551824
20.06.25;22:00:00;120,46;457,2943877;0,457294388;1,058551824
20.06.25;23:00:00;116,43;457,2943877;0,457294388;1,058551824
21.06.25;00:00:00;109,66;457,2943877;0,457294388;1,058551824
21.06.25;01:00:00;106,19;457,2943877;0,457294388;1,058551824
21.06.25;02:00:00;104,78;457,2943877;0,457294388;1,058551824
21.06.25;03:00:00;105,92;457,2943877;0,457294388;1,058551824
21.06.25;04:00:00;102,93;276,8938494;0,276893849;0,640957984
21.06.25;05:00:00;101,13;276,8938494;0,276893849;0,640957984
21.06.25;06:00:00;89,92;276,8938494;0,276893849;0,640957984
21.06.25;07:00:00;71,96;0;0;0
21.06.25;08:00:00;20,44;0;0;0
21.06.25;09:00:00;-0,45;0;0;0
21.06.25;10:00:00;-1,01;0;0;0
21.06.25;11:00:00;-12,37;0;0;0
21.06.25;12:00:00;-24,12;0;0;0
21.06.25;13:00:00;-22,49;0;0;0
21.06.25;14:00:00;-5,18;0;0;0
21.06.25;15:00:00;-1,32;0;0;0
21.06.25;16:00:00;50,43;0;0;0
21.06.25;17:00:00;99,33;276,8938494;0,276893849;0,640957984
21.06.25;18:00:00;127,34;457,2943877;0,457294388;1,058551824
21.06.25;19:00:00;156,97;457,2943877;0,457294388;1,058551824
21.06.25;20:00:00;161,8;457,2943877;0,457294388;1,058551824
21.06.25;21:00:00;135,71;457,2943877;0,457294388;1,058551824
21.06.25;22:00:00;116,5;457,2943877;0,457294388;1,058551824
21.06.25;23:00:00;108,33;457,2943877;0,457294388;1,058551824
22.06.25;00:00:00;98,86;276,8938494;0,276893849;0,640957984
22.06.25;01:00:00;93,3;276,8938494;0,276893849;0,640957984
22.06.25;02:00:00;88,1;276,8938494;0,276893849;0,640957984
22.06.25;03:00:00;87,04;0;0;0
22.06.25;04:00:00;84,48;0;0;0
22.06.25;05:00:00;67,14;0;0;0
22.06.25;06:00:00;32,23;0;0;0
22.06.25;07:00:00;9,8;0;0;0
22.06.25;08:00:00;1,4;0;0;0
22.06.25;09:00:00;-6,32;0;0;0
22.06.25;10:00:00;-24,8;0;0;0
22.06.25;11:00:00;-60,83;0;0;0
22.06.25;12:00:00;-95,27;0;0;0
22.06.25;13:00:00;-79,2;0;0;0
22.06.25;14:00:00;-33,28;0;0;0
22.06.25;15:00:00;-1,21;0;0;0
22.06.25;16:00:00;4,68;0;0;0
22.06.25;17:00:00;68,18;0;0;0
22.06.25;18:00:00;108,78;457,2943877;0,457294388;1,058551824
22.06.25;19:00:00;122,83;457,2943877;0,457294388;1,058551824
22.06.25;20:00:00;134,29;457,2943877;0,457294388;1,058551824
22.06.25;21:00:00;122,63;457,2943877;0,457294388;1,058551824
22.06.25;22:00:00;104,93;457,2943877;0,457294388;1,058551824
22.06.25;23:00:00;77,3;0;0;0
23.06.25;00:00:00;70,29;0;0;0
23.06.25;01:00:00;67,01;0;0;0
23.06.25;02:00:00;64,77;0;0;0
23.06.25;03:00:00;69,65;0;0;0
23.06.25;04:00:00;79,24;0;0;0
23.06.25;05:00:00;92,36;276,8938494;0,276893849;0,640957984
23.06.25;06:00:00;99,18;276,8938494;0,276893849;0,640957984
23.06.25;07:00:00;85,34;0;0;0
23.06.25;08:00:00;43,02;0;0;0
23.06.25;09:00:00;12,41;0;0;0
23.06.25;10:00:00;-2,47;0;0;0
23.06.25;11:00:00;-6,59;0;0;0
23.06.25;12:00:00;-20,94;0;0;0
23.06.25;13:00:00;-25,5;0;0;0
23.06.25;14:00:00;-25,98;0;0;0
23.06.25;15:00:00;-15,65;0;0;0
23.06.25;16:00:00;-6,55;0;0;0
23.06.25;17:00:00;15,32;0;0;0
23.06.25;18:00:00;38,38;0;0;0
23.06.25;19:00:00;81,16;0;0;0
23.06.25;20:00:00;91,46;276,8938494;0,276893849;0,640957984
23.06.25;21:00:00;94,84;276,8938494;0,276893849;0,640957984
23.06.25;22:00:00;86,81;0;0;0
23.06.25;23:00:00;74,51;0;0;0
24.06.25;00:00:00;63,88;0;0;0
24.06.25;01:00:00;61,4;0;0;0
24.06.25;02:00:00;57,81;0;0;0
24.06.25;03:00:00;60,53;0;0;0
24.06.25;04:00:00;67,09;0;0;0
24.06.25;05:00:00;82,63;0;0;0
24.06.25;06:00:00;83,4;0;0;0
24.06.25;07:00:00;45,89;0;0;0
24.06.25;08:00:00;2,85;0;0;0
24.06.25;09:00:00;-6;0;0;0
24.06.25;10:00:00;-13,92;0;0;0
24.06.25;11:00:00;-22,48;0;0;0
24.06.25;12:00:00;-24,92;0;0;0
24.06.25;13:00:00;-19,88;0;0;0
24.06.25;14:00:00;-9,38;0;0;0
24.06.25;15:00:00;-4,56;0;0;0
24.06.25;16:00:00;2,02;0;0;0
24.06.25;17:00:00;61,16;0;0;0
24.06.25;18:00:00;96,6;276,8938494;0,276893849;0,640957984
24.06.25;19:00:00;123,7;457,2943877;0,457294388;1,058551824
24.06.25;20:00:00;119,82;457,2943877;0,457294388;1,058551824
24.06.25;21:00:00;104,85;457,2943877;0,457294388;1,058551824
24.06.25;22:00:00;97,61;276,8938494;0,276893849;0,640957984
24.06.25;23:00:00;75,98;0;0;0
25.06.25;00:00:00;68,28;0;0;0
25.06.25;01:00:00;66,89;0;0;0
25.06.25;02:00:00;67,08;0;0;0
25.06.25;03:00:00;68,91;0;0;0
25.06.25;04:00:00;81,03;0;0;0
25.06.25;05:00:00;98,46;276,8938494;0,276893849;0,640957984
25.06.25;06:00:00;105,03;457,2943877;0,457294388;1,058551824
25.06.25;07:00:00;92,51;276,8938494;0,276893849;0,640957984
25.06.25;08:00:00;63,37;0;0;0
25.06.25;09:00:00;14,06;0;0;0
25.06.25;10:00:00;-0,48;0;0;0
25.06.25;11:00:00;-1,53;0;0;0
25.06.25;12:00:00;-3,08;0;0;0
25.06.25;13:00:00;-2,55;0;0;0
25.06.25;14:00:00;-1,03;0;0;0
25.06.25;15:00:00;17,67;0;0;0
25.06.25;16:00:00;76,1;0;0;0
25.06.25;17:00:00;105,1;457,2943877;0,457294388;1,058551824
25.06.25;18:00:00;134,96;457,2943877;0,457294388;1,058551824
25.06.25;19:00:00;210,96;457,2943877;0,457294388;1,058551824
25.06.25;20:00:00;247,64;457,2943877;0,457294388;1,058551824
25.06.25;21:00:00;182,66;457,2943877;0,457294388;1,058551824
25.06.25;22:00:00;137,53;457,2943877;0,457294388;1,058551824
25.06.25;23:00:00;122,62;457,2943877;0,457294388;1,058551824
26.06.25;00:00:00;112,78;457,2943877;0,457294388;1,058551824
26.06.25;01:00:00;107,88;457,2943877;0,457294388;1,058551824
26.06.25;02:00:00;104,09;457,2943877;0,457294388;1,058551824
26.06.25;03:00:00;103,7;457,2943877;0,457294388;1,058551824
26.06.25;04:00:00;107,96;457,2943877;0,457294388;1,058551824
26.06.25;05:00:00;124,16;457,2943877;0,457294388;1,058551824
26.06.25;06:00:00;127,48;457,2943877;0,457294388;1,058551824
26.06.25;07:00:00;113,53;457,2943877;0,457294388;1,058551824
26.06.25;08:00:00;98,52;276,8938494;0,276893849;0,640957984
26.06.25;09:00:00;86,57;0;0;0
26.06.25;10:00:00;75,63;0;0;0
26.06.25;11:00:00;66,11;0;0;0
26.06.25;12:00:00;54,3;0;0;0
26.06.25;13:00:00;47,04;0;0;0
26.06.25;14:00:00;49,64;0;0;0
26.06.25;15:00:00;61,08;0;0;0
26.06.25;16:00:00;71,24;0;0;0
26.06.25;17:00:00;89,94;276,8938494;0,276893849;0,640957984
26.06.25;18:00:00;97,27;276,8938494;0,276893849;0,640957984
26.06.25;19:00:00;103,24;276,8938494;0,276893849;0,640957984
26.06.25;20:00:00;103,7;457,2943877;0,457294388;1,058551824
26.06.25;21:00:00;107,32;457,2943877;0,457294388;1,058551824
26.06.25;22:00:00;95,27;276,8938494;0,276893849;0,640957984
26.06.25;23:00:00;84,77;0;0;0
27.06.25;00:00:00;77,56;0;0;0
27.06.25;01:00:00;75,19;0;0;0
27.06.25;02:00:00;76,15;0;0;0
27.06.25;03:00:00;78,19;0;0;0
27.06.25;04:00:00;87;0;0;0
27.06.25;05:00:00;104,03;457,2943877;0,457294388;1,058551824
27.06.25;06:00:00;112,88;457,2943877;0,457294388;1,058551824
27.06.25;07:00:00;106,95;457,2943877;0,457294388;1,058551824
27.06.25;08:00:00;89,58;276,8938494;0,276893849;0,640957984
27.06.25;09:00:00;71,7;0;0;0
27.06.25;10:00:00;58,02;0;0;0
27.06.25;11:00:00;40,86;0;0;0
27.06.25;12:00:00;19,37;0;0;0
27.06.25;13:00:00;5,69;0;0;0
27.06.25;14:00:00;11,2;0;0;0
27.06.25;15:00:00;30,42;0;0;0
27.06.25;16:00:00;62,37;0;0;0
27.06.25;17:00:00;87,86;276,8938494;0,276893849;0,640957984
27.06.25;18:00:00;107,72;457,2943877;0,457294388;1,058551824
27.06.25;19:00:00;127,89;457,2943877;0,457294388;1,058551824
27.06.25;20:00:00;137,01;457,2943877;0,457294388;1,058551824
27.06.25;21:00:00;125,83;457,2943877;0,457294388;1,058551824
27.06.25;22:00:00;108,74;457,2943877;0,457294388;1,058551824
27.06.25;23:00:00;98,64;276,8938494;0,276893849;0,640957984
28.06.25;00:00:00;93,04;276,8938494;0,276893849;0,640957984
28.06.25;01:00:00;84,95;0;0;0
28.06.25;02:00:00;80,5;0;0;0
28.06.25;03:00:00;74,8;0;0;0
28.06.25;04:00:00;75,72;0;0;0
28.06.25;05:00:00;71,85;0;0;0
28.06.25;06:00:00;56,14;0;0;0
28.06.25;07:00:00;30;0;0;0
28.06.25;08:00:00;2,93;0;0;0
28.06.25;09:00:00;0;0;0;0
28.06.25;10:00:00;-0,56;0;0;0
28.06.25;11:00:00;-1,78;0;0;0
28.06.25;12:00:00;-5,42;0;0;0
28.06.25;13:00:00;-5,48;0;0;0
28.06.25;14:00:00;-2,92;0;0;0
28.06.25;15:00:00;-0,85;0;0;0
28.06.25;16:00:00;2,08;0;0;0
28.06.25;17:00:00;56,56;0;0;0
28.06.25;18:00:00;93,21;276,8938494;0,276893849;0,640957984
28.06.25;19:00:00;110,19;457,2943877;0,457294388;1,058551824
28.06.25;20:00:00;121,37;457,2943877;0,457294388;1,058551824
28.06.25;21:00:00;115,97;457,2943877;0,457294388;1,058551824
28.06.25;22:00:00;102,98;276,8938494;0,276893849;0,640957984
28.06.25;23:00:00;94,98;276,8938494;0,276893849;0,640957984
29.06.25;00:00:00;88,87;276,8938494;0,276893849;0,640957984
29.06.25;01:00:00;87,42;0;0;0
29.06.25;02:00:00;85,68;0;0;0
29.06.25;03:00:00;87,7;276,8938494;0,276893849;0,640957984
29.06.25;04:00:00;87,71;276,8938494;0,276893849;0,640957984
29.06.25;05:00:00;84,95;0;0;0
29.06.25;06:00:00;74,5;0;0;0
29.06.25;07:00:00;31,73;0;0;0
29.06.25;08:00:00;1,32;0;0;0
29.06.25;09:00:00;-0,74;0;0;0
29.06.25;10:00:00;-4,84;0;0;0
29.06.25;11:00:00;-10,01;0;0;0
29.06.25;12:00:00;-21,92;0;0;0
29.06.25;13:00:00;-23,6;0;0;0
29.06.25;14:00:00;-15,83;0;0;0
29.06.25;15:00:00;-2,15;0;0;0
29.06.25;16:00:00;2;0;0;0
29.06.25;17:00:00;79,17;0;0;0
29.06.25;18:00:00;106,94;457,2943877;0,457294388;1,058551824
29.06.25;19:00:00;123,26;457,2943877;0,457294388;1,058551824
29.06.25;20:00:00;127,38;457,2943877;0,457294388;1,058551824
29.06.25;21:00:00;123,49;457,2943877;0,457294388;1,058551824
29.06.25;22:00:00;112,4;457,2943877;0,457294388;1,058551824
29.06.25;23:00:00;101,78;276,8938494;0,276893849;0,640957984
30.06.25;00:00:00;94,93;276,8938494;0,276893849;0,640957984
30.06.25;01:00:00;92,21;276,8938494;0,276893849;0,640957984
30.06.25;02:00:00;92,02;276,8938494;0,276893849;0,640957984
30.06.25;03:00:00;93,47;276,8938494;0,276893849;0,640957984
30.06.25;04:00:00;102,54;276,8938494;0,276893849;0,640957984
30.06.25;05:00:00;124,38;457,2943877;0,457294388;1,058551824
30.06.25;06:00:00;122,34;457,2943877;0,457294388;1,058551824
30.06.25;07:00:00;111,52;457,2943877;0,457294388;1,058551824
30.06.25;08:00:00;92,11;276,8938494;0,276893849;0,640957984
30.06.25;09:00:00;71,32;0;0;0
30.06.25;10:00:00;43,48;0;0;0
30.06.25;11:00:00;21,87;0;0;0
30.06.25;12:00:00;13,11;0;0;0
30.06.25;13:00:00;19,62;0;0;0
30.06.25;14:00:00;47,68;0;0;0
30.06.25;15:00:00;76,81;0;0;0
30.06.25;16:00:00;98,14;276,8938494;0,276893849;0,640957984
30.06.25;17:00:00;119,3;457,2943877;0,457294388;1,058551824
30.06.25;18:00:00;167,7;457,2943877;0,457294388;1,058551824
30.06.25;19:00:00;253,61;457,2943877;0,457294388;1,058551824
30.06.25;20:00:00;216,24;457,2943877;0,457294388;1,058551824
30.06.25;21:00:00;152,95;457,2943877;0,457294388;1,058551824
30.06.25;22:00:00;121,77;457,2943877;0,457294388;1,058551824
30.06.25;23:00:00;109,82;457,2943877;0,457294388;1,058551824
01.07.25;00:00:00;95,41;196,1880369;0,196188037;0,454138975
01.07.25;01:00:00;90,5;196,1880369;0,196188037;0,454138975
01.07.25;02:00:00;89,48;196,1880369;0,196188037;0,454138975
01.07.25;03:00:00;90,43;196,1880369;0,196188037;0,454138975
01.07.25;04:00:00;98,73;196,1880369;0,196188037;0,454138975
01.07.25;05:00:00;114,32;324,0075155;0,324007516;0,750017398
01.07.25;06:00:00;121,46;324,0075155;0,324007516;0,750017398
01.07.25;07:00:00;114,56;324,0075155;0,324007516;0,750017398
01.07.25;08:00:00;93,64;196,1880369;0,196188037;0,454138975
01.07.25;09:00:00;79,95;0;0;0
01.07.25;10:00:00;67,33;0;0;0
01.07.25;11:00:00;44,58;0;0;0
01.07.25;12:00:00;38,82;0;0;0
01.07.25;13:00:00;52,85;0;0;0
01.07.25;14:00:00;74,64;0;0;0
01.07.25;15:00:00;88,29;196,1880369;0,196188037;0,454138975
01.07.25;16:00:00;101,48;196,1880369;0,196188037;0,454138975
01.07.25;17:00:00;136,92;324,0075155;0,324007516;0,750017398
01.07.25;18:00:00;252,31;324,0075155;0,324007516;0,750017398
01.07.25;19:00:00;404,91;324,0075155;0,324007516;0,750017398
01.07.25;20:00:00;338;324,0075155;0,324007516;0,750017398
01.07.25;21:00:00;209,52;324,0075155;0,324007516;0,750017398
01.07.25;22:00:00;137,54;324,0075155;0,324007516;0,750017398
01.07.25;23:00:00;115,87;324,0075155;0,324007516;0,750017398
02.07.25;00:00:00;102,2;196,1880369;0,196188037;0,454138975
02.07.25;01:00:00;93,96;196,1880369;0,196188037;0,454138975
02.07.25;02:00:00;93,49;196,1880369;0,196188037;0,454138975
02.07.25;03:00:00;94,36;196,1880369;0,196188037;0,454138975
02.07.25;04:00:00;102,44;196,1880369;0,196188037;0,454138975
02.07.25;05:00:00;119,56;324,0075155;0,324007516;0,750017398
02.07.25;06:00:00;118,35;324,0075155;0,324007516;0,750017398
02.07.25;07:00:00;109,02;324,0075155;0,324007516;0,750017398
02.07.25;08:00:00;94,84;196,1880369;0,196188037;0,454138975
02.07.25;09:00:00;81,28;0;0;0
02.07.25;10:00:00;68,3;0;0;0
02.07.25;11:00:00;34,55;0;0;0
02.07.25;12:00:00;36,28;0;0;0
02.07.25;13:00:00;47,54;0;0;0
02.07.25;14:00:00;69,64;0;0;0
02.07.25;15:00:00;80,07;0;0;0
02.07.25;16:00:00;91,6;196,1880369;0,196188037;0,454138975
02.07.25;17:00:00;114,7;324,0075155;0,324007516;0,750017398
02.07.25;18:00:00;175,66;324,0075155;0,324007516;0,750017398
02.07.25;19:00:00;240,16;324,0075155;0,324007516;0,750017398
02.07.25;20:00:00;184,47;324,0075155;0,324007516;0,750017398
02.07.25;21:00:00;143,56;324,0075155;0,324007516;0,750017398
02.07.25;22:00:00;113,81;324,0075155;0,324007516;0,750017398
02.07.25;23:00:00;88,85;196,1880369;0,196188037;0,454138975
03.07.25;00:00:00;82,22;0;0;0
03.07.25;01:00:00;79,61;0;0;0
03.07.25;02:00:00;76,79;0;0;0
03.07.25;03:00:00;77,86;0;0;0
03.07.25;04:00:00;85,63;0;0;0
03.07.25;05:00:00;99,7;196,1880369;0,196188037;0,454138975
03.07.25;06:00:00;105,89;324,0075155;0,324007516;0,750017398
03.07.25;07:00:00;100,5;196,1880369;0,196188037;0,454138975
03.07.25;08:00:00;86,09;0;0;0
03.07.25;09:00:00;69,69;0;0;0
03.07.25;10:00:00;51,24;0;0;0
03.07.25;11:00:00;36,46;0;0;0
03.07.25;12:00:00;28,85;0;0;0
03.07.25;13:00:00;24,61;0;0;0
03.07.25;14:00:00;36,03;0;0;0
03.07.25;15:00:00;52,27;0;0;0
03.07.25;16:00:00;82,73;0;0;0
03.07.25;17:00:00;100,34;196,1880369;0,196188037;0,454138975
03.07.25;18:00:00;120,14;324,0075155;0,324007516;0,750017398
03.07.25;19:00:00;165,6;324,0075155;0,324007516;0,750017398
03.07.25;20:00:00;173,09;324,0075155;0,324007516;0,750017398
03.07.25;21:00:00;134,64;324,0075155;0,324007516;0,750017398
03.07.25;22:00:00;117,21;324,0075155;0,324007516;0,750017398
03.07.25;23:00:00;110,06;324,0075155;0,324007516;0,750017398
04.07.25;00:00:00;104,94;324,0075155;0,324007516;0,750017398
04.07.25;01:00:00;100,5;196,1880369;0,196188037;0,454138975
04.07.25;02:00:00;98,23;196,1880369;0,196188037;0,454138975
04.07.25;03:00:00;101,27;196,1880369;0,196188037;0,454138975
04.07.25;04:00:00;106,38;324,0075155;0,324007516;0,750017398
04.07.25;05:00:00;124,13;324,0075155;0,324007516;0,750017398
04.07.25;06:00:00;119,32;324,0075155;0,324007516;0,750017398
04.07.25;07:00:00;101,2;196,1880369;0,196188037;0,454138975
04.07.25;08:00:00;90,72;196,1880369;0,196188037;0,454138975
04.07.25;09:00:00;67,64;0;0;0
04.07.25;10:00:00;21,24;0;0;0
04.07.25;11:00:00;7,52;0;0;0
04.07.25;12:00:00;1,68;0;0;0
04.07.25;13:00:00;-0,16;0;0;0
04.07.25;14:00:00;3,52;0;0;0
04.07.25;15:00:00;18,8;0;0;0
04.07.25;16:00:00;65,03;0;0;0
04.07.25;17:00:00;91,04;196,1880369;0,196188037;0,454138975
04.07.25;18:00:00;111,86;324,0075155;0,324007516;0,750017398
04.07.25;19:00:00;143,12;324,0075155;0,324007516;0,750017398
04.07.25;20:00:00;156,69;324,0075155;0,324007516;0,750017398
04.07.25;21:00:00;130,26;324,0075155;0,324007516;0,750017398
04.07.25;22:00:00;108,41;324,0075155;0,324007516;0,750017398
04.07.25;23:00:00;102,33;196,1880369;0,196188037;0,454138975
05.07.25;00:00:00;95,72;196,1880369;0,196188037;0,454138975
05.07.25;01:00:00;93,87;196,1880369;0,196188037;0,454138975
05.07.25;02:00:00;90,26;196,1880369;0,196188037;0,454138975
05.07.25;03:00:00;89,56;196,1880369;0,196188037;0,454138975
05.07.25;04:00:00;82,82;0;0;0
05.07.25;05:00:00;79,44;0;0;0
05.07.25;06:00:00;55,2;0;0;0
05.07.25;07:00:00;31,99;0;0;0
05.07.25;08:00:00;9,14;0;0;0
05.07.25;09:00:00;2,06;0;0;0
05.07.25;10:00:00;0,12;0;0;0
05.07.25;11:00:00;-1,58;0;0;0
05.07.25;12:00:00;-3,64;0;0;0
05.07.25;13:00:00;-3,76;0;0;0
05.07.25;14:00:00;-1,7;0;0;0
05.07.25;15:00:00;-0,73;0;0;0
05.07.25;16:00:00;2,66;0;0;0
05.07.25;17:00:00;51,58;0;0;0
05.07.25;18:00:00;89,06;196,1880369;0,196188037;0,454138975
05.07.25;19:00:00;108,9;324,0075155;0,324007516;0,750017398
05.07.25;20:00:00;120,09;324,0075155;0,324007516;0,750017398
05.07.25;21:00:00;115,48;324,0075155;0,324007516;0,750017398
05.07.25;22:00:00;105,4;324,0075155;0,324007516;0,750017398
05.07.25;23:00:00;94,16;196,1880369;0,196188037;0,454138975
06.07.25;00:00:00;90,41;196,1880369;0,196188037;0,454138975
06.07.25;01:00:00;85,9;0;0;0
06.07.25;02:00:00;83,18;0;0;0
06.07.25;03:00:00;83,26;0;0;0
06.07.25;04:00:00;83,11;0;0;0
06.07.25;05:00:00;76,26;0;0;0
06.07.25;06:00:00;75,1;0;0;0
06.07.25;07:00:00;68,33;0;0;0
06.07.25;08:00:00;40,01;0;0;0
06.07.25;09:00:00;21,7;0;0;0
06.07.25;10:00:00;14,47;0;0;0
06.07.25;11:00:00;10,13;0;0;0
06.07.25;12:00:00;3,45;0;0;0
06.07.25;13:00:00;6,12;0;0;0
06.07.25;14:00:00;30,33;0;0;0
06.07.25;15:00:00;52,24;0;0;0
06.07.25;16:00:00;82,49;0;0;0
06.07.25;17:00:00;99,7;196,1880369;0,196188037;0,454138975
06.07.25;18:00:00;109,89;324,0075155;0,324007516;0,750017398
06.07.25;19:00:00;122,81;324,0075155;0,324007516;0,750017398
06.07.25;20:00:00;127,06;324,0075155;0,324007516;0,750017398
06.07.25;21:00:00;119;324,0075155;0,324007516;0,750017398
06.07.25;22:00:00;106,75;324,0075155;0,324007516;0,750017398
06.07.25;23:00:00;108,43;324,0075155;0,324007516;0,750017398
07.07.25;00:00:00;98,61;196,1880369;0,196188037;0,454138975
07.07.25;01:00:00;94,11;196,1880369;0,196188037;0,454138975
07.07.25;02:00:00;92,29;196,1880369;0,196188037;0,454138975
07.07.25;03:00:00;93,97;196,1880369;0,196188037;0,454138975
07.07.25;04:00:00;102,73;196,1880369;0,196188037;0,454138975
07.07.25;05:00:00;125,48;324,0075155;0,324007516;0,750017398
07.07.25;06:00:00;132,5;324,0075155;0,324007516;0,750017398
07.07.25;07:00:00;131,68;324,0075155;0,324007516;0,750017398
07.07.25;08:00:00;112,64;324,0075155;0,324007516;0,750017398
07.07.25;09:00:00;96,26;196,1880369;0,196188037;0,454138975
07.07.25;10:00:00;92,08;196,1880369;0,196188037;0,454138975
07.07.25;11:00:00;71,71;0;0;0
07.07.25;12:00:00;56,24;0;0;0
07.07.25;13:00:00;46,54;0;0;0
07.07.25;14:00:00;48,12;0;0;0
07.07.25;15:00:00;56,14;0;0;0
07.07.25;16:00:00;73,33;0;0;0
07.07.25;17:00:00;88,85;196,1880369;0,196188037;0,454138975
07.07.25;18:00:00;98,56;196,1880369;0,196188037;0,454138975
07.07.25;19:00:00;107,09;324,0075155;0,324007516;0,750017398
07.07.25;20:00:00;112,79;324,0075155;0,324007516;0,750017398
07.07.25;21:00:00;109,2;324,0075155;0,324007516;0,750017398
07.07.25;22:00:00;96,65;196,1880369;0,196188037;0,454138975
07.07.25;23:00:00;99,26;196,1880369;0,196188037;0,454138975
08.07.25;00:00:00;91,33;196,1880369;0,196188037;0,454138975
08.07.25;01:00:00;86,8;0;0;0
08.07.25;02:00:00;85,27;0;0;0
08.07.25;03:00:00;86,14;0;0;0
08.07.25;04:00:00;91,03;196,1880369;0,196188037;0,454138975
08.07.25;05:00:00;106,94;324,0075155;0,324007516;0,750017398
08.07.25;06:00:00;117,21;324,0075155;0,324007516;0,750017398
08.07.25;07:00:00;112,36;324,0075155;0,324007516;0,750017398
08.07.25;08:00:00;96,18;196,1880369;0,196188037;0,454138975
08.07.25;09:00:00;84,34;0;0;0
08.07.25;10:00:00;78,32;0;0;0
08.07.25;11:00:00;60,28;0;0;0
08.07.25;12:00:00;55,71;0;0;0
08.07.25;13:00:00;51,49;0;0;0
08.07.25;14:00:00;55,36;0;0;0
08.07.25;15:00:00;66,33;0;0;0
08.07.25;16:00:00;82,87;0;0;0
08.07.25;17:00:00;89,02;196,1880369;0,196188037;0,454138975
08.07.25;18:00:00;109,76;324,0075155;0,324007516;0,750017398
08.07.25;19:00:00;126,64;324,0075155;0,324007516;0,750017398
08.07.25;20:00:00;126,5;324,0075155;0,324007516;0,750017398
08.07.25;21:00:00;117,4;324,0075155;0,324007516;0,750017398
08.07.25;22:00:00;101,62;196,1880369;0,196188037;0,454138975
08.07.25;23:00:00;97,68;196,1880369;0,196188037;0,454138975
09.07.25;00:00:00;89,17;196,1880369;0,196188037;0,454138975
09.07.25;01:00:00;86,77;0;0;0
09.07.25;02:00:00;86,58;0;0;0
09.07.25;03:00:00;87,65;196,1880369;0,196188037;0,454138975
09.07.25;04:00:00;96,59;196,1880369;0,196188037;0,454138975
09.07.25;05:00:00;111,48;324,0075155;0,324007516;0,750017398
09.07.25;06:00:00;115,42;324,0075155;0,324007516;0,750017398
09.07.25;07:00:00;111,84;324,0075155;0,324007516;0,750017398
09.07.25;08:00:00;96,32;196,1880369;0,196188037;0,454138975
09.07.25;09:00:00;83,43;0;0;0
09.07.25;10:00:00;77,35;0;0;0
09.07.25;11:00:00;65,66;0;0;0
09.07.25;12:00:00;49,16;0;0;0
09.07.25;13:00:00;43,58;0;0;0
09.07.25;14:00:00;52,39;0;0;0
09.07.25;15:00:00;68,94;0;0;0
09.07.25;16:00:00;83,49;0;0;0
09.07.25;17:00:00;98;196,1880369;0,196188037;0,454138975
09.07.25;18:00:00;117,34;324,0075155;0,324007516;0,750017398
09.07.25;19:00:00;140,42;324,0075155;0,324007516;0,750017398
09.07.25;20:00:00;141,67;324,0075155;0,324007516;0,750017398
09.07.25;21:00:00;121,86;324,0075155;0,324007516;0,750017398
09.07.25;22:00:00;106,45;324,0075155;0,324007516;0,750017398
09.07.25;23:00:00;101,19;196,1880369;0,196188037;0,454138975
10.07.25;00:00:00;95,75;196,1880369;0,196188037;0,454138975
10.07.25;01:00:00;91,15;196,1880369;0,196188037;0,454138975
10.07.25;02:00:00;89,92;196,1880369;0,196188037;0,454138975
10.07.25;03:00:00;91,13;196,1880369;0,196188037;0,454138975
10.07.25;04:00:00;100,26;196,1880369;0,196188037;0,454138975
10.07.25;05:00:00;113,84;324,0075155;0,324007516;0,750017398
10.07.25;06:00:00;115,11;324,0075155;0,324007516;0,750017398
10.07.25;07:00:00;108,97;324,0075155;0,324007516;0,750017398
10.07.25;08:00:00;92,7;196,1880369;0,196188037;0,454138975
10.07.25;09:00:00;81,55;0;0;0
10.07.25;10:00:00;67,59;0;0;0
10.07.25;11:00:00;48,1;0;0;0
10.07.25;12:00:00;42,27;0;0;0
10.07.25;13:00:00;43,22;0;0;0
10.07.25;14:00:00;56,2;0;0;0
10.07.25;15:00:00;74,74;0;0;0
10.07.25;16:00:00;87,06;0;0;0
10.07.25;17:00:00;101,6;196,1880369;0,196188037;0,454138975
10.07.25;18:00:00;116,49;324,0075155;0,324007516;0,750017398
10.07.25;19:00:00;136,72;324,0075155;0,324007516;0,750017398
10.07.25;20:00:00;134,27;324,0075155;0,324007516;0,750017398
10.07.25;21:00:00;120,21;324,0075155;0,324007516;0,750017398
10.07.25;22:00:00;106,98;324,0075155;0,324007516;0,750017398
10.07.25;23:00:00;104,16;324,0075155;0,324007516;0,750017398
11.07.25;00:00:00;98,79;196,1880369;0,196188037;0,454138975
11.07.25;01:00:00;94,31;196,1880369;0,196188037;0,454138975
11.07.25;02:00:00;92,02;196,1880369;0,196188037;0,454138975
11.07.25;03:00:00;92,34;196,1880369;0,196188037;0,454138975
11.07.25;04:00:00;99,31;196,1880369;0,196188037;0,454138975
11.07.25;05:00:00;110,48;324,0075155;0,324007516;0,750017398
11.07.25;06:00:00;110,91;324,0075155;0,324007516;0,750017398
11.07.25;07:00:00;105,12;324,0075155;0,324007516;0,750017398
11.07.25;08:00:00;92,67;196,1880369;0,196188037;0,454138975
11.07.25;09:00:00;81,54;0;0;0
11.07.25;10:00:00;71,13;0;0;0
11.07.25;11:00:00;59,26;0;0;0
11.07.25;12:00:00;39,35;0;0;0
11.07.25;13:00:00;29,61;0;0;0
11.07.25;14:00:00;38,14;0;0;0
11.07.25;15:00:00;61,98;0;0;0
11.07.25;16:00:00;80,77;0;0;0
11.07.25;17:00:00;88,89;196,1880369;0,196188037;0,454138975
11.07.25;18:00:00;101,86;196,1880369;0,196188037;0,454138975
11.07.25;19:00:00;120,56;324,0075155;0,324007516;0,750017398
11.07.25;20:00:00;120,48;324,0075155;0,324007516;0,750017398
11.07.25;21:00:00;113,13;324,0075155;0,324007516;0,750017398
11.07.25;22:00:00;102,1;196,1880369;0,196188037;0,454138975
11.07.25;23:00:00;107;324,0075155;0,324007516;0,750017398
12.07.25;00:00:00;100,14;196,1880369;0,196188037;0,454138975
12.07.25;01:00:00;98,22;196,1880369;0,196188037;0,454138975
12.07.25;02:00:00;94,89;196,1880369;0,196188037;0,454138975
12.07.25;03:00:00;91,58;196,1880369;0,196188037;0,454138975
12.07.25;04:00:00;90,26;196,1880369;0,196188037;0,454138975
12.07.25;05:00:00;85,72;0;0;0
12.07.25;06:00:00;88,34;196,1880369;0,196188037;0,454138975
12.07.25;07:00:00;80,53;0;0;0
12.07.25;08:00:00;56,95;0;0;0
12.07.25;09:00:00;21,18;0;0;0
12.07.25;10:00:00;5,12;0;0;0
12.07.25;11:00:00;0,96;0;0;0
12.07.25;12:00:00;0,44;0;0;0
12.07.25;13:00:00;0,23;0;0;0
12.07.25;14:00:00;1,31;0;0;0
12.07.25;15:00:00;16,71;0;0;0
12.07.25;16:00:00;61,75;0;0;0
12.07.25;17:00:00;96,99;196,1880369;0,196188037;0,454138975
12.07.25;18:00:00;103,51;324,0075155;0,324007516;0,750017398
12.07.25;19:00:00;116,44;324,0075155;0,324007516;0,750017398
12.07.25;20:00:00;121,56;324,0075155;0,324007516;0,750017398
12.07.25;21:00:00;118,71;324,0075155;0,324007516;0,750017398
12.07.25;22:00:00;110,24;324,0075155;0,324007516;0,750017398
12.07.25;23:00:00;108,98;324,0075155;0,324007516;0,750017398
13.07.25;00:00:00;104,23;324,0075155;0,324007516;0,750017398
13.07.25;01:00:00;102,36;196,1880369;0,196188037;0,454138975
13.07.25;02:00:00;101,2;196,1880369;0,196188037;0,454138975
13.07.25;03:00:00;100;196,1880369;0,196188037;0,454138975
13.07.25;04:00:00;98,1;196,1880369;0,196188037;0,454138975
13.07.25;05:00:00;94,18;196,1880369;0,196188037;0,454138975
13.07.25;06:00:00;87,56;0;0;0
13.07.25;07:00:00;78,2;0;0;0
13.07.25;08:00:00;51,46;0;0;0
13.07.25;09:00:00;13,18;0;0;0
13.07.25;10:00:00;2,94;0;0;0
13.07.25;11:00:00;1;0;0;0
13.07.25;12:00:00;0,6;0;0;0
13.07.25;13:00:00;0,67;0;0;0
13.07.25;14:00:00;1,04;0;0;0
13.07.25;15:00:00;9,41;0;0;0
13.07.25;16:00:00;67,72;0;0;0
13.07.25;17:00:00;95,9;196,1880369;0,196188037;0,454138975
13.07.25;18:00:00;111,72;324,0075155;0,324007516;0,750017398
13.07.25;19:00:00;123,1;324,0075155;0,324007516;0,750017398
13.07.25;20:00:00;131,41;324,0075155;0,324007516;0,750017398
13.07.25;21:00:00;127,25;324,0075155;0,324007516;0,750017398
13.07.25;22:00:00;113,23;324,0075155;0,324007516;0,750017398
13.07.25;23:00:00;109,27;324,0075155;0,324007516;0,750017398
14.07.25;00:00:00;102,64;196,1880369;0,196188037;0,454138975
14.07.25;01:00:00;97,56;196,1880369;0,196188037;0,454138975
14.07.25;02:00:00;95,95;196,1880369;0,196188037;0,454138975
14.07.25;03:00:00;98,86;196,1880369;0,196188037;0,454138975
14.07.25;04:00:00;107,14;324,0075155;0,324007516;0,750017398
14.07.25;05:00:00;123,26;324,0075155;0,324007516;0,750017398
14.07.25;06:00:00;126,54;324,0075155;0,324007516;0,750017398
14.07.25;07:00:00;114,43;324,0075155;0,324007516;0,750017398
14.07.25;08:00:00;98,16;196,1880369;0,196188037;0,454138975
14.07.25;09:00:00;87,94;196,1880369;0,196188037;0,454138975
14.07.25;10:00:00;81,25;0;0;0
14.07.25;11:00:00;73,55;0;0;0
14.07.25;12:00:00;66,2;0;0;0
14.07.25;13:00:00;61,99;0;0;0
14.07.25;14:00:00;62,27;0;0;0
14.07.25;15:00:00;76;0;0;0
14.07.25;16:00:00;88,02;196,1880369;0,196188037;0,454138975
14.07.25;17:00:00;102,92;196,1880369;0,196188037;0,454138975
14.07.25;18:00:00;121,6;324,0075155;0,324007516;0,750017398
14.07.25;19:00:00;149,26;324,0075155;0,324007516;0,750017398
14.07.25;20:00:00;158,36;324,0075155;0,324007516;0,750017398
14.07.25;21:00:00;129,96;324,0075155;0,324007516;0,750017398
14.07.25;22:00:00;114,58;324,0075155;0,324007516;0,750017398
14.07.25;23:00:00;106,18;324,0075155;0,324007516;0,750017398
15.07.25;00:00:00;101,42;196,1880369;0,196188037;0,454138975
15.07.25;01:00:00;93,83;196,1880369;0,196188037;0,454138975
15.07.25;02:00:00;88,62;196,1880369;0,196188037;0,454138975
15.07.25;03:00:00;89,23;196,1880369;0,196188037;0,454138975
15.07.25;04:00:00;95,06;196,1880369;0,196188037;0,454138975
15.07.25;05:00:00;111,28;324,0075155;0,324007516;0,750017398
15.07.25;06:00:00;113,97;324,0075155;0,324007516;0,750017398
15.07.25;07:00:00;104,76;324,0075155;0,324007516;0,750017398
15.07.25;08:00:00;90,44;196,1880369;0,196188037;0,454138975
15.07.25;09:00:00;76,33;0;0;0
15.07.25;10:00:00;66,02;0;0;0
15.07.25;11:00:00;58,02;0;0;0
15.07.25;12:00:00;45,3;0;0;0
15.07.25;13:00:00;39,7;0;0;0
15.07.25;14:00:00;47,03;0;0;0
15.07.25;15:00:00;66,55;0;0;0
15.07.25;16:00:00;84,48;0;0;0
15.07.25;17:00:00;98,29;196,1880369;0,196188037;0,454138975
15.07.25;18:00:00;109,34;324,0075155;0,324007516;0,750017398
15.07.25;19:00:00;127,69;324,0075155;0,324007516;0,750017398
15.07.25;20:00:00;141,18;324,0075155;0,324007516;0,750017398
15.07.25;21:00:00;122,94;324,0075155;0,324007516;0,750017398
15.07.25;22:00:00;112,38;324,0075155;0,324007516;0,750017398
15.07.25;23:00:00;100,76;196,1880369;0,196188037;0,454138975
16.07.25;00:00:00;95,22;196,1880369;0,196188037;0,454138975
16.07.25;01:00:00;88,83;196,1880369;0,196188037;0,454138975
16.07.25;02:00:00;85,52;0;0;0
16.07.25;03:00:00;86,03;0;0;0
16.07.25;04:00:00;91,96;196,1880369;0,196188037;0,454138975
16.07.25;05:00:00;106,65;324,0075155;0,324007516;0,750017398
16.07.25;06:00:00;112,22;324,0075155;0,324007516;0,750017398
16.07.25;07:00:00;111,55;324,0075155;0,324007516;0,750017398
16.07.25;08:00:00;101,34;196,1880369;0,196188037;0,454138975
16.07.25;09:00:00;91,9;196,1880369;0,196188037;0,454138975
16.07.25;10:00:00;87,18;0;0;0
16.07.25;11:00:00;80,73;0;0;0
16.07.25;12:00:00;76,27;0;0;0
16.07.25;13:00:00;65,91;0;0;0
16.07.25;14:00:00;68,39;0;0;0
16.07.25;15:00:00;79,72;0;0;0
16.07.25;16:00:00;89,83;196,1880369;0,196188037;0,454138975
16.07.25;17:00:00;97,24;196,1880369;0,196188037;0,454138975
16.07.25;18:00:00;109,84;324,0075155;0,324007516;0,750017398
16.07.25;19:00:00;121,71;324,0075155;0,324007516;0,750017398
16.07.25;20:00:00;127,94;324,0075155;0,324007516;0,750017398
16.07.25;21:00:00;121,35;324,0075155;0,324007516;0,750017398
16.07.25;22:00:00;109,88;324,0075155;0,324007516;0,750017398
16.07.25;23:00:00;103,27;196,1880369;0,196188037;0,454138975
17.07.25;00:00:00;97,14;196,1880369;0,196188037;0,454138975
17.07.25;01:00:00;90,95;196,1880369;0,196188037;0,454138975
17.07.25;02:00:00;88,19;196,1880369;0,196188037;0,454138975
17.07.25;03:00:00;88,7;196,1880369;0,196188037;0,454138975
17.07.25;04:00:00;91,8;196,1880369;0,196188037;0,454138975
17.07.25;05:00:00;106,18;324,0075155;0,324007516;0,750017398
17.07.25;06:00:00;110,53;324,0075155;0,324007516;0,750017398
17.07.25;07:00:00;107,15;324,0075155;0,324007516;0,750017398
17.07.25;08:00:00;94,63;196,1880369;0,196188037;0,454138975
17.07.25;09:00:00;86,2;0;0;0
17.07.25;10:00:00;75,13;0;0;0
17.07.25;11:00:00;69,12;0;0;0
17.07.25;12:00:00;57,34;0;0;0
17.07.25;13:00:00;52,44;0;0;0
17.07.25;14:00:00;63,59;0;0;0
17.07.25;15:00:00;74,09;0;0;0
17.07.25;16:00:00;84,35;0;0;0
17.07.25;17:00:00;96,13;196,1880369;0,196188037;0,454138975
17.07.25;18:00:00;110,02;324,0075155;0,324007516;0,750017398
17.07.25;19:00:00;126,39;324,0075155;0,324007516;0,750017398
17.07.25;20:00:00;137,27;324,0075155;0,324007516;0,750017398
17.07.25;21:00:00;127,73;324,0075155;0,324007516;0,750017398
17.07.25;22:00:00;114,1;324,0075155;0,324007516;0,750017398
17.07.25;23:00:00;107,76;324,0075155;0,324007516;0,750017398
18.07.25;00:00:00;99,78;196,1880369;0,196188037;0,454138975
18.07.25;01:00:00;97,04;196,1880369;0,196188037;0,454138975
18.07.25;02:00:00;96,66;196,1880369;0,196188037;0,454138975
18.07.25;03:00:00;99,42;196,1880369;0,196188037;0,454138975
18.07.25;04:00:00;108,06;324,0075155;0,324007516;0,750017398
18.07.25;05:00:00;118,86;324,0075155;0,324007516;0,750017398
18.07.25;06:00:00;119,53;324,0075155;0,324007516;0,750017398
18.07.25;07:00:00;111,04;324,0075155;0,324007516;0,750017398
18.07.25;08:00:00;99,07;196,1880369;0,196188037;0,454138975
18.07.25;09:00:00;87,64;196,1880369;0,196188037;0,454138975
18.07.25;10:00:00;82,92;0;0;0
18.07.25;11:00:00;76,44;0;0;0
18.07.25;12:00:00;69;0;0;0
18.07.25;13:00:00;67,08;0;0;0
18.07.25;14:00:00;71,39;0;0;0
18.07.25;15:00:00;80,16;0;0;0
18.07.25;16:00:00;88,04;196,1880369;0,196188037;0,454138975
18.07.25;17:00:00;104,66;324,0075155;0,324007516;0,750017398
18.07.25;18:00:00;125,14;324,0075155;0,324007516;0,750017398
18.07.25;19:00:00;159,59;324,0075155;0,324007516;0,750017398
18.07.25;20:00:00;155,18;324,0075155;0,324007516;0,750017398
18.07.25;21:00:00;127,98;324,0075155;0,324007516;0,750017398
18.07.25;22:00:00;114,53;324,0075155;0,324007516;0,750017398
18.07.25;23:00:00;111,17;324,0075155;0,324007516;0,750017398
19.07.25;00:00:00;106,99;324,0075155;0,324007516;0,750017398
19.07.25;01:00:00;103,9;324,0075155;0,324007516;0,750017398
19.07.25;02:00:00;102,85;196,1880369;0,196188037;0,454138975
19.07.25;03:00:00;100,22;196,1880369;0,196188037;0,454138975
19.07.25;04:00:00;97,8;196,1880369;0,196188037;0,454138975
19.07.25;05:00:00;99,74;196,1880369;0,196188037;0,454138975
19.07.25;06:00:00;90,34;196,1880369;0,196188037;0,454138975
19.07.25;07:00:00;81,31;0;0;0
19.07.25;08:00:00;59,74;0;0;0
19.07.25;09:00:00;14,46;0;0;0
19.07.25;10:00:00;2,35;0;0;0
19.07.25;11:00:00;0,63;0;0;0
19.07.25;12:00:00;-0,29;0;0;0
19.07.25;13:00:00;-0,27;0;0;0
19.07.25;14:00:00;3,05;0;0;0
19.07.25;15:00:00;33,6;0;0;0
19.07.25;16:00:00;78,67;0;0;0
19.07.25;17:00:00;98,78;196,1880369;0,196188037;0,454138975
19.07.25;18:00:00;115,12;324,0075155;0,324007516;0,750017398
19.07.25;19:00:00;117,34;324,0075155;0,324007516;0,750017398
19.07.25;20:00:00;115,29;324,0075155;0,324007516;0,750017398
19.07.25;21:00:00;108,62;324,0075155;0,324007516;0,750017398
19.07.25;22:00:00;100,3;196,1880369;0,196188037;0,454138975
19.07.25;23:00:00;93,65;196,1880369;0,196188037;0,454138975
20.07.25;00:00:00;91,43;196,1880369;0,196188037;0,454138975
20.07.25;01:00:00;89,97;196,1880369;0,196188037;0,454138975
20.07.25;02:00:00;95,48;196,1880369;0,196188037;0,454138975
20.07.25;03:00:00;97,3;196,1880369;0,196188037;0,454138975
20.07.25;04:00:00;96,7;196,1880369;0,196188037;0,454138975
20.07.25;05:00:00;93,6;196,1880369;0,196188037;0,454138975
20.07.25;06:00:00;81,99;0;0;0
20.07.25;07:00:00;77,98;0;0;0
20.07.25;08:00:00;50,49;0;0;0
20.07.25;09:00:00;11,62;0;0;0
20.07.25;10:00:00;2,19;0;0;0
20.07.25;11:00:00;0,9;0;0;0
20.07.25;12:00:00;0,59;0;0;0
20.07.25;13:00:00;1,05;0;0;0
20.07.25;14:00:00;12,1;0;0;0
20.07.25;15:00:00;61,74;0;0;0
20.07.25;16:00:00;87,99;196,1880369;0,196188037;0,454138975
20.07.25;17:00:00;103,68;324,0075155;0,324007516;0,750017398
20.07.25;18:00:00;116,9;324,0075155;0,324007516;0,750017398
20.07.25;19:00:00;121,64;324,0075155;0,324007516;0,750017398
20.07.25;20:00:00;123,6;324,0075155;0,324007516;0,750017398
20.07.25;21:00:00;119,15;324,0075155;0,324007516;0,750017398
20.07.25;22:00:00;108,46;324,0075155;0,324007516;0,750017398
20.07.25;23:00:00;94,9;196,1880369;0,196188037;0,454138975
21.07.25;00:00:00;88,94;196,1880369;0,196188037;0,454138975
21.07.25;01:00:00;90,63;196,1880369;0,196188037;0,454138975
21.07.25;02:00:00;90,81;196,1880369;0,196188037;0,454138975
21.07.25;03:00:00;91,22;196,1880369;0,196188037;0,454138975
21.07.25;04:00:00;99,6;196,1880369;0,196188037;0,454138975
21.07.25;05:00:00;114,43;324,0075155;0,324007516;0,750017398
21.07.25;06:00:00;127,67;324,0075155;0,324007516;0,750017398
21.07.25;07:00:00;119,66;324,0075155;0,324007516;0,750017398
21.07.25;08:00:00;106,32;324,0075155;0,324007516;0,750017398
21.07.25;09:00:00;100,99;196,1880369;0,196188037;0,454138975
21.07.25;10:00:00;95,94;196,1880369;0,196188037;0,454138975
21.07.25;11:00:00;87,78;196,1880369;0,196188037;0,454138975
21.07.25;12:00:00;85,12;0;0;0
21.07.25;13:00:00;86,8;0;0;0
21.07.25;14:00:00;87,59;0;0;0
21.07.25;15:00:00;90,49;196,1880369;0,196188037;0,454138975
21.07.25;16:00:00;99,03;196,1880369;0,196188037;0,454138975
21.07.25;17:00:00;104,41;324,0075155;0,324007516;0,750017398
21.07.25;18:00:00;115,84;324,0075155;0,324007516;0,750017398
21.07.25;19:00:00;125,53;324,0075155;0,324007516;0,750017398
21.07.25;20:00:00;120,45;324,0075155;0,324007516;0,750017398
21.07.25;21:00:00;109,28;324,0075155;0,324007516;0,750017398
21.07.25;22:00:00;98,97;196,1880369;0,196188037;0,454138975
21.07.25;23:00:00;94,04;196,1880369;0,196188037;0,454138975
22.07.25;00:00:00;88,95;196,1880369;0,196188037;0,454138975
22.07.25;01:00:00;87,74;196,1880369;0,196188037;0,454138975
22.07.25;02:00:00;85,05;0;0;0
22.07.25;03:00:00;83,58;0;0;0
22.07.25;04:00:00;90,41;196,1880369;0,196188037;0,454138975
22.07.25;05:00:00;105,14;324,0075155;0,324007516;0,750017398
22.07.25;06:00:00;108,37;324,0075155;0,324007516;0,750017398
22.07.25;07:00:00;101,45;196,1880369;0,196188037;0,454138975
22.07.25;08:00:00;91,61;196,1880369;0,196188037;0,454138975
22.07.25;09:00:00;79,59;0;0;0
22.07.25;10:00:00;68,42;0;0;0
22.07.25;11:00:00;42,38;0;0;0
22.07.25;12:00:00;11,2;0;0;0
22.07.25;13:00:00;4,98;0;0;0
22.07.25;14:00:00;9,14;0;0;0
22.07.25;15:00:00;35,72;0;0;0
22.07.25;16:00:00;75,66;0;0;0
22.07.25;17:00:00;89,28;196,1880369;0,196188037;0,454138975
22.07.25;18:00:00;106,05;324,0075155;0,324007516;0,750017398
22.07.25;19:00:00;116,33;324,0075155;0,324007516;0,750017398
22.07.25;20:00:00;115,36;324,0075155;0,324007516;0,750017398
22.07.25;21:00:00;108,79;324,0075155;0,324007516;0,750017398
22.07.25;22:00:00;101,3;196,1880369;0,196188037;0,454138975
22.07.25;23:00:00;88,8;196,1880369;0,196188037;0,454138975
23.07.25;00:00:00;81,88;0;0;0
23.07.25;01:00:00;79,25;0;0;0
23.07.25;02:00:00;77,17;0;0;0
23.07.25;03:00:00;78,21;0;0;0
23.07.25;04:00:00;81,82;0;0;0
23.07.25;05:00:00;93,96;196,1880369;0,196188037;0,454138975
23.07.25;06:00:00;101,7;196,1880369;0,196188037;0,454138975
23.07.25;07:00:00;96,06;196,1880369;0,196188037;0,454138975
23.07.25;08:00:00;82,97;0;0;0
23.07.25;09:00:00;64,03;0;0;0
23.07.25;10:00:00;49,31;0;0;0
23.07.25;11:00:00;29,61;0;0;0
23.07.25;12:00:00;20,86;0;0;0
23.07.25;13:00:00;22,91;0;0;0
23.07.25;14:00:00;39,25;0;0;0
23.07.25;15:00:00;65,48;0;0;0
23.07.25;16:00:00;77,32;0;0;0
23.07.25;17:00:00;90,34;196,1880369;0,196188037;0,454138975
23.07.25;18:00:00;108,14;324,0075155;0,324007516;0,750017398
23.07.25;19:00:00;117,73;324,0075155;0,324007516;0,750017398
23.07.25;20:00:00;119,47;324,0075155;0,324007516;0,750017398
23.07.25;21:00:00;113,15;324,0075155;0,324007516;0,750017398
23.07.25;22:00:00;104,58;324,0075155;0,324007516;0,750017398
23.07.25;23:00:00;98,83;196,1880369;0,196188037;0,454138975
24.07.25;00:00:00;95,91;196,1880369;0,196188037;0,454138975
24.07.25;01:00:00;91,48;196,1880369;0,196188037;0,454138975
24.07.25;02:00:00;90,54;196,1880369;0,196188037;0,454138975
24.07.25;03:00:00;93,29;196,1880369;0,196188037;0,454138975
24.07.25;04:00:00;100,82;196,1880369;0,196188037;0,454138975
24.07.25;05:00:00;112,81;324,0075155;0,324007516;0,750017398
24.07.25;06:00:00;119,22;324,0075155;0,324007516;0,750017398
24.07.25;07:00:00;110,24;324,0075155;0,324007516;0,750017398
24.07.25;08:00:00;96,79;196,1880369;0,196188037;0,454138975
24.07.25;09:00:00;89,82;196,1880369;0,196188037;0,454138975
24.07.25;10:00:00;85,89;0;0;0
24.07.25;11:00:00;84,58;0;0;0
24.07.25;12:00:00;83,29;0;0;0
24.07.25;13:00:00;83,53;0;0;0
24.07.25;14:00:00;85,9;0;0;0
24.07.25;15:00:00;91,15;196,1880369;0,196188037;0,454138975
24.07.25;16:00:00;98,41;196,1880369;0,196188037;0,454138975
24.07.25;17:00:00;107,82;324,0075155;0,324007516;0,750017398
24.07.25;18:00:00;124,4;324,0075155;0,324007516;0,750017398
24.07.25;19:00:00;150,71;324,0075155;0,324007516;0,750017398
24.07.25;20:00:00;140,68;324,0075155;0,324007516;0,750017398
24.07.25;21:00:00;119,85;324,0075155;0,324007516;0,750017398
24.07.25;22:00:00;109,22;324,0075155;0,324007516;0,750017398
24.07.25;23:00:00;107,91;324,0075155;0,324007516;0,750017398
25.07.25;00:00:00;101,59;196,1880369;0,196188037;0,454138975
25.07.25;01:00:00;96,68;196,1880369;0,196188037;0,454138975
25.07.25;02:00:00;93,85;196,1880369;0,196188037;0,454138975
25.07.25;03:00:00;95,6;196,1880369;0,196188037;0,454138975
25.07.25;04:00:00;98,55;196,1880369;0,196188037;0,454138975
25.07.25;05:00:00;109,73;324,0075155;0,324007516;0,750017398
25.07.25;06:00:00;114,48;324,0075155;0,324007516;0,750017398
25.07.25;07:00:00;109,63;324,0075155;0,324007516;0,750017398
25.07.25;08:00:00;97,99;196,1880369;0,196188037;0,454138975
25.07.25;09:00:00;92,65;196,1880369;0,196188037;0,454138975
25.07.25;10:00:00;84,65;0;0;0
25.07.25;11:00:00;82,3;0;0;0
25.07.25;12:00:00;76,76;0;0;0
25.07.25;13:00:00;74,69;0;0;0
25.07.25;14:00:00;76,32;0;0;0
25.07.25;15:00:00;81,24;0;0;0
25.07.25;16:00:00;85,96;0;0;0
25.07.25;17:00:00;95,03;196,1880369;0,196188037;0,454138975
25.07.25;18:00:00;105,45;324,0075155;0,324007516;0,750017398
25.07.25;19:00:00;116,85;324,0075155;0,324007516;0,750017398
25.07.25;20:00:00;123,04;324,0075155;0,324007516;0,750017398
25.07.25;21:00:00;113,67;324,0075155;0,324007516;0,750017398
25.07.25;22:00:00;108,15;324,0075155;0,324007516;0,750017398
25.07.25;23:00:00;105,24;324,0075155;0,324007516;0,750017398
26.07.25;00:00:00;100,31;196,1880369;0,196188037;0,454138975
26.07.25;01:00:00;97,55;196,1880369;0,196188037;0,454138975
26.07.25;02:00:00;96,95;196,1880369;0,196188037;0,454138975
26.07.25;03:00:00;96,97;196,1880369;0,196188037;0,454138975
26.07.25;04:00:00;95,88;196,1880369;0,196188037;0,454138975
26.07.25;05:00:00;96,15;196,1880369;0,196188037;0,454138975
26.07.25;06:00:00;94,93;196,1880369;0,196188037;0,454138975
26.07.25;07:00:00;89,98;196,1880369;0,196188037;0,454138975
26.07.25;08:00:00;86,55;0;0;0
26.07.25;09:00:00;76,97;0;0;0
26.07.25;10:00:00;69,82;0;0;0
26.07.25;11:00:00;62,45;0;0;0
26.07.25;12:00:00;49,23;0;0;0
26.07.25;13:00:00;47,84;0;0;0
26.07.25;14:00:00;62,83;0;0;0
26.07.25;15:00:00;74,31;0;0;0
26.07.25;16:00:00;86,5;0;0;0
26.07.25;17:00:00;98,66;196,1880369;0,196188037;0,454138975
26.07.25;18:00:00;108,98;324,0075155;0,324007516;0,750017398
26.07.25;19:00:00;122,5;324,0075155;0,324007516;0,750017398
26.07.25;20:00:00;121,76;324,0075155;0,324007516;0,750017398
26.07.25;21:00:00;113,22;324,0075155;0,324007516;0,750017398
26.07.25;22:00:00;105,74;324,0075155;0,324007516;0,750017398
26.07.25;23:00:00;103,19;196,1880369;0,196188037;0,454138975
27.07.25;00:00:00;99,14;196,1880369;0,196188037;0,454138975
27.07.25;01:00:00;95,46;196,1880369;0,196188037;0,454138975
27.07.25;02:00:00;93;196,1880369;0,196188037;0,454138975
27.07.25;03:00:00;92,74;196,1880369;0,196188037;0,454138975
27.07.25;04:00:00;91,54;196,1880369;0,196188037;0,454138975
27.07.25;05:00:00;89,49;196,1880369;0,196188037;0,454138975
27.07.25;06:00:00;86,64;0;0;0
27.07.25;07:00:00;82,74;0;0;0
27.07.25;08:00:00;77,27;0;0;0
27.07.25;09:00:00;68,8;0;0;0
27.07.25;10:00:00;65,26;0;0;0
27.07.25;11:00:00;48,34;0;0;0
27.07.25;12:00:00;18,42;0;0;0
27.07.25;13:00:00;14,64;0;0;0
27.07.25;14:00:00;25,64;0;0;0
27.07.25;15:00:00;50,72;0;0;0
27.07.25;16:00:00;77,39;0;0;0
27.07.25;17:00:00;94,32;196,1880369;0,196188037;0,454138975
27.07.25;18:00:00;103,56;324,0075155;0,324007516;0,750017398
27.07.25;19:00:00;107,58;324,0075155;0,324007516;0,750017398
27.07.25;20:00:00;111,98;324,0075155;0,324007516;0,750017398
27.07.25;21:00:00;106;324,0075155;0,324007516;0,750017398
27.07.25;22:00:00;98,89;196,1880369;0,196188037;0,454138975
27.07.25;23:00:00;96,24;196,1880369;0,196188037;0,454138975
28.07.25;00:00:00;89,85;196,1880369;0,196188037;0,454138975
28.07.25;01:00:00;84,67;0;0;0
28.07.25;02:00:00;82,65;0;0;0
28.07.25;03:00:00;82,16;0;0;0
28.07.25;04:00:00;89,15;196,1880369;0,196188037;0,454138975
28.07.25;05:00:00;107,24;324,0075155;0,324007516;0,750017398
28.07.25;06:00:00;118,81;324,0075155;0,324007516;0,750017398
28.07.25;07:00:00;111,58;324,0075155;0,324007516;0,750017398
28.07.25;08:00:00;102,53;196,1880369;0,196188037;0,454138975
28.07.25;09:00:00;92,06;196,1880369;0,196188037;0,454138975
28.07.25;10:00:00;83,59;0;0;0
28.07.25;11:00:00;74,46;0;0;0
28.07.25;12:00:00;67,69;0;0;0
28.07.25;13:00:00;56,77;0;0;0
28.07.25;14:00:00;58,83;0;0;0
28.07.25;15:00:00;65;0;0;0
28.07.25;16:00:00;80,35;0;0;0
28.07.25;17:00:00;91,28;196,1880369;0,196188037;0,454138975
28.07.25;18:00:00;100,15;196,1880369;0,196188037;0,454138975
28.07.25;19:00:00;111,27;324,0075155;0,324007516;0,750017398
28.07.25;20:00:00;110,16;324,0075155;0,324007516;0,750017398
28.07.25;21:00:00;101,23;196,1880369;0,196188037;0,454138975
28.07.25;22:00:00;90,37;196,1880369;0,196188037;0,454138975
28.07.25;23:00:00;85,26;0;0;0
29.07.25;00:00:00;82,3;0;0;0
29.07.25;01:00:00;80,1;0;0;0
29.07.25;02:00:00;79,19;0;0;0
29.07.25;03:00:00;80,43;0;0;0
29.07.25;04:00:00;87,18;0;0;0
29.07.25;05:00:00;98,18;196,1880369;0,196188037;0,454138975
29.07.25;06:00:00;105,02;324,0075155;0,324007516;0,750017398
29.07.25;07:00:00;97,56;196,1880369;0,196188037;0,454138975
29.07.25;08:00:00;85,35;0;0;0
29.07.25;09:00:00;70,25;0;0;0
29.07.25;10:00:00;55,94;0;0;0
29.07.25;11:00:00;31,75;0;0;0
29.07.25;12:00:00;8,31;0;0;0
29.07.25;13:00:00;5,15;0;0;0
29.07.25;14:00:00;13,61;0;0;0
29.07.25;15:00:00;46,43;0;0;0
29.07.25;16:00:00;78,57;0;0;0
29.07.25;17:00:00;94,79;196,1880369;0,196188037;0,454138975
29.07.25;18:00:00;104,1;324,0075155;0,324007516;0,750017398
29.07.25;19:00:00;124,72;324,0075155;0,324007516;0,750017398
29.07.25;20:00:00;124,04;324,0075155;0,324007516;0,750017398
29.07.25;21:00:00;111,97;324,0075155;0,324007516;0,750017398
29.07.25;22:00:00;100,06;196,1880369;0,196188037;0,454138975
29.07.25;23:00:00;93,96;196,1880369;0,196188037;0,454138975
30.07.25;00:00:00;89,94;196,1880369;0,196188037;0,454138975
30.07.25;01:00:00;86,77;0;0;0
30.07.25;02:00:00;84,16;0;0;0
30.07.25;03:00:00;84,79;0;0;0
30.07.25;04:00:00;92,5;196,1880369;0,196188037;0,454138975
30.07.25;05:00:00;99,19;196,1880369;0,196188037;0,454138975
30.07.25;06:00:00;99,84;196,1880369;0,196188037;0,454138975
30.07.25;07:00:00;94,44;196,1880369;0,196188037;0,454138975
30.07.25;08:00:00;80,06;0;0;0
30.07.25;09:00:00;67,6;0;0;0
30.07.25;10:00:00;52,49;0;0;0
30.07.25;11:00:00;35,67;0;0;0
30.07.25;12:00:00;24,62;0;0;0
30.07.25;13:00:00;16,85;0;0;0
30.07.25;14:00:00;31,24;0;0;0
30.07.25;15:00:00;51,78;0;0;0
30.07.25;16:00:00;76,79;0;0;0
30.07.25;17:00:00;93,01;196,1880369;0,196188037;0,454138975
30.07.25;18:00:00;101,28;196,1880369;0,196188037;0,454138975
30.07.25;19:00:00;111,54;324,0075155;0,324007516;0,750017398
30.07.25;20:00:00;109,38;324,0075155;0,324007516;0,750017398
30.07.25;21:00:00;104,2;324,0075155;0,324007516;0,750017398
30.07.25;22:00:00;92,96;196,1880369;0,196188037;0,454138975
30.07.25;23:00:00;89,96;196,1880369;0,196188037;0,454138975
31.07.25;00:00:00;81,71;0;0;0
31.07.25;01:00:00;79,84;0;0;0
31.07.25;02:00:00;78,44;0;0;0
31.07.25;03:00:00;79,86;0;0;0
31.07.25;04:00:00;85,06;0;0;0
31.07.25;05:00:00;94,59;196,1880369;0,196188037;0,454138975
31.07.25;06:00:00;100,04;196,1880369;0,196188037;0,454138975
31.07.25;07:00:00;98,12;196,1880369;0,196188037;0,454138975
31.07.25;08:00:00;89,86;196,1880369;0,196188037;0,454138975
31.07.25;09:00:00;75,38;0;0;0
31.07.25;10:00:00;70,57;0;0;0
31.07.25;11:00:00;59,76;0;0;0
31.07.25;12:00:00;42,85;0;0;0
31.07.25;13:00:00;33,84;0;0;0
31.07.25;14:00:00;50,97;0;0;0
31.07.25;15:00:00;67,88;0;0;0
31.07.25;16:00:00;84,09;0;0;0
31.07.25;17:00:00;96,96;196,1880369;0,196188037;0,454138975
31.07.25;18:00:00;106,94;324,0075155;0,324007516;0,750017398
31.07.25;19:00:00;126,5;324,0075155;0,324007516;0,750017398
31.07.25;20:00:00;122,19;324,0075155;0,324007516;0,750017398
31.07.25;21:00:00;113,08;324,0075155;0,324007516;0,750017398
31.07.25;22:00:00;102,42;196,1880369;0,196188037;0,454138975
31.07.25;23:00:00;103,21;196,1880369;0,196188037;0,454138975
01.08.25;00:00:00;96,6;196,1880369;0,196188037;0,454138975
01.08.25;01:00:00;92,48;196,1880369;0,196188037;0,454138975
01.08.25;02:00:00;88,9;196,1880369;0,196188037;0,454138975
01.08.25;03:00:00;92,07;196,1880369;0,196188037;0,454138975
01.08.25;04:00:00;98,21;196,1880369;0,196188037;0,454138975
01.08.25;05:00:00;109,52;324,0075155;0,324007516;0,750017398
01.08.25;06:00:00;111,53;324,0075155;0,324007516;0,750017398
01.08.25;07:00:00;107,06;324,0075155;0,324007516;0,750017398
01.08.25;08:00:00;102,35;196,1880369;0,196188037;0,454138975
01.08.25;09:00:00;95,7;196,1880369;0,196188037;0,454138975
01.08.25;10:00:00;84,45;0;0;0
01.08.25;11:00:00;74,58;0;0;0
01.08.25;12:00:00;60,84;0;0;0
01.08.25;13:00:00;52,67;0;0;0
01.08.25;14:00:00;54,45;0;0;0
01.08.25;15:00:00;69,42;0;0;0
01.08.25;16:00:00;84,66;0;0;0
01.08.25;17:00:00;96,88;196,1880369;0,196188037;0,454138975
01.08.25;18:00:00;107,5;324,0075155;0,324007516;0,750017398
01.08.25;19:00:00;119,86;324,0075155;0,324007516;0,750017398
01.08.25;20:00:00;119,07;324,0075155;0,324007516;0,750017398
01.08.25;21:00:00;110,46;324,0075155;0,324007516;0,750017398
01.08.25;22:00:00;103,96;324,0075155;0,324007516;0,750017398
01.08.25;23:00:00;104,15;324,0075155;0,324007516;0,750017398
02.08.25;00:00:00;98,26;196,1880369;0,196188037;0,454138975
02.08.25;01:00:00;96,16;196,1880369;0,196188037;0,454138975
02.08.25;02:00:00;92,1;196,1880369;0,196188037;0,454138975
02.08.25;03:00:00;92,27;196,1880369;0,196188037;0,454138975
02.08.25;04:00:00;92,16;196,1880369;0,196188037;0,454138975
02.08.25;05:00:00;90,85;196,1880369;0,196188037;0,454138975
02.08.25;06:00:00;86,56;0;0;0
02.08.25;07:00:00;82,48;0;0;0
02.08.25;08:00:00;74,44;0;0;0
02.08.25;09:00:00;47,52;0;0;0
02.08.25;10:00:00;22,4;0;0;0
02.08.25;11:00:00;9,06;0;0;0
02.08.25;12:00:00;1,81;0;0;0
02.08.25;13:00:00;1,16;0;0;0
02.08.25;14:00:00;1,87;0;0;0
02.08.25;15:00:00;16,49;0;0;0
02.08.25;16:00:00;60,5;0;0;0
02.08.25;17:00:00;87,84;196,1880369;0,196188037;0,454138975
02.08.25;18:00:00;99,2;196,1880369;0,196188037;0,454138975
02.08.25;19:00:00;108,07;324,0075155;0,324007516;0,750017398
02.08.25;20:00:00;109,34;324,0075155;0,324007516;0,750017398
02.08.25;21:00:00;103,44;196,1880369;0,196188037;0,454138975
02.08.25;22:00:00;95,66;196,1880369;0,196188037;0,454138975
02.08.25;23:00:00;87,5;0;0;0
03.08.25;00:00:00;79,84;0;0;0
03.08.25;01:00:00;74,57;0;0;0
03.08.25;02:00:00;71,73;0;0;0
03.08.25;03:00:00;69,38;0;0;0
03.08.25;04:00:00;64,72;0;0;0
03.08.25;05:00:00;56,75;0;0;0
03.08.25;06:00:00;45,68;0;0;0
03.08.25;07:00:00;32,88;0;0;0
03.08.25;08:00:00;24,65;0;0;0
03.08.25;09:00:00;15,23;0;0;0
03.08.25;10:00:00;8,25;0;0;0
03.08.25;11:00:00;1,52;0;0;0
03.08.25;12:00:00;-3,58;0;0;0
03.08.25;13:00:00;-3,89;0;0;0
03.08.25;14:00:00;-0,89;0;0;0
03.08.25;15:00:00;3,95;0;0;0
03.08.25;16:00:00;24,29;0;0;0
03.08.25;17:00:00;73,06;0;0;0
03.08.25;18:00:00;88,99;196,1880369;0,196188037;0,454138975
03.08.25;19:00:00;98,73;196,1880369;0,196188037;0,454138975
03.08.25;20:00:00;97,41;196,1880369;0,196188037;0,454138975
03.08.25;21:00:00;97,1;196,1880369;0,196188037;0,454138975
03.08.25;22:00:00;87,76;196,1880369;0,196188037;0,454138975
03.08.25;23:00:00;83,92;0;0;0
04.08.25;00:00:00;75,53;0;0;0
04.08.25;01:00:00;74,48;0;0;0
04.08.25;02:00:00;74,29;0;0;0
04.08.25;03:00:00;78,37;0;0;0
04.08.25;04:00:00;84,61;0;0;0
04.08.25;05:00:00;98,26;196,1880369;0,196188037;0,454138975
04.08.25;06:00:00;110,26;324,0075155;0,324007516;0,750017398
04.08.25;07:00:00;111,37;324,0075155;0,324007516;0,750017398
04.08.25;08:00:00;99,39;196,1880369;0,196188037;0,454138975
04.08.25;09:00:00;86,02;0;0;0
04.08.25;10:00:00;70,62;0;0;0
04.08.25;11:00:00;39,85;0;0;0
04.08.25;12:00:00;19,52;0;0;0
04.08.25;13:00:00;14,93;0;0;0
04.08.25;14:00:00;17,3;0;0;0
04.08.25;15:00:00;40,04;0;0;0
04.08.25;16:00:00;71,32;0;0;0
04.08.25;17:00:00;87;0;0;0
04.08.25;18:00:00;94,26;196,1880369;0,196188037;0,454138975
04.08.25;19:00:00;98,98;196,1880369;0,196188037;0,454138975
04.08.25;20:00:00;90,75;196,1880369;0,196188037;0,454138975
04.08.25;21:00:00;77,06;0;0;0
04.08.25;22:00:00;59,29;0;0;0
04.08.25;23:00:00;28,55;0;0;0
05.08.25;00:00:00;22,66;0;0;0
05.08.25;01:00:00;24,08;0;0;0
05.08.25;02:00:00;32,33;0;0;0
05.08.25;03:00:00;51,7;0;0;0
05.08.25;04:00:00;73,24;0;0;0
05.08.25;05:00:00;89,63;196,1880369;0,196188037;0,454138975
05.08.25;06:00:00;90,79;196,1880369;0,196188037;0,454138975
05.08.25;07:00:00;77,98;0;0;0
05.08.25;08:00:00;16,51;0;0;0
05.08.25;09:00:00;3,71;0;0;0
05.08.25;10:00:00;-0,96;0;0;0
05.08.25;11:00:00;-3,72;0;0;0
05.08.25;12:00:00;-8,95;0;0;0
05.08.25;13:00:00;-10,76;0;0;0
05.08.25;14:00:00;-6,65;0;0;0
05.08.25;15:00:00;-3,97;0;0;0
05.08.25;16:00:00;0,09;0;0;0
05.08.25;17:00:00;11,43;0;0;0
05.08.25;18:00:00;75,42;0;0;0
05.08.25;19:00:00;90,1;196,1880369;0,196188037;0,454138975
05.08.25;20:00:00;99,26;196,1880369;0,196188037;0,454138975
05.08.25;21:00:00;86,18;0;0;0
05.08.25;22:00:00;78,78;0;0;0
05.08.25;23:00:00;71,94;0;0;0
06.08.25;00:00:00;59,92;0;0;0
06.08.25;01:00:00;58,23;0;0;0
06.08.25;02:00:00;59,84;0;0;0
06.08.25;03:00:00;59,83;0;0;0
06.08.25;04:00:00;77,85;0;0;0
06.08.25;05:00:00;95,67;196,1880369;0,196188037;0,454138975
06.08.25;06:00:00;96,79;196,1880369;0,196188037;0,454138975
06.08.25;07:00:00;79,13;0;0;0
06.08.25;08:00:00;23,81;0;0;0
06.08.25;09:00:00;1,89;0;0;0
06.08.25;10:00:00;-1,56;0;0;0
06.08.25;11:00:00;-6,82;0;0;0
06.08.25;12:00:00;-9;0;0;0
06.08.25;13:00:00;-5,05;0;0;0
06.08.25;14:00:00;-1,3;0;0;0
06.08.25;15:00:00;4,5;0;0;0
06.08.25;16:00:00;53,3;0;0;0
06.08.25;17:00:00;95,1;196,1880369;0,196188037;0,454138975
06.08.25;18:00:00;115,06;324,0075155;0,324007516;0,750017398
06.08.25;19:00:00;158,84;324,0075155;0,324007516;0,750017398
06.08.25;20:00:00;157,04;324,0075155;0,324007516;0,750017398
06.08.25;21:00:00;113,53;324,0075155;0,324007516;0,750017398
06.08.25;22:00:00;104,78;324,0075155;0,324007516;0,750017398
06.08.25;23:00:00;100,71;196,1880369;0,196188037;0,454138975
07.08.25;00:00:00;97,07;196,1880369;0,196188037;0,454138975
07.08.25;01:00:00;92,89;196,1880369;0,196188037;0,454138975
07.08.25;02:00:00;90,87;196,1880369;0,196188037;0,454138975
07.08.25;03:00:00;90,93;196,1880369;0,196188037;0,454138975
07.08.25;04:00:00;97,58;196,1880369;0,196188037;0,454138975
07.08.25;05:00:00;108,34;324,0075155;0,324007516;0,750017398
07.08.25;06:00:00;107,07;324,0075155;0,324007516;0,750017398
07.08.25;07:00:00;96,29;196,1880369;0,196188037;0,454138975
07.08.25;08:00:00;76,26;0;0;0
07.08.25;09:00:00;27,9;0;0;0
07.08.25;10:00:00;2,98;0;0;0
07.08.25;11:00:00;-0,58;0;0;0
07.08.25;12:00:00;-1,54;0;0;0
07.08.25;13:00:00;-0,63;0;0;0
07.08.25;14:00:00;0,1;0;0;0
07.08.25;15:00:00;5,4;0;0;0
07.08.25;16:00:00;66,75;0;0;0
07.08.25;17:00:00;95,89;196,1880369;0,196188037;0,454138975
07.08.25;18:00:00;115,05;324,0075155;0,324007516;0,750017398
07.08.25;19:00:00;145,45;324,0075155;0,324007516;0,750017398
07.08.25;20:00:00;132,55;324,0075155;0,324007516;0,750017398
07.08.25;21:00:00;110,25;324,0075155;0,324007516;0,750017398
07.08.25;22:00:00;101,28;196,1880369;0,196188037;0,454138975
07.08.25;23:00:00;93,41;196,1880369;0,196188037;0,454138975
08.08.25;00:00:00;89,94;196,1880369;0,196188037;0,454138975
08.08.25;01:00:00;86,05;0;0;0
08.08.25;02:00:00;83,99;0;0;0
08.08.25;03:00:00;83,26;0;0;0
08.08.25;04:00:00;90,77;196,1880369;0,196188037;0,454138975
08.08.25;05:00:00;101,47;196,1880369;0,196188037;0,454138975
08.08.25;06:00:00;104,52;324,0075155;0,324007516;0,750017398
08.08.25;07:00:00;103,28;196,1880369;0,196188037;0,454138975
08.08.25;08:00:00;86,24;0;0;0
08.08.25;09:00:00;63,42;0;0;0
08.08.25;10:00:00;14,2;0;0;0
08.08.25;11:00:00;3,96;0;0;0
08.08.25;12:00:00;-0,52;0;0;0
08.08.25;13:00:00;-0,98;0;0;0
08.08.25;14:00:00;0,81;0;0;0
08.08.25;15:00:00;17,92;0;0;0
08.08.25;16:00:00;72,53;0;0;0
08.08.25;17:00:00;102,48;196,1880369;0,196188037;0,454138975
08.08.25;18:00:00;114,52;324,0075155;0,324007516;0,750017398
08.08.25;19:00:00;149,72;324,0075155;0,324007516;0,750017398
08.08.25;20:00:00;152,14;324,0075155;0,324007516;0,750017398
08.08.25;21:00:00;118,85;324,0075155;0,324007516;0,750017398
08.08.25;22:00:00;107,28;324,0075155;0,324007516;0,750017398
08.08.25;23:00:00;105,71;324,0075155;0,324007516;0,750017398
09.08.25;00:00:00;102,36;196,1880369;0,196188037;0,454138975
09.08.25;01:00:00;100,85;196,1880369;0,196188037;0,454138975
09.08.25;02:00:00;98,76;196,1880369;0,196188037;0,454138975
09.08.25;03:00:00;97,71;196,1880369;0,196188037;0,454138975
09.08.25;04:00:00;98,22;196,1880369;0,196188037;0,454138975
09.08.25;05:00:00;98,28;196,1880369;0,196188037;0,454138975
09.08.25;06:00:00;92,82;196,1880369;0,196188037;0,454138975
09.08.25;07:00:00;74,72;0;0;0
09.08.25;08:00:00;24,72;0;0;0
09.08.25;09:00:00;0,39;0;0;0
09.08.25;10:00:00;-2;0;0;0
09.08.25;11:00:00;-8,3;0;0;0
09.08.25;12:00:00;-17,52;0;0;0
09.08.25;13:00:00;-17,78;0;0;0
09.08.25;14:00:00;-8,2;0;0;0
09.08.25;15:00:00;0,11;0;0;0
09.08.25;16:00:00;12,15;0;0;0
09.08.25;17:00:00;85,86;0;0;0
09.08.25;18:00:00;102,68;196,1880369;0,196188037;0,454138975
09.08.25;19:00:00;123,1;324,0075155;0,324007516;0,750017398
09.08.25;20:00:00;119,02;324,0075155;0,324007516;0,750017398
09.08.25;21:00:00;107,92;324,0075155;0,324007516;0,750017398
09.08.25;22:00:00;97,04;196,1880369;0,196188037;0,454138975
09.08.25;23:00:00;91;196,1880369;0,196188037;0,454138975
10.08.25;00:00:00;86,52;0;0;0
10.08.25;01:00:00;84,2;0;0;0
10.08.25;02:00:00;79,63;0;0;0
10.08.25;03:00:00;80,71;0;0;0
10.08.25;04:00:00;83,96;0;0;0
10.08.25;05:00:00;79,42;0;0;0
10.08.25;06:00:00;67,36;0;0;0
10.08.25;07:00:00;23,6;0;0;0
10.08.25;08:00:00;0,99;0;0;0
10.08.25;09:00:00;-4,16;0;0;0
10.08.25;10:00:00;-21,49;0;0;0
10.08.25;11:00:00;-47,28;0;0;0
10.08.25;12:00:00;-71,26;0;0;0
10.08.25;13:00:00;-62,73;0;0;0
10.08.25;14:00:00;-31,24;0;0;0
10.08.25;15:00:00;-5,09;0;0;0
10.08.25;16:00:00;2,81;0;0;0
10.08.25;17:00:00;81,32;0;0;0
10.08.25;18:00:00;106,98;324,0075155;0,324007516;0,750017398
10.08.25;19:00:00;119,62;324,0075155;0,324007516;0,750017398
10.08.25;20:00:00;121,82;324,0075155;0,324007516;0,750017398
10.08.25;21:00:00;110,72;324,0075155;0,324007516;0,750017398
10.08.25;22:00:00;101,66;196,1880369;0,196188037;0,454138975
10.08.25;23:00:00;95,52;196,1880369;0,196188037;0,454138975
11.08.25;00:00:00;90,54;196,1880369;0,196188037;0,454138975
11.08.25;01:00:00;87,85;196,1880369;0,196188037;0,454138975
11.08.25;02:00:00;86,6;0;0;0
11.08.25;03:00:00;91,47;196,1880369;0,196188037;0,454138975
11.08.25;04:00:00;100,71;196,1880369;0,196188037;0,454138975
11.08.25;05:00:00;122,11;324,0075155;0,324007516;0,750017398
11.08.25;06:00:00;127,99;324,0075155;0,324007516;0,750017398
11.08.25;07:00:00;105,39;324,0075155;0,324007516;0,750017398
11.08.25;08:00:00;89;196,1880369;0,196188037;0,454138975
11.08.25;09:00:00;49,34;0;0;0
11.08.25;10:00:00;10,38;0;0;0
11.08.25;11:00:00;4,15;0;0;0
11.08.25;12:00:00;1,64;0;0;0
11.08.25;13:00:00;1,4;0;0;0
11.08.25;14:00:00;9,55;0;0;0
11.08.25;15:00:00;51,23;0;0;0
11.08.25;16:00:00;87,74;196,1880369;0,196188037;0,454138975
11.08.25;17:00:00;108,2;324,0075155;0,324007516;0,750017398
11.08.25;18:00:00;146,12;324,0075155;0,324007516;0,750017398
11.08.25;19:00:00;191,88;324,0075155;0,324007516;0,750017398
11.08.25;20:00:00;148,91;324,0075155;0,324007516;0,750017398
11.08.25;21:00:00;113,53;324,0075155;0,324007516;0,750017398
11.08.25;22:00:00;99,9;196,1880369;0,196188037;0,454138975
11.08.25;23:00:00;94,96;196,1880369;0,196188037;0,454138975
12.08.25;00:00:00;91,56;196,1880369;0,196188037;0,454138975
12.08.25;01:00:00;88,32;196,1880369;0,196188037;0,454138975
12.08.25;02:00:00;88,17;196,1880369;0,196188037;0,454138975
12.08.25;03:00:00;89,06;196,1880369;0,196188037;0,454138975
12.08.25;04:00:00;98,29;196,1880369;0,196188037;0,454138975
12.08.25;05:00:00;115,06;324,0075155;0,324007516;0,750017398
12.08.25;06:00:00;113,59;324,0075155;0,324007516;0,750017398
12.08.25;07:00:00;101,74;196,1880369;0,196188037;0,454138975
12.08.25;08:00:00;90,65;196,1880369;0,196188037;0,454138975
12.08.25;09:00:00;73,94;0;0;0
12.08.25;10:00:00;36,83;0;0;0
12.08.25;11:00:00;11,98;0;0;0
12.08.25;12:00:00;8,47;0;0;0
12.08.25;13:00:00;8,9;0;0;0
12.08.25;14:00:00;30,27;0;0;0
12.08.25;15:00:00;71,97;0;0;0
12.08.25;16:00:00;96,14;196,1880369;0,196188037;0,454138975
12.08.25;17:00:00;108,89;324,0075155;0,324007516;0,750017398
12.08.25;18:00:00;143,66;324,0075155;0,324007516;0,750017398
12.08.25;19:00:00;162,88;324,0075155;0,324007516;0,750017398
12.08.25;20:00:00;140,48;324,0075155;0,324007516;0,750017398
12.08.25;21:00:00;111,42;324,0075155;0,324007516;0,750017398
12.08.25;22:00:00;98,22;196,1880369;0,196188037;0,454138975
12.08.25;23:00:00;98,26;196,1880369;0,196188037;0,454138975
13.08.25;00:00:00;91,82;196,1880369;0,196188037;0,454138975
13.08.25;01:00:00;88,99;196,1880369;0,196188037;0,454138975
13.08.25;02:00:00;86,27;0;0;0
13.08.25;03:00:00;87,49;0;0;0
13.08.25;04:00:00;96,04;196,1880369;0,196188037;0,454138975
13.08.25;05:00:00;108,31;324,0075155;0,324007516;0,750017398
13.08.25;06:00:00;108,97;324,0075155;0,324007516;0,750017398
13.08.25;07:00:00;106,07;324,0075155;0,324007516;0,750017398
13.08.25;08:00:00;94,9;196,1880369;0,196188037;0,454138975
13.08.25;09:00:00;82,78;0;0;0
13.08.25;10:00:00;57,29;0;0;0
13.08.25;11:00:00;32,12;0;0;0
13.08.25;12:00:00;21,34;0;0;0
13.08.25;13:00:00;31,57;0;0;0
13.08.25;14:00:00;58,78;0;0;0
13.08.25;15:00:00;84,76;0;0;0
13.08.25;16:00:00;99,13;196,1880369;0,196188037;0,454138975
13.08.25;17:00:00;117,48;324,0075155;0,324007516;0,750017398
13.08.25;18:00:00;183,06;324,0075155;0,324007516;0,750017398
13.08.25;19:00:00;209,49;324,0075155;0,324007516;0,750017398
13.08.25;20:00:00;151,63;324,0075155;0,324007516;0,750017398
13.08.25;21:00:00;125,12;324,0075155;0,324007516;0,750017398
13.08.25;22:00:00;107,3;324,0075155;0,324007516;0,750017398
13.08.25;23:00:00;98,52;196,1880369;0,196188037;0,454138975
14.08.25;00:00:00;93,6;196,1880369;0,196188037;0,454138975
14.08.25;01:00:00;90,75;196,1880369;0,196188037;0,454138975
14.08.25;02:00:00;89,32;196,1880369;0,196188037;0,454138975
14.08.25;03:00:00;89,5;196,1880369;0,196188037;0,454138975
14.08.25;04:00:00;96,71;196,1880369;0,196188037;0,454138975
14.08.25;05:00:00;112,09;324,0075155;0,324007516;0,750017398
14.08.25;06:00:00;112,6;324,0075155;0,324007516;0,750017398
14.08.25;07:00:00;99,78;196,1880369;0,196188037;0,454138975
14.08.25;08:00:00;90,76;196,1880369;0,196188037;0,454138975
14.08.25;09:00:00;82,86;0;0;0
14.08.25;10:00:00;69,5;0;0;0
14.08.25;11:00:00;56,39;0;0;0
14.08.25;12:00:00;45,01;0;0;0
14.08.25;13:00:00;56,96;0;0;0
14.08.25;14:00:00;75,17;0;0;0
14.08.25;15:00:00;86,36;0;0;0
14.08.25;16:00:00;101,67;196,1880369;0,196188037;0,454138975
14.08.25;17:00:00;119,6;324,0075155;0,324007516;0,750017398
14.08.25;18:00:00;229,19;324,0075155;0,324007516;0,750017398
14.08.25;19:00:00;283,15;324,0075155;0,324007516;0,750017398
14.08.25;20:00:00;162,53;324,0075155;0,324007516;0,750017398
14.08.25;21:00:00;124;324,0075155;0,324007516;0,750017398
14.08.25;22:00:00;108,14;324,0075155;0,324007516;0,750017398
14.08.25;23:00:00;101,87;196,1880369;0,196188037;0,454138975
15.08.25;00:00:00;96,6;196,1880369;0,196188037;0,454138975
15.08.25;01:00:00;91,74;196,1880369;0,196188037;0,454138975
15.08.25;02:00:00;90,04;196,1880369;0,196188037;0,454138975
15.08.25;03:00:00;93,19;196,1880369;0,196188037;0,454138975
15.08.25;04:00:00;97,41;196,1880369;0,196188037;0,454138975
15.08.25;05:00:00;104,39;324,0075155;0,324007516;0,750017398
15.08.25;06:00:00;103,62;324,0075155;0,324007516;0,750017398
15.08.25;07:00:00;95,66;196,1880369;0,196188037;0,454138975
15.08.25;08:00:00;80,2;0;0;0
15.08.25;09:00:00;46,92;0;0;0
15.08.25;10:00:00;5,5;0;0;0
15.08.25;11:00:00;1,76;0;0;0
15.08.25;12:00:00;1;0;0;0
15.08.25;13:00:00;1,19;0;0;0
15.08.25;14:00:00;5,86;0;0;0
15.08.25;15:00:00;34,19;0;0;0
15.08.25;16:00:00;79,05;0;0;0
15.08.25;17:00:00;100,7;196,1880369;0,196188037;0,454138975
15.08.25;18:00:00;111,44;324,0075155;0,324007516;0,750017398
15.08.25;19:00:00;123,27;324,0075155;0,324007516;0,750017398
15.08.25;20:00:00;114,15;324,0075155;0,324007516;0,750017398
15.08.25;21:00:00;105,29;324,0075155;0,324007516;0,750017398
15.08.25;22:00:00;97,24;196,1880369;0,196188037;0,454138975
15.08.25;23:00:00;95,51;196,1880369;0,196188037;0,454138975
16.08.25;00:00:00;90,29;196,1880369;0,196188037;0,454138975
16.08.25;01:00:00;88,76;196,1880369;0,196188037;0,454138975
16.08.25;02:00:00;84,57;0;0;0
16.08.25;03:00:00;83,88;0;0;0
16.08.25;04:00:00;86,55;0;0;0
16.08.25;05:00:00;88,36;196,1880369;0,196188037;0,454138975
16.08.25;06:00:00;86,61;0;0;0
16.08.25;07:00:00;83,76;0;0;0
16.08.25;08:00:00;66,35;0;0;0
16.08.25;09:00:00;24,05;0;0;0
16.08.25;10:00:00;6,78;0;0;0
16.08.25;11:00:00;1,35;0;0;0
16.08.25;12:00:00;0,02;0;0;0
16.08.25;13:00:00;0;0;0;0
16.08.25;14:00:00;-0,9;0;0;0
16.08.25;15:00:00;0,71;0;0;0
16.08.25;16:00:00;20,73;0;0;0
16.08.25;17:00:00;69,9;0;0;0
16.08.25;18:00:00;96,81;196,1880369;0,196188037;0,454138975
16.08.25;19:00:00;101,88;196,1880369;0,196188037;0,454138975
16.08.25;20:00:00;100,48;196,1880369;0,196188037;0,454138975
16.08.25;21:00:00;96,05;196,1880369;0,196188037;0,454138975
16.08.25;22:00:00;90,28;196,1880369;0,196188037;0,454138975
16.08.25;23:00:00;89,72;196,1880369;0,196188037;0,454138975
17.08.25;00:00:00;85,3;0;0;0
17.08.25;01:00:00;85,7;0;0;0
17.08.25;02:00:00;85,33;0;0;0
17.08.25;03:00:00;85,34;0;0;0
17.08.25;04:00:00;87,19;0;0;0
17.08.25;05:00:00;86,57;0;0;0
17.08.25;06:00:00;79,13;0;0;0
17.08.25;07:00:00;73,48;0;0;0
17.08.25;08:00:00;30,03;0;0;0
17.08.25;09:00:00;5,36;0;0;0
17.08.25;10:00:00;-0,4;0;0;0
17.08.25;11:00:00;-1,1;0;0;0
17.08.25;12:00:00;-5,65;0;0;0
17.08.25;13:00:00;-4,71;0;0;0
17.08.25;14:00:00;0,24;0;0;0
17.08.25;15:00:00;10,68;0;0;0
17.08.25;16:00:00;70,47;0;0;0
17.08.25;17:00:00;99,69;196,1880369;0,196188037;0,454138975
17.08.25;18:00:00;114,3;324,0075155;0,324007516;0,750017398
17.08.25;19:00:00;115,26;324,0075155;0,324007516;0,750017398
17.08.25;20:00:00;113,72;324,0075155;0,324007516;0,750017398
17.08.25;21:00:00;106,89;324,0075155;0,324007516;0,750017398
17.08.25;22:00:00;102,04;196,1880369;0,196188037;0,454138975
17.08.25;23:00:00;93,98;196,1880369;0,196188037;0,454138975
18.08.25;00:00:00;89,41;196,1880369;0,196188037;0,454138975
18.08.25;01:00:00;86,21;0;0;0
18.08.25;02:00:00;86,12;0;0;0
18.08.25;03:00:00;89,15;196,1880369;0,196188037;0,454138975
18.08.25;04:00:00;101,03;196,1880369;0,196188037;0,454138975
18.08.25;05:00:00;123,41;324,0075155;0,324007516;0,750017398
18.08.25;06:00:00;129,71;324,0075155;0,324007516;0,750017398
18.08.25;07:00:00;109,88;324,0075155;0,324007516;0,750017398
18.08.25;08:00:00;90,07;196,1880369;0,196188037;0,454138975
18.08.25;09:00:00;71,86;0;0;0
18.08.25;10:00:00;54,96;0;0;0
18.08.25;11:00:00;25,51;0;0;0
18.08.25;12:00:00;17,74;0;0;0
18.08.25;13:00:00;19,82;0;0;0
18.08.25;14:00:00;50,95;0;0;0
18.08.25;15:00:00;69,92;0;0;0
18.08.25;16:00:00;91,87;196,1880369;0,196188037;0,454138975
18.08.25;17:00:00;111,11;324,0075155;0,324007516;0,750017398
18.08.25;18:00:00;183,35;324,0075155;0,324007516;0,750017398
18.08.25;19:00:00;218,04;324,0075155;0,324007516;0,750017398
18.08.25;20:00:00;140,5;324,0075155;0,324007516;0,750017398
18.08.25;21:00:00;113,12;324,0075155;0,324007516;0,750017398
18.08.25;22:00:00;103,6;324,0075155;0,324007516;0,750017398
18.08.25;23:00:00;100,22;196,1880369;0,196188037;0,454138975
19.08.25;00:00:00;94,73;196,1880369;0,196188037;0,454138975
19.08.25;01:00:00;90,42;196,1880369;0,196188037;0,454138975
19.08.25;02:00:00;88,08;196,1880369;0,196188037;0,454138975
19.08.25;03:00:00;91,54;196,1880369;0,196188037;0,454138975
19.08.25;04:00:00;101,5;196,1880369;0,196188037;0,454138975
19.08.25;05:00:00;115,52;324,0075155;0,324007516;0,750017398
19.08.25;06:00:00;115,16;324,0075155;0,324007516;0,750017398
19.08.25;07:00:00;100,95;196,1880369;0,196188037;0,454138975
19.08.25;08:00:00;90,41;196,1880369;0,196188037;0,454138975
19.08.25;09:00:00;69,85;0;0;0
19.08.25;10:00:00;43,55;0;0;0
19.08.25;11:00:00;16,17;0;0;0
19.08.25;12:00:00;6,86;0;0;0
19.08.25;13:00:00;10,48;0;0;0
19.08.25;14:00:00;26,49;0;0;0
19.08.25;15:00:00;62,56;0;0;0
19.08.25;16:00:00;91,7;196,1880369;0,196188037;0,454138975
19.08.25;17:00:00;104,8;324,0075155;0,324007516;0,750017398
19.08.25;18:00:00;128,64;324,0075155;0,324007516;0,750017398
19.08.25;19:00:00;138,38;324,0075155;0,324007516;0,750017398
19.08.25;20:00:00;114,58;324,0075155;0,324007516;0,750017398
19.08.25;21:00:00;102,93;196,1880369;0,196188037;0,454138975
19.08.25;22:00:00;94,64;196,1880369;0,196188037;0,454138975
19.08.25;23:00:00;97,27;196,1880369;0,196188037;0,454138975
20.08.25;00:00:00;91,18;196,1880369;0,196188037;0,454138975
20.08.25;01:00:00;86,73;0;0;0
20.08.25;02:00:00;84,82;0;0;0
20.08.25;03:00:00;87,74;196,1880369;0,196188037;0,454138975
20.08.25;04:00:00;97,88;196,1880369;0,196188037;0,454138975
20.08.25;05:00:00;107,57;324,0075155;0,324007516;0,750017398
20.08.25;06:00:00;108,69;324,0075155;0,324007516;0,750017398
20.08.25;07:00:00;99,53;196,1880369;0,196188037;0,454138975
20.08.25;08:00:00;90,46;196,1880369;0,196188037;0,454138975
20.08.25;09:00:00;79,82;0;0;0
20.08.25;10:00:00;66,86;0;0;0
20.08.25;11:00:00;49,94;0;0;0
20.08.25;12:00:00;38,34;0;0;0
20.08.25;13:00:00;47,76;0;0;0
20.08.25;14:00:00;70,43;0;0;0
20.08.25;15:00:00;85,36;0;0;0
20.08.25;16:00:00;101,11;196,1880369;0,196188037;0,454138975
20.08.25;17:00:00;109,79;324,0075155;0,324007516;0,750017398
20.08.25;18:00:00;127,8;324,0075155;0,324007516;0,750017398
20.08.25;19:00:00;126,08;324,0075155;0,324007516;0,750017398
20.08.25;20:00:00;112,75;324,0075155;0,324007516;0,750017398
20.08.25;21:00:00;102,79;196,1880369;0,196188037;0,454138975
20.08.25;22:00:00;97,34;196,1880369;0,196188037;0,454138975
20.08.25;23:00:00;95,93;196,1880369;0,196188037;0,454138975
21.08.25;00:00:00;91,02;196,1880369;0,196188037;0,454138975
21.08.25;01:00:00;89,04;196,1880369;0,196188037;0,454138975
21.08.25;02:00:00;90,6;196,1880369;0,196188037;0,454138975
21.08.25;03:00:00;93,24;196,1880369;0,196188037;0,454138975
21.08.25;04:00:00;104,59;324,0075155;0,324007516;0,750017398
21.08.25;05:00:00;114,48;324,0075155;0,324007516;0,750017398
21.08.25;06:00:00;117,12;324,0075155;0,324007516;0,750017398
21.08.25;07:00:00;108,29;324,0075155;0,324007516;0,750017398
21.08.25;08:00:00;97,75;196,1880369;0,196188037;0,454138975
21.08.25;09:00:00;87,87;196,1880369;0,196188037;0,454138975
21.08.25;10:00:00;77,26;0;0;0
21.08.25;11:00:00;67,7;0;0;0
21.08.25;12:00:00;60,03;0;0;0
21.08.25;13:00:00;54,64;0;0;0
21.08.25;14:00:00;65,89;0;0;0
21.08.25;15:00:00;73,6;0;0;0
21.08.25;16:00:00;88,92;196,1880369;0,196188037;0,454138975
21.08.25;17:00:00;100,17;196,1880369;0,196188037;0,454138975
21.08.25;18:00:00;106,01;324,0075155;0,324007516;0,750017398
21.08.25;19:00:00;111,16;324,0075155;0,324007516;0,750017398
21.08.25;20:00:00;107,56;324,0075155;0,324007516;0,750017398
21.08.25;21:00:00;101,29;196,1880369;0,196188037;0,454138975
21.08.25;22:00:00;91,48;196,1880369;0,196188037;0,454138975
21.08.25;23:00:00;89,87;196,1880369;0,196188037;0,454138975
22.08.25;00:00:00;84,54;0;0;0
22.08.25;01:00:00;81,24;0;0;0
22.08.25;02:00:00;80,09;0;0;0
22.08.25;03:00:00;81,16;0;0;0
22.08.25;04:00:00;90,24;196,1880369;0,196188037;0,454138975
22.08.25;05:00:00;104,22;324,0075155;0,324007516;0,750017398
22.08.25;06:00:00;107,72;324,0075155;0,324007516;0,750017398
22.08.25;07:00:00;102,07;196,1880369;0,196188037;0,454138975
22.08.25;08:00:00;88,96;196,1880369;0,196188037;0,454138975
22.08.25;09:00:00;68,83;0;0;0
22.08.25;10:00:00;38,3;0;0;0
22.08.25;11:00:00;19,12;0;0;0
22.08.25;12:00:00;7,96;0;0;0
22.08.25;13:00:00;1,93;0;0;0
22.08.25;14:00:00;6,66;0;0;0
22.08.25;15:00:00;36,84;0;0;0
22.08.25;16:00:00;72,31;0;0;0
22.08.25;17:00:00;95,82;196,1880369;0,196188037;0,454138975
22.08.25;18:00:00;107,76;324,0075155;0,324007516;0,750017398
22.08.25;19:00:00;115,11;324,0075155;0,324007516;0,750017398
22.08.25;20:00:00;109,58;324,0075155;0,324007516;0,750017398
22.08.25;21:00:00;102,89;196,1880369;0,196188037;0,454138975
22.08.25;22:00:00;95,57;196,1880369;0,196188037;0,454138975
22.08.25;23:00:00;95,87;196,1880369;0,196188037;0,454138975
23.08.25;00:00:00;89,66;196,1880369;0,196188037;0,454138975
23.08.25;01:00:00;87,38;0;0;0
23.08.25;02:00:00;83,96;0;0;0
23.08.25;03:00:00;83,68;0;0;0
23.08.25;04:00:00;83,7;0;0;0
23.08.25;05:00:00;86,17;0;0;0
23.08.25;06:00:00;86,41;0;0;0
23.08.25;07:00:00;80,47;0;0;0
23.08.25;08:00:00;59,9;0;0;0
23.08.25;09:00:00;15,4;0;0;0
23.08.25;10:00:00;3,06;0;0;0
23.08.25;11:00:00;1,15;0;0;0
23.08.25;12:00:00;0,42;0;0;0
23.08.25;13:00:00;0,08;0;0;0
23.08.25;14:00:00;2,22;0;0;0
23.08.25;15:00:00;9,86;0;0;0
23.08.25;16:00:00;66,82;0;0;0
23.08.25;17:00:00;99,22;196,1880369;0,196188037;0,454138975
23.08.25;18:00:00;111,1;324,0075155;0,324007516;0,750017398
23.08.25;19:00:00;120,58;324,0075155;0,324007516;0,750017398
23.08.25;20:00:00;116,83;324,0075155;0,324007516;0,750017398
23.08.25;21:00:00;109,14;324,0075155;0,324007516;0,750017398
23.08.25;22:00:00;104,39;324,0075155;0,324007516;0,750017398
23.08.25;23:00:00;100,25;196,1880369;0,196188037;0,454138975
24.08.25;00:00:00;94,56;196,1880369;0,196188037;0,454138975
24.08.25;01:00:00;93,95;196,1880369;0,196188037;0,454138975
24.08.25;02:00:00;93,06;196,1880369;0,196188037;0,454138975
24.08.25;03:00:00;90,44;196,1880369;0,196188037;0,454138975
24.08.25;04:00:00;92;196,1880369;0,196188037;0,454138975
24.08.25;05:00:00;91,22;196,1880369;0,196188037;0,454138975
24.08.25;06:00:00;84,37;0;0;0
24.08.25;07:00:00;68,63;0;0;0
24.08.25;08:00:00;9,98;0;0;0
24.08.25;09:00:00;0,38;0;0;0
24.08.25;10:00:00;-1,94;0;0;0
24.08.25;11:00:00;-3,69;0;0;0
24.08.25;12:00:00;-10,47;0;0;0
24.08.25;13:00:00;-8,89;0;0;0
24.08.25;14:00:00;-1,16;0;0;0
24.08.25;15:00:00;1,43;0;0;0
24.08.25;16:00:00;54,1;0;0;0
24.08.25;17:00:00;96,68;196,1880369;0,196188037;0,454138975
24.08.25;18:00:00;109,09;324,0075155;0,324007516;0,750017398
24.08.25;19:00:00;119,11;324,0075155;0,324007516;0,750017398
24.08.25;20:00:00;115,71;324,0075155;0,324007516;0,750017398
24.08.25;21:00:00;107,56;324,0075155;0,324007516;0,750017398
24.08.25;22:00:00;101,24;196,1880369;0,196188037;0,454138975
24.08.25;23:00:00;95,09;196,1880369;0,196188037;0,454138975
25.08.25;00:00:00;88,32;196,1880369;0,196188037;0,454138975
25.08.25;01:00:00;85,69;0;0;0
25.08.25;02:00:00;84,3;0;0;0
25.08.25;03:00:00;86,84;0;0;0
25.08.25;04:00:00;100,39;196,1880369;0,196188037;0,454138975
25.08.25;05:00:00;116,47;324,0075155;0,324007516;0,750017398
25.08.25;06:00:00;124,32;324,0075155;0,324007516;0,750017398
25.08.25;07:00:00;111,22;324,0075155;0,324007516;0,750017398
25.08.25;08:00:00;92,63;196,1880369;0,196188037;0,454138975
25.08.25;09:00:00;68,62;0;0;0
25.08.25;10:00:00;37,4;0;0;0
25.08.25;11:00:00;8,97;0;0;0
25.08.25;12:00:00;5,67;0;0;0
25.08.25;13:00:00;5,74;0;0;0
25.08.25;14:00:00;24,85;0;0;0
25.08.25;15:00:00;59,56;0;0;0
25.08.25;16:00:00;87,73;196,1880369;0,196188037;0,454138975
25.08.25;17:00:00;111,55;324,0075155;0,324007516;0,750017398
25.08.25;18:00:00;154,07;324,0075155;0,324007516;0,750017398
25.08.25;19:00:00;208,92;324,0075155;0,324007516;0,750017398
25.08.25;20:00:00;138,5;324,0075155;0,324007516;0,750017398
25.08.25;21:00:00;116,24;324,0075155;0,324007516;0,750017398
25.08.25;22:00:00;105,96;324,0075155;0,324007516;0,750017398
25.08.25;23:00:00;104,32;324,0075155;0,324007516;0,750017398
26.08.25;00:00:00;99,43;196,1880369;0,196188037;0,454138975
26.08.25;01:00:00;95,73;196,1880369;0,196188037;0,454138975
26.08.25;02:00:00;94,33;196,1880369;0,196188037;0,454138975
26.08.25;03:00:00;95,62;196,1880369;0,196188037;0,454138975
26.08.25;04:00:00;106,13;324,0075155;0,324007516;0,750017398
26.08.25;05:00:00;123,3;324,0075155;0,324007516;0,750017398
26.08.25;06:00:00;124,85;324,0075155;0,324007516;0,750017398
26.08.25;07:00:00;107,31;324,0075155;0,324007516;0,750017398
26.08.25;08:00:00;91,95;196,1880369;0,196188037;0,454138975
26.08.25;09:00:00;77,83;0;0;0
26.08.25;10:00:00;58,92;0;0;0
26.08.25;11:00:00;40;0;0;0
26.08.25;12:00:00;28,14;0;0;0
26.08.25;13:00:00;40,47;0;0;0
26.08.25;14:00:00;70,64;0;0;0
26.08.25;15:00:00;86,21;0;0;0
26.08.25;16:00:00;103,94;324,0075155;0,324007516;0,750017398
26.08.25;17:00:00;125,84;324,0075155;0,324007516;0,750017398
26.08.25;18:00:00;182,5;324,0075155;0,324007516;0,750017398
26.08.25;19:00:00;173,82;324,0075155;0,324007516;0,750017398
26.08.25;20:00:00;124,66;324,0075155;0,324007516;0,750017398
26.08.25;21:00:00;109,82;324,0075155;0,324007516;0,750017398
26.08.25;22:00:00;96,79;196,1880369;0,196188037;0,454138975
26.08.25;23:00:00;96,4;196,1880369;0,196188037;0,454138975
27.08.25;00:00:00;90,44;196,1880369;0,196188037;0,454138975
27.08.25;01:00:00;86,84;0;0;0
27.08.25;02:00:00;86,51;0;0;0
27.08.25;03:00:00;88,48;196,1880369;0,196188037;0,454138975
27.08.25;04:00:00;96,44;196,1880369;0,196188037;0,454138975
27.08.25;05:00:00;108,06;324,0075155;0,324007516;0,750017398
27.08.25;06:00:00;116,64;324,0075155;0,324007516;0,750017398
27.08.25;07:00:00;110,44;324,0075155;0,324007516;0,750017398
27.08.25;08:00:00;100,16;196,1880369;0,196188037;0,454138975
27.08.25;09:00:00;86,65;0;0;0
27.08.25;10:00:00;79;0;0;0
27.08.25;11:00:00;59,71;0;0;0
27.08.25;12:00:00;49,24;0;0;0
27.08.25;13:00:00;51,92;0;0;0
27.08.25;14:00:00;75,61;0;0;0
27.08.25;15:00:00;85,74;0;0;0
27.08.25;16:00:00;104,56;324,0075155;0,324007516;0,750017398
27.08.25;17:00:00;133,94;324,0075155;0,324007516;0,750017398
27.08.25;18:00:00;220,64;324,0075155;0,324007516;0,750017398
27.08.25;19:00:00;237,7;324,0075155;0,324007516;0,750017398
27.08.25;20:00:00;135,49;324,0075155;0,324007516;0,750017398
27.08.25;21:00:00;112,73;324,0075155;0,324007516;0,750017398
27.08.25;22:00:00;102,07;196,1880369;0,196188037;0,454138975
27.08.25;23:00:00;99,81;196,1880369;0,196188037;0,454138975
28.08.25;00:00:00;94,62;196,1880369;0,196188037;0,454138975
28.08.25;01:00:00;90,75;196,1880369;0,196188037;0,454138975
28.08.25;02:00:00;89,9;196,1880369;0,196188037;0,454138975
28.08.25;03:00:00;92,06;196,1880369;0,196188037;0,454138975
28.08.25;04:00:00;101,14;196,1880369;0,196188037;0,454138975
28.08.25;05:00:00;121,75;324,0075155;0,324007516;0,750017398
28.08.25;06:00:00;141,33;324,0075155;0,324007516;0,750017398
28.08.25;07:00:00;143,65;324,0075155;0,324007516;0,750017398
28.08.25;08:00:00;122,31;324,0075155;0,324007516;0,750017398
28.08.25;09:00:00;114,12;324,0075155;0,324007516;0,750017398
28.08.25;10:00:00;111,1;324,0075155;0,324007516;0,750017398
28.08.25;11:00:00;108,55;324,0075155;0,324007516;0,750017398
28.08.25;12:00:00;106,13;324,0075155;0,324007516;0,750017398
28.08.25;13:00:00;103,64;324,0075155;0,324007516;0,750017398
28.08.25;14:00:00;105,06;324,0075155;0,324007516;0,750017398
28.08.25;15:00:00;106,02;324,0075155;0,324007516;0,750017398
28.08.25;16:00:00;125,68;324,0075155;0,324007516;0,750017398
28.08.25;17:00:00;155,84;324,0075155;0,324007516;0,750017398
28.08.25;18:00:00;203,6;324,0075155;0,324007516;0,750017398
28.08.25;19:00:00;170,78;324,0075155;0,324007516;0,750017398
28.08.25;20:00:00;128,11;324,0075155;0,324007516;0,750017398
28.08.25;21:00:00;109,91;324,0075155;0,324007516;0,750017398
28.08.25;22:00:00;96,06;196,1880369;0,196188037;0,454138975
28.08.25;23:00:00;89,26;196,1880369;0,196188037;0,454138975
29.08.25;00:00:00;86,54;0;0;0
29.08.25;01:00:00;85,8;0;0;0
29.08.25;02:00:00;84,5;0;0;0
29.08.25;03:00:00;85,5;0;0;0
29.08.25;04:00:00;93,19;196,1880369;0,196188037;0,454138975
29.08.25;05:00:00;115,39;324,0075155;0,324007516;0,750017398
29.08.25;06:00:00;123,9;324,0075155;0,324007516;0,750017398
29.08.25;07:00:00;119,6;324,0075155;0,324007516;0,750017398
29.08.25;08:00:00;107,06;324,0075155;0,324007516;0,750017398
29.08.25;09:00:00;87,91;196,1880369;0,196188037;0,454138975
29.08.25;10:00:00;78,53;0;0;0
29.08.25;11:00:00;67,84;0;0;0
29.08.25;12:00:00;56,41;0;0;0
29.08.25;13:00:00;59,04;0;0;0
29.08.25;14:00:00;71,08;0;0;0
29.08.25;15:00:00;84,59;0;0;0
29.08.25;16:00:00;103,02;196,1880369;0,196188037;0,454138975
29.08.25;17:00:00;119,85;324,0075155;0,324007516;0,750017398
29.08.25;18:00:00;147,34;324,0075155;0,324007516;0,750017398
29.08.25;19:00:00;125,65;324,0075155;0,324007516;0,750017398
29.08.25;20:00:00;112,39;324,0075155;0,324007516;0,750017398
29.08.25;21:00:00;98,03;196,1880369;0,196188037;0,454138975
29.08.25;22:00:00;89,37;196,1880369;0,196188037;0,454138975
29.08.25;23:00:00;91,47;196,1880369;0,196188037;0,454138975
30.08.25;00:00:00;87,08;0;0;0
30.08.25;01:00:00;84,45;0;0;0
30.08.25;02:00:00;83,14;0;0;0
30.08.25;03:00:00;84,87;0;0;0
30.08.25;04:00:00;89,4;196,1880369;0,196188037;0,454138975
30.08.25;05:00:00;95,41;196,1880369;0,196188037;0,454138975
30.08.25;06:00:00;96,98;196,1880369;0,196188037;0,454138975
30.08.25;07:00:00;90,9;196,1880369;0,196188037;0,454138975
30.08.25;08:00:00;77,27;0;0;0
30.08.25;09:00:00;39,88;0;0;0
30.08.25;10:00:00;7,02;0;0;0
30.08.25;11:00:00;1,55;0;0;0
30.08.25;12:00:00;-0,67;0;0;0
30.08.25;13:00:00;0,46;0;0;0
30.08.25;14:00:00;-0,19;0;0;0
30.08.25;15:00:00;13,59;0;0;0
30.08.25;16:00:00;79,09;0;0;0
30.08.25;17:00:00;101,47;196,1880369;0,196188037;0,454138975
30.08.25;18:00:00;123,58;324,0075155;0,324007516;0,750017398
30.08.25;19:00:00;129,76;324,0075155;0,324007516;0,750017398
30.08.25;20:00:00;116,84;324,0075155;0,324007516;0,750017398
30.08.25;21:00:00;105,2;324,0075155;0,324007516;0,750017398
30.08.25;22:00:00;92,41;196,1880369;0,196188037;0,454138975
30.08.25;23:00:00;87,96;196,1880369;0,196188037;0,454138975
31.08.25;00:00:00;79,96;0;0;0
31.08.25;01:00:00;73,38;0;0;0
31.08.25;02:00:00;68,92;0;0;0
31.08.25;03:00:00;63,21;0;0;0
31.08.25;04:00:00;64;0;0;0
31.08.25;05:00:00;63,46;0;0;0
31.08.25;06:00:00;59,03;0;0;0
31.08.25;07:00:00;33,44;0;0;0
31.08.25;08:00:00;9,6;0;0;0
31.08.25;09:00:00;1,24;0;0;0
31.08.25;10:00:00;-0,71;0;0;0
31.08.25;11:00:00;-1,95;0;0;0
31.08.25;12:00:00;-3,77;0;0;0
31.08.25;13:00:00;-2,55;0;0;0
31.08.25;14:00:00;0,24;0;0;0
31.08.25;15:00:00;22,04;0;0;0
31.08.25;16:00:00;83,25;0;0;0
31.08.25;17:00:00;114,69;324,0075155;0,324007516;0,750017398
31.08.25;18:00:00;134,18;324,0075155;0,324007516;0,750017398
31.08.25;19:00:00;139,35;324,0075155;0,324007516;0,750017398
31.08.25;20:00:00;115,69;324,0075155;0,324007516;0,750017398
31.08.25;21:00:00;103,77;324,0075155;0,324007516;0,750017398
31.08.25;22:00:00;94,42;196,1880369;0,196188037;0,454138975
31.08.25;23:00:00;87,91;196,1880369;0,196188037;0,454138975
01.09.25;00:00:00;84,62;0;0;0
01.09.25;01:00:00;83,27;0;0;0
01.09.25;02:00:00;81,74;0;0;0
01.09.25;03:00:00;82,74;0;0;0
01.09.25;04:00:00;93,18;196,1880369;0,196188037;0,454138975
01.09.25;05:00:00;115,54;324,0075155;0,324007516;0,750017398
01.09.25;06:00:00;121,34;324,0075155;0,324007516;0,750017398
01.09.25;07:00:00;112,62;324,0075155;0,324007516;0,750017398
01.09.25;08:00:00;98,14;196,1880369;0,196188037;0,454138975
01.09.25;09:00:00;85,8;0;0;0
01.09.25;10:00:00;73,41;0;0;0
01.09.25;11:00:00;50,18;0;0;0
01.09.25;12:00:00;38,06;0;0;0
01.09.25;13:00:00;49,39;0;0;0
01.09.25;14:00:00;65,83;0;0;0
01.09.25;15:00:00;83,18;0;0;0
01.09.25;16:00:00;105,62;324,0075155;0,324007516;0,750017398
01.09.25;17:00:00;134,87;324,0075155;0,324007516;0,750017398
01.09.25;18:00:00;206,66;324,0075155;0,324007516;0,750017398
01.09.25;19:00:00;178,17;324,0075155;0,324007516;0,750017398
01.09.25;20:00:00;118,3;324,0075155;0,324007516;0,750017398
01.09.25;21:00:00;105,57;324,0075155;0,324007516;0,750017398
01.09.25;22:00:00;95,38;196,1880369;0,196188037;0,454138975
01.09.25;23:00:00;95,25;196,1880369;0,196188037;0,454138975
02.09.25;00:00:00;91,5;196,1880369;0,196188037;0,454138975
02.09.25;01:00:00;90,98;196,1880369;0,196188037;0,454138975
02.09.25;02:00:00;89,7;196,1880369;0,196188037;0,454138975
02.09.25;03:00:00;93,66;196,1880369;0,196188037;0,454138975
02.09.25;04:00:00;103,6;324,0075155;0,324007516;0,750017398
02.09.25;05:00:00;129,16;324,0075155;0,324007516;0,750017398
02.09.25;06:00:00;152,7;324,0075155;0,324007516;0,750017398
02.09.25;07:00:00;141,28;324,0075155;0,324007516;0,750017398
02.09.25;08:00:00;115,87;324,0075155;0,324007516;0,750017398
02.09.25;09:00:00;101,79;196,1880369;0,196188037;0,454138975
02.09.25;10:00:00;89,18;196,1880369;0,196188037;0,454138975
02.09.25;11:00:00;82,44;0;0;0
02.09.25;12:00:00;78,93;0;0;0
02.09.25;13:00:00;77,81;0;0;0
02.09.25;14:00:00;81,84;0;0;0
02.09.25;15:00:00;93,26;196,1880369;0,196188037;0,454138975
02.09.25;16:00:00;108,77;324,0075155;0,324007516;0,750017398
02.09.25;17:00:00;159,91;324,0075155;0,324007516;0,750017398
02.09.25;18:00:00;278,88;324,0075155;0,324007516;0,750017398
02.09.25;19:00:00;238,22;324,0075155;0,324007516;0,750017398
02.09.25;20:00:00;137,36;324,0075155;0,324007516;0,750017398
02.09.25;21:00:00;110,78;324,0075155;0,324007516;0,750017398
02.09.25;22:00:00;96,17;196,1880369;0,196188037;0,454138975
02.09.25;23:00:00;97,18;196,1880369;0,196188037;0,454138975
03.09.25;00:00:00;90,06;196,1880369;0,196188037;0,454138975
03.09.25;01:00:00;85;0;0;0
03.09.25;02:00:00;81,77;0;0;0
03.09.25;03:00:00;81,34;0;0;0
03.09.25;04:00:00;86,77;0;0;0
03.09.25;05:00:00;102,44;196,1880369;0,196188037;0,454138975
03.09.25;06:00:00;109,97;324,0075155;0,324007516;0,750017398
03.09.25;07:00:00;103,5;324,0075155;0,324007516;0,750017398
03.09.25;08:00:00;84,81;0;0;0
03.09.25;09:00:00;36,47;0;0;0
03.09.25;10:00:00;3,47;0;0;0
03.09.25;11:00:00;-0,25;0;0;0
03.09.25;12:00:00;-1,02;0;0;0
03.09.25;13:00:00;-1,12;0;0;0
03.09.25;14:00:00;3,58;0;0;0
03.09.25;15:00:00;15,22;0;0;0
03.09.25;16:00:00;65,91;0;0;0
03.09.25;17:00:00;98,27;196,1880369;0,196188037;0,454138975
03.09.25;18:00:00;110,7;324,0075155;0,324007516;0,750017398
03.09.25;19:00:00;108,53;324,0075155;0,324007516;0,750017398
03.09.25;20:00:00;92,61;196,1880369;0,196188037;0,454138975
03.09.25;21:00:00;81,29;0;0;0
03.09.25;22:00:00;61,53;0;0;0
03.09.25;23:00:00;33,54;0;0;0
04.09.25;00:00:00;28,35;0;0;0
04.09.25;01:00:00;29,52;0;0;0
04.09.25;02:00:00;37,77;0;0;0
04.09.25;03:00:00;57,73;0;0;0
04.09.25;04:00:00;81,69;0;0;0
04.09.25;05:00:00;107,62;324,0075155;0,324007516;0,750017398
04.09.25;06:00:00;120,84;324,0075155;0,324007516;0,750017398
04.09.25;07:00:00;103,8;324,0075155;0,324007516;0,750017398
04.09.25;08:00:00;81,23;0;0;0
04.09.25;09:00:00;51,21;0;0;0
04.09.25;10:00:00;20,74;0;0;0
04.09.25;11:00:00;11,26;0;0;0
04.09.25;12:00:00;10,35;0;0;0
04.09.25;13:00:00;35,52;0;0;0
04.09.25;14:00:00;73,15;0;0;0
04.09.25;15:00:00;93,61;196,1880369;0,196188037;0,454138975
04.09.25;16:00:00;111,16;324,0075155;0,324007516;0,750017398
04.09.25;17:00:00;184,71;324,0075155;0,324007516;0,750017398
04.09.25;18:00:00;310,81;324,0075155;0,324007516;0,750017398
04.09.25;19:00:00;224,28;324,0075155;0,324007516;0,750017398
04.09.25;20:00:00;131,95;324,0075155;0,324007516;0,750017398
04.09.25;21:00:00;113,36;324,0075155;0,324007516;0,750017398
04.09.25;22:00:00;103,55;324,0075155;0,324007516;0,750017398
04.09.25;23:00:00;97,67;196,1880369;0,196188037;0,454138975
05.09.25;00:00:00;92,11;196,1880369;0,196188037;0,454138975
05.09.25;01:00:00;88,12;196,1880369;0,196188037;0,454138975
05.09.25;02:00:00;87,09;0;0;0
05.09.25;03:00:00;89,02;196,1880369;0,196188037;0,454138975
05.09.25;04:00:00;98,52;196,1880369;0,196188037;0,454138975
05.09.25;05:00:00;118,64;324,0075155;0,324007516;0,750017398
05.09.25;06:00:00;132,95;324,0075155;0,324007516;0,750017398
05.09.25;07:00:00;126,15;324,0075155;0,324007516;0,750017398
05.09.25;08:00:00;102,91;196,1880369;0,196188037;0,454138975
05.09.25;09:00:00;91,63;196,1880369;0,196188037;0,454138975
05.09.25;10:00:00;87,52;0;0;0
05.09.25;11:00:00;75,38;0;0;0
05.09.25;12:00:00;68,14;0;0;0
05.09.25;13:00:00;69,29;0;0;0
05.09.25;14:00:00;75,21;0;0;0
05.09.25;15:00:00;85,93;0;0;0
05.09.25;16:00:00;96,05;196,1880369;0,196188037;0,454138975
05.09.25;17:00:00;121,08;324,0075155;0,324007516;0,750017398
05.09.25;18:00:00;184,34;324,0075155;0,324007516;0,750017398
05.09.25;19:00:00;163,64;324,0075155;0,324007516;0,750017398
05.09.25;20:00:00;121,1;324,0075155;0,324007516;0,750017398
05.09.25;21:00:00;107,95;324,0075155;0,324007516;0,750017398
05.09.25;22:00:00;102,53;196,1880369;0,196188037;0,454138975
05.09.25;23:00:00;102,29;196,1880369;0,196188037;0,454138975
06.09.25;00:00:00;99,94;196,1880369;0,196188037;0,454138975
06.09.25;01:00:00;99,74;196,1880369;0,196188037;0,454138975
06.09.25;02:00:00;97,69;196,1880369;0,196188037;0,454138975
06.09.25;03:00:00;97,56;196,1880369;0,196188037;0,454138975
06.09.25;04:00:00;99,64;196,1880369;0,196188037;0,454138975
06.09.25;05:00:00;105,54;324,0075155;0,324007516;0,750017398
06.09.25;06:00:00;105,25;324,0075155;0,324007516;0,750017398
06.09.25;07:00:00;97,09;196,1880369;0,196188037;0,454138975
06.09.25;08:00:00;80,6;0;0;0
06.09.25;09:00:00;26,17;0;0;0
06.09.25;10:00:00;0,99;0;0;0
06.09.25;11:00:00;-0,62;0;0;0
06.09.25;12:00:00;-1,14;0;0;0
06.09.25;13:00:00;-1,21;0;0;0
06.09.25;14:00:00;2,1;0;0;0
06.09.25;15:00:00;44,97;0;0;0
06.09.25;16:00:00;90,64;196,1880369;0,196188037;0,454138975
06.09.25;17:00:00;117,89;324,0075155;0,324007516;0,750017398
06.09.25;18:00:00;158,93;324,0075155;0,324007516;0,750017398
06.09.25;19:00:00;142,63;324,0075155;0,324007516;0,750017398
06.09.25;20:00:00;114,04;324,0075155;0,324007516;0,750017398
06.09.25;21:00:00;98,02;196,1880369;0,196188037;0,454138975
06.09.25;22:00:00;85,24;0;0;0
06.09.25;23:00:00;91,86;196,1880369;0,196188037;0,454138975
07.09.25;00:00:00;85,19;0;0;0
07.09.25;01:00:00;82,67;0;0;0
07.09.25;02:00:00;82,16;0;0;0
07.09.25;03:00:00;81,81;0;0;0
07.09.25;04:00:00;81,85;0;0;0
07.09.25;05:00:00;81,25;0;0;0
07.09.25;06:00:00;63,5;0;0;0
07.09.25;07:00:00;14,87;0;0;0
07.09.25;08:00:00;1,86;0;0;0
07.09.25;09:00:00;-2;0;0;0
07.09.25;10:00:00;-13,02;0;0;0
07.09.25;11:00:00;-30,7;0;0;0
07.09.25;12:00:00;-46,75;0;0;0
07.09.25;13:00:00;-40,42;0;0;0
07.09.25;14:00:00;-13,97;0;0;0
07.09.25;15:00:00;-0,79;0;0;0
07.09.25;16:00:00;33,33;0;0;0
07.09.25;17:00:00;94,24;196,1880369;0,196188037;0,454138975
07.09.25;18:00:00;110,31;324,0075155;0,324007516;0,750017398
07.09.25;19:00:00;102,94;196,1880369;0,196188037;0,454138975
07.09.25;20:00:00;94,05;196,1880369;0,196188037;0,454138975
07.09.25;21:00:00;86,89;0;0;0
07.09.25;22:00:00;85,13;0;0;0
07.09.25;23:00:00;73,05;0;0;0
08.09.25;00:00:00;76,1;0;0;0
08.09.25;01:00:00;77,18;0;0;0
08.09.25;02:00:00;78,3;0;0;0
08.09.25;03:00:00;81,94;0;0;0
08.09.25;04:00:00;92,9;196,1880369;0,196188037;0,454138975
08.09.25;05:00:00;113,64;324,0075155;0,324007516;0,750017398
08.09.25;06:00:00;139,43;324,0075155;0,324007516;0,750017398
08.09.25;07:00:00;122,22;324,0075155;0,324007516;0,750017398
08.09.25;08:00:00;102,36;196,1880369;0,196188037;0,454138975
08.09.25;09:00:00;88,11;196,1880369;0,196188037;0,454138975
08.09.25;10:00:00;77,17;0;0;0
08.09.25;11:00:00;67,03;0;0;0
08.09.25;12:00:00;64,96;0;0;0
08.09.25;13:00:00;73,2;0;0;0
08.09.25;14:00:00;82,3;0;0;0
08.09.25;15:00:00;98,56;196,1880369;0,196188037;0,454138975
08.09.25;16:00:00;118,66;324,0075155;0,324007516;0,750017398
08.09.25;17:00:00;189,18;324,0075155;0,324007516;0,750017398
08.09.25;18:00:00;359,44;324,0075155;0,324007516;0,750017398
08.09.25;19:00:00;276,32;324,0075155;0,324007516;0,750017398
08.09.25;20:00:00;148,48;324,0075155;0,324007516;0,750017398
08.09.25;21:00:00;118,43;324,0075155;0,324007516;0,750017398
08.09.25;22:00:00;107,83;324,0075155;0,324007516;0,750017398
08.09.25;23:00:00;111,62;324,0075155;0,324007516;0,750017398
09.09.25;00:00:00;108,97;324,0075155;0,324007516;0,750017398
09.09.25;01:00:00;105,97;324,0075155;0,324007516;0,750017398
09.09.25;02:00:00;105,65;324,0075155;0,324007516;0,750017398
09.09.25;03:00:00;108,17;324,0075155;0,324007516;0,750017398
09.09.25;04:00:00;116,38;324,0075155;0,324007516;0,750017398
09.09.25;05:00:00;171,23;324,0075155;0,324007516;0,750017398
09.09.25;06:00:00;257,88;324,0075155;0,324007516;0,750017398
09.09.25;07:00:00;192,52;324,0075155;0,324007516;0,750017398
09.09.25;08:00:00;128,82;324,0075155;0,324007516;0,750017398
09.09.25;09:00:00;110,55;324,0075155;0,324007516;0,750017398
09.09.25;10:00:00;102,76;196,1880369;0,196188037;0,454138975
09.09.25;11:00:00;92,21;196,1880369;0,196188037;0,454138975
09.09.25;12:00:00;90,26;196,1880369;0,196188037;0,454138975
09.09.25;13:00:00;90,08;196,1880369;0,196188037;0,454138975
09.09.25;14:00:00;95,77;196,1880369;0,196188037;0,454138975
09.09.25;15:00:00;104,82;324,0075155;0,324007516;0,750017398
09.09.25;16:00:00;127,8;324,0075155;0,324007516;0,750017398
09.09.25;17:00:00;196,34;324,0075155;0,324007516;0,750017398
09.09.25;18:00:00;371,05;324,0075155;0,324007516;0,750017398
09.09.25;19:00:00;230,54;324,0075155;0,324007516;0,750017398
09.09.25;20:00:00;136,3;324,0075155;0,324007516;0,750017398
09.09.25;21:00:00;115,77;324,0075155;0,324007516;0,750017398
09.09.25;22:00:00;105,94;324,0075155;0,324007516;0,750017398
09.09.25;23:00:00;105,76;324,0075155;0,324007516;0,750017398
10.09.25;00:00:00;104,5;324,0075155;0,324007516;0,750017398
10.09.25;01:00:00;102,02;196,1880369;0,196188037;0,454138975
10.09.25;02:00:00;102,4;196,1880369;0,196188037;0,454138975
10.09.25;03:00:00;103,68;324,0075155;0,324007516;0,750017398
10.09.25;04:00:00;113,79;324,0075155;0,324007516;0,750017398
10.09.25;05:00:00;149,72;324,0075155;0,324007516;0,750017398
10.09.25;06:00:00;243,15;324,0075155;0,324007516;0,750017398
10.09.25;07:00:00;183,8;324,0075155;0,324007516;0,750017398
10.09.25;08:00:00;126,9;324,0075155;0,324007516;0,750017398
10.09.25;09:00:00;107,42;324,0075155;0,324007516;0,750017398
10.09.25;10:00:00;100,24;196,1880369;0,196188037;0,454138975
10.09.25;11:00:00;88,37;196,1880369;0,196188037;0,454138975
10.09.25;12:00:00;85,44;0;0;0
10.09.25;13:00:00;87,57;0;0;0
10.09.25;14:00:00;92,66;196,1880369;0,196188037;0,454138975
10.09.25;15:00:00;103,78;324,0075155;0,324007516;0,750017398
10.09.25;16:00:00;130,9;324,0075155;0,324007516;0,750017398
10.09.25;17:00:00;184,31;324,0075155;0,324007516;0,750017398
10.09.25;18:00:00;311,29;324,0075155;0,324007516;0,750017398
10.09.25;19:00:00;186,78;324,0075155;0,324007516;0,750017398
10.09.25;20:00:00;123,68;324,0075155;0,324007516;0,750017398
10.09.25;21:00:00;103,29;196,1880369;0,196188037;0,454138975
10.09.25;22:00:00;89,99;196,1880369;0,196188037;0,454138975
10.09.25;23:00:00;93,51;196,1880369;0,196188037;0,454138975
11.09.25;00:00:00;86,33;0;0;0
11.09.25;01:00:00;79,42;0;0;0
11.09.25;02:00:00;74,88;0;0;0
11.09.25;03:00:00;74,55;0;0;0
11.09.25;04:00:00;83,27;0;0;0
11.09.25;05:00:00;109,6;324,0075155;0,324007516;0,750017398
11.09.25;06:00:00;124,07;324,0075155;0,324007516;0,750017398
11.09.25;07:00:00;117,49;324,0075155;0,324007516;0,750017398
11.09.25;08:00:00;97,86;196,1880369;0,196188037;0,454138975
11.09.25;09:00:00;73,09;0;0;0
11.09.25;10:00:00;15,6;0;0;0
11.09.25;11:00:00;2,45;0;0;0
11.09.25;12:00:00;1,11;0;0;0
11.09.25;13:00:00;-0,76;0;0;0
11.09.25;14:00:00;2,8;0;0;0
11.09.25;15:00:00;19,99;0;0;0
11.09.25;16:00:00;80,26;0;0;0
11.09.25;17:00:00;113,2;324,0075155;0,324007516;0,750017398
11.09.25;18:00:00;134,06;324,0075155;0,324007516;0,750017398
11.09.25;19:00:00;127,09;324,0075155;0,324007516;0,750017398
11.09.25;20:00:00;109,82;324,0075155;0,324007516;0,750017398
11.09.25;21:00:00;87,82;196,1880369;0,196188037;0,454138975
11.09.25;22:00:00;67;0;0;0
11.09.25;23:00:00;40,71;0;0;0
12.09.25;00:00:00;32,82;0;0;0
12.09.25;01:00:00;22,04;0;0;0
12.09.25;02:00:00;20,65;0;0;0
12.09.25;03:00:00;32,98;0;0;0
12.09.25;04:00:00;56,8;0;0;0
12.09.25;05:00:00;95,24;196,1880369;0,196188037;0,454138975
12.09.25;06:00:00;109,49;324,0075155;0,324007516;0,750017398
12.09.25;07:00:00;101,32;196,1880369;0,196188037;0,454138975
12.09.25;08:00:00;60,39;0;0;0
12.09.25;09:00:00;15,16;0;0;0
12.09.25;10:00:00;-1,34;0;0;0
12.09.25;11:00:00;-3,59;0;0;0
12.09.25;12:00:00;-6,8;0;0;0
12.09.25;13:00:00;-5,75;0;0;0
12.09.25;14:00:00;-1,54;0;0;0
12.09.25;15:00:00;3,5;0;0;0
12.09.25;16:00:00;61,97;0;0;0
12.09.25;17:00:00;109,26;324,0075155;0,324007516;0,750017398
12.09.25;18:00:00;146,74;324,0075155;0,324007516;0,750017398
12.09.25;19:00:00;145,44;324,0075155;0,324007516;0,750017398
12.09.25;20:00:00;115,66;324,0075155;0,324007516;0,750017398
12.09.25;21:00:00;103,56;324,0075155;0,324007516;0,750017398
12.09.25;22:00:00;94,44;196,1880369;0,196188037;0,454138975
12.09.25;23:00:00;84,25;0;0;0
13.09.25;00:00:00;73,27;0;0;0
13.09.25;01:00:00;69,8;0;0;0
13.09.25;02:00:00;70,64;0;0;0
13.09.25;03:00:00;70,49;0;0;0
13.09.25;04:00:00;73,6;0;0;0
13.09.25;05:00:00;79,7;0;0;0
13.09.25;06:00:00;80,85;0;0;0
13.09.25;07:00:00;77,69;0;0;0
13.09.25;08:00:00;55,86;0;0;0
13.09.25;09:00:00;16,95;0;0;0
13.09.25;10:00:00;4,35;0;0;0
13.09.25;11:00:00;-1,14;0;0;0
13.09.25;12:00:00;-1,18;0;0;0
13.09.25;13:00:00;-1,19;0;0;0
13.09.25;14:00:00;-0,76;0;0;0
13.09.25;15:00:00;6,33;0;0;0
13.09.25;16:00:00;72,18;0;0;0
13.09.25;17:00:00;106,66;324,0075155;0,324007516;0,750017398
13.09.25;18:00:00;123,36;324,0075155;0,324007516;0,750017398
13.09.25;19:00:00;123,45;324,0075155;0,324007516;0,750017398
13.09.25;20:00:00;108,1;324,0075155;0,324007516;0,750017398
13.09.25;21:00:00;98,08;196,1880369;0,196188037;0,454138975
13.09.25;22:00:00;89,21;196,1880369;0,196188037;0,454138975
13.09.25;23:00:00;86,76;0;0;0
14.09.25;00:00:00;79,25;0;0;0
14.09.25;01:00:00;80,46;0;0;0
14.09.25;02:00:00;82,81;0;0;0
14.09.25;03:00:00;87,48;0;0;0
14.09.25;04:00:00;91,86;196,1880369;0,196188037;0,454138975
14.09.25;05:00:00;94,24;196,1880369;0,196188037;0,454138975
14.09.25;06:00:00;100,26;196,1880369;0,196188037;0,454138975
14.09.25;07:00:00;98,04;196,1880369;0,196188037;0,454138975
14.09.25;08:00:00;76,93;0;0;0
14.09.25;09:00:00;44,3;0;0;0
14.09.25;10:00:00;11,41;0;0;0
14.09.25;11:00:00;3,25;0;0;0
14.09.25;12:00:00;-0,03;0;0;0
14.09.25;13:00:00;-0,03;0;0;0
14.09.25;14:00:00;0,15;0;0;0
14.09.25;15:00:00;18,99;0;0;0
14.09.25;16:00:00;89,77;196,1880369;0,196188037;0,454138975
14.09.25;17:00:00;121,06;324,0075155;0,324007516;0,750017398
14.09.25;18:00:00;142,9;324,0075155;0,324007516;0,750017398
14.09.25;19:00:00;123,36;324,0075155;0,324007516;0,750017398
14.09.25;20:00:00;91,66;196,1880369;0,196188037;0,454138975
14.09.25;21:00:00;75,46;0;0;0
14.09.25;22:00:00;19,34;0;0;0
14.09.25;23:00:00;14,02;0;0;0
15.09.25;00:00:00;3,65;0;0;0
15.09.25;01:00:00;2,42;0;0;0
15.09.25;02:00:00;0,64;0;0;0
15.09.25;03:00:00;0,55;0;0;0
15.09.25;04:00:00;1,34;0;0;0
15.09.25;05:00:00;14,96;0;0;0
15.09.25;06:00:00;55,76;0;0;0
15.09.25;07:00:00;48,86;0;0;0
15.09.25;08:00:00;11,91;0;0;0
15.09.25;09:00:00;-1,13;0;0;0
15.09.25;10:00:00;-3,41;0;0;0
15.09.25;11:00:00;-15,22;0;0;0
15.09.25;12:00:00;-22,68;0;0;0
15.09.25;13:00:00;-20,08;0;0;0
15.09.25;14:00:00;-13,76;0;0;0
15.09.25;15:00:00;-4,17;0;0;0
15.09.25;16:00:00;2,12;0;0;0
15.09.25;17:00:00;43,54;0;0;0
15.09.25;18:00:00;73,62;0;0;0
15.09.25;19:00:00;72,27;0;0;0
15.09.25;20:00:00;34,89;0;0;0
15.09.25;21:00:00;26,5;0;0;0
15.09.25;22:00:00;13,21;0;0;0
15.09.25;23:00:00;-2,6;0;0;0
16.09.25;00:00:00;-2,7;0;0;0
16.09.25;01:00:00;-2,94;0;0;0
16.09.25;02:00:00;-3,25;0;0;0
16.09.25;03:00:00;-3,39;0;0;0
16.09.25;04:00:00;-2,3;0;0;0
16.09.25;05:00:00;2,12;0;0;0
16.09.25;06:00:00;17,25;0;0;0
16.09.25;07:00:00;5,35;0;0;0
16.09.25;08:00:00;-1;0;0;0
16.09.25;09:00:00;-5,36;0;0;0
16.09.25;10:00:00;-8,89;0;0;0
16.09.25;11:00:00;-15,81;0;0;0
16.09.25;12:00:00;-16,45;0;0;0
16.09.25;13:00:00;-9,66;0;0;0
16.09.25;14:00:00;-9,2;0;0;0
16.09.25;15:00:00;-2,97;0;0;0
16.09.25;16:00:00;2,77;0;0;0
16.09.25;17:00:00;70,62;0;0;0
16.09.25;18:00:00;99,24;196,1880369;0,196188037;0,454138975
16.09.25;19:00:00;104,25;324,0075155;0,324007516;0,750017398
16.09.25;20:00:00;87,18;0;0;0
16.09.25;21:00:00;73,37;0;0;0
16.09.25;22:00:00;59,69;0;0;0
16.09.25;23:00:00;62,93;0;0;0
17.09.25;00:00:00;56,95;0;0;0
17.09.25;01:00:00;49,63;0;0;0
17.09.25;02:00:00;49,26;0;0;0
17.09.25;03:00:00;58,43;0;0;0
17.09.25;04:00:00;75,78;0;0;0
17.09.25;05:00:00;98,36;196,1880369;0,196188037;0,454138975
17.09.25;06:00:00;117,27;324,0075155;0,324007516;0,750017398
17.09.25;07:00:00;112,88;324,0075155;0,324007516;0,750017398
17.09.25;08:00:00;97,89;196,1880369;0,196188037;0,454138975
17.09.25;09:00:00;71,84;0;0;0
17.09.25;10:00:00;47,54;0;0;0
17.09.25;11:00:00;19,28;0;0;0
17.09.25;12:00:00;13,07;0;0;0
17.09.25;13:00:00;10,42;0;0;0
17.09.25;14:00:00;33,97;0;0;0
17.09.25;15:00:00;73,01;0;0;0
17.09.25;16:00:00;105,34;324,0075155;0,324007516;0,750017398
17.09.25;17:00:00;118,82;324,0075155;0,324007516;0,750017398
17.09.25;18:00:00;137;324,0075155;0,324007516;0,750017398
17.09.25;19:00:00;122,75;324,0075155;0,324007516;0,750017398
17.09.25;20:00:00;95,41;196,1880369;0,196188037;0,454138975
17.09.25;21:00:00;84,35;0;0;0
17.09.25;22:00:00;70,74;0;0;0
17.09.25;23:00:00;56,84;0;0;0
18.09.25;00:00:00;50,44;0;0;0
18.09.25;01:00:00;41,29;0;0;0
18.09.25;02:00:00;37,55;0;0;0
18.09.25;03:00:00;48,6;0;0;0
18.09.25;04:00:00;72,04;0;0;0
18.09.25;05:00:00;105,37;324,0075155;0,324007516;0,750017398
18.09.25;06:00:00;119,3;324,0075155;0,324007516;0,750017398
18.09.25;07:00:00;111,2;324,0075155;0,324007516;0,750017398
18.09.25;08:00:00;93,21;196,1880369;0,196188037;0,454138975
18.09.25;09:00:00;66,83;0;0;0
18.09.25;10:00:00;12,54;0;0;0
18.09.25;11:00:00;5,59;0;0;0
18.09.25;12:00:00;0,9;0;0;0
18.09.25;13:00:00;0,75;0;0;0
18.09.25;14:00:00;3,57;0;0;0
18.09.25;15:00:00;24,74;0;0;0
18.09.25;16:00:00;91,07;196,1880369;0,196188037;0,454138975
18.09.25;17:00:00;114,39;324,0075155;0,324007516;0,750017398
18.09.25;18:00:00;137,78;324,0075155;0,324007516;0,750017398
18.09.25;19:00:00;124,58;324,0075155;0,324007516;0,750017398
18.09.25;20:00:00;107,08;324,0075155;0,324007516;0,750017398
18.09.25;21:00:00;96,98;196,1880369;0,196188037;0,454138975
18.09.25;22:00:00;88,08;196,1880369;0,196188037;0,454138975
18.09.25;23:00:00;74,33;0;0;0
19.09.25;00:00:00;70,5;0;0;0
19.09.25;01:00:00;71,03;0;0;0
19.09.25;02:00:00;72,28;0;0;0
19.09.25;03:00:00;76,02;0;0;0
19.09.25;04:00:00;90,4;196,1880369;0,196188037;0,454138975
19.09.25;05:00:00;116,15;324,0075155;0,324007516;0,750017398
19.09.25;06:00:00;142,62;324,0075155;0,324007516;0,750017398
19.09.25;07:00:00;116,43;324,0075155;0,324007516;0,750017398
19.09.25;08:00:00;91,39;196,1880369;0,196188037;0,454138975
19.09.25;09:00:00;56,82;0;0;0
19.09.25;10:00:00;10,47;0;0;0
19.09.25;11:00:00;0,95;0;0;0
19.09.25;12:00:00;-0,44;0;0;0
19.09.25;13:00:00;-0,44;0;0;0
19.09.25;14:00:00;9,92;0;0;0
19.09.25;15:00:00;71,85;0;0;0
19.09.25;16:00:00;114,92;324,0075155;0,324007516;0,750017398
19.09.25;17:00:00;224,1;324,0075155;0,324007516;0,750017398
19.09.25;18:00:00;360,22;324,0075155;0,324007516;0,750017398
19.09.25;19:00:00;160,69;324,0075155;0,324007516;0,750017398
19.09.25;20:00:00;111,32;324,0075155;0,324007516;0,750017398
19.09.25;21:00:00;93,6;196,1880369;0,196188037;0,454138975
19.09.25;22:00:00;85,69;0;0;0
19.09.25;23:00:00;85,62;0;0;0
20.09.25;00:00:00;78,24;0;0;0
20.09.25;01:00:00;76,24;0;0;0
20.09.25;02:00:00;75,25;0;0;0
20.09.25;03:00:00;75,34;0;0;0
20.09.25;04:00:00;79,09;0;0;0
20.09.25;05:00:00;87,12;0;0;0
20.09.25;06:00:00;88,13;196,1880369;0,196188037;0,454138975
20.09.25;07:00:00;73,44;0;0;0
20.09.25;08:00:00;34,63;0;0;0
20.09.25;09:00:00;5,64;0;0;0
20.09.25;10:00:00;0,86;0;0;0
20.09.25;11:00:00;-2,76;0;0;0
20.09.25;12:00:00;-5,66;0;0;0
20.09.25;13:00:00;-2,74;0;0;0
20.09.25;14:00:00;0,58;0;0;0
20.09.25;15:00:00;28,3;0;0;0
20.09.25;16:00:00;92,79;196,1880369;0,196188037;0,454138975
20.09.25;17:00:00;122,21;324,0075155;0,324007516;0,750017398
20.09.25;18:00:00;134,96;324,0075155;0,324007516;0,750017398
20.09.25;19:00:00;102,89;196,1880369;0,196188037;0,454138975
20.09.25;20:00:00;86,07;0;0;0
20.09.25;21:00:00;75,12;0;0;0
20.09.25;22:00:00;53,36;0;0;0
20.09.25;23:00:00;28,2;0;0;0
21.09.25;00:00:00;19,91;0;0;0
21.09.25;01:00:00;14,96;0;0;0
21.09.25;02:00:00;9,59;0;0;0
21.09.25;03:00:00;8,25;0;0;0
21.09.25;04:00:00;8,34;0;0;0
21.09.25;05:00:00;10,44;0;0;0
21.09.25;06:00:00;11,32;0;0;0
21.09.25;07:00:00;6,49;0;0;0
21.09.25;08:00:00;5,14;0;0;0
21.09.25;09:00:00;3,11;0;0;0
21.09.25;10:00:00;2,26;0;0;0
21.09.25;11:00:00;1,4;0;0;0
21.09.25;12:00:00;0,13;0;0;0
21.09.25;13:00:00;2,45;0;0;0
21.09.25;14:00:00;10,49;0;0;0
21.09.25;15:00:00;39,8;0;0;0
21.09.25;16:00:00;88,94;196,1880369;0,196188037;0,454138975
21.09.25;17:00:00;112,85;324,0075155;0,324007516;0,750017398
21.09.25;18:00:00;123,67;324,0075155;0,324007516;0,750017398
21.09.25;19:00:00;119,27;324,0075155;0,324007516;0,750017398
21.09.25;20:00:00;106,15;324,0075155;0,324007516;0,750017398
21.09.25;21:00:00;100,18;196,1880369;0,196188037;0,454138975
21.09.25;22:00:00;92,76;196,1880369;0,196188037;0,454138975
21.09.25;23:00:00;86,32;0;0;0
22.09.25;00:00:00;81,6;0;0;0
22.09.25;01:00:00;77,22;0;0;0
22.09.25;02:00:00;75,16;0;0;0
22.09.25;03:00:00;76,84;0;0;0
22.09.25;04:00:00;89,7;196,1880369;0,196188037;0,454138975
22.09.25;05:00:00;119,91;324,0075155;0,324007516;0,750017398
22.09.25;06:00:00;141,09;324,0075155;0,324007516;0,750017398
22.09.25;07:00:00;139,26;324,0075155;0,324007516;0,750017398
22.09.25;08:00:00;124,64;324,0075155;0,324007516;0,750017398
22.09.25;09:00:00;109,21;324,0075155;0,324007516;0,750017398
22.09.25;10:00:00;90,75;196,1880369;0,196188037;0,454138975
22.09.25;11:00:00;81,07;0;0;0
22.09.25;12:00:00;79,59;0;0;0
22.09.25;13:00:00;76,31;0;0;0
22.09.25;14:00:00;85,31;0;0;0
22.09.25;15:00:00;94,71;196,1880369;0,196188037;0,454138975
22.09.25;16:00:00;109,51;324,0075155;0,324007516;0,750017398
22.09.25;17:00:00;133,74;324,0075155;0,324007516;0,750017398
22.09.25;18:00:00;165,9;324,0075155;0,324007516;0,750017398
22.09.25;19:00:00;148,21;324,0075155;0,324007516;0,750017398
22.09.25;20:00:00;121,23;324,0075155;0,324007516;0,750017398
22.09.25;21:00:00;104,91;324,0075155;0,324007516;0,750017398
22.09.25;22:00:00;95,97;196,1880369;0,196188037;0,454138975
22.09.25;23:00:00;90,58;196,1880369;0,196188037;0,454138975
23.09.25;00:00:00;89,39;196,1880369;0,196188037;0,454138975
23.09.25;01:00:00;88,72;196,1880369;0,196188037;0,454138975
23.09.25;02:00:00;89,78;196,1880369;0,196188037;0,454138975
23.09.25;03:00:00;91,17;196,1880369;0,196188037;0,454138975
23.09.25;04:00:00;97,52;196,1880369;0,196188037;0,454138975
23.09.25;05:00:00;125,24;324,0075155;0,324007516;0,750017398
23.09.25;06:00:00;192,55;324,0075155;0,324007516;0,750017398
23.09.25;07:00:00;167,8;324,0075155;0,324007516;0,750017398
23.09.25;08:00:00;125,43;324,0075155;0,324007516;0,750017398
23.09.25;09:00:00;96,9;196,1880369;0,196188037;0,454138975
23.09.25;10:00:00;89,75;196,1880369;0,196188037;0,454138975
23.09.25;11:00:00;79,9;0;0;0
23.09.25;12:00:00;76,76;0;0;0
23.09.25;13:00:00;76,93;0;0;0
23.09.25;14:00:00;84,97;0;0;0
23.09.25;15:00:00;89,44;196,1880369;0,196188037;0,454138975
23.09.25;16:00:00;111,71;324,0075155;0,324007516;0,750017398
23.09.25;17:00:00;138,25;324,0075155;0,324007516;0,750017398
23.09.25;18:00:00;154,09;324,0075155;0,324007516;0,750017398
23.09.25;19:00:00;122,7;324,0075155;0,324007516;0,750017398
23.09.25;20:00:00;101,3;196,1880369;0,196188037;0,454138975
23.09.25;21:00:00;87,96;196,1880369;0,196188037;0,454138975
23.09.25;22:00:00;83;0;0;0
23.09.25;23:00:00;86,2;0;0;0
24.09.25;00:00:00;83,16;0;0;0
24.09.25;01:00:00;82,63;0;0;0
24.09.25;02:00:00;80,14;0;0;0
24.09.25;03:00:00;81,11;0;0;0
24.09.25;04:00:00;85,74;0;0;0
24.09.25;05:00:00;110,87;324,0075155;0,324007516;0,750017398
24.09.25;06:00:00;124,1;324,0075155;0,324007516;0,750017398
24.09.25;07:00:00;124,03;324,0075155;0,324007516;0,750017398
24.09.25;08:00:00;107,7;324,0075155;0,324007516;0,750017398
24.09.25;09:00:00;88,04;196,1880369;0,196188037;0,454138975
24.09.25;10:00:00;71;0;0;0
24.09.25;11:00:00;36,75;0;0;0
24.09.25;12:00:00;18,67;0;0;0
24.09.25;13:00:00;22,3;0;0;0
24.09.25;14:00:00;33,03;0;0;0
24.09.25;15:00:00;68,53;0;0;0
24.09.25;16:00:00;87,57;0;0;0
24.09.25;17:00:00;112,53;324,0075155;0,324007516;0,750017398
24.09.25;18:00:00;119,05;324,0075155;0,324007516;0,750017398
24.09.25;19:00:00;110,41;324,0075155;0,324007516;0,750017398
24.09.25;20:00:00;91,19;196,1880369;0,196188037;0,454138975
24.09.25;21:00:00;81,86;0;0;0
24.09.25;22:00:00;68,44;0;0;0
24.09.25;23:00:00;68,59;0;0;0
25.09.25;00:00:00;62,6;0;0;0
25.09.25;01:00:00;60,27;0;0;0
25.09.25;02:00:00;60,46;0;0;0
25.09.25;03:00:00;65,26;0;0;0
25.09.25;04:00:00;76,29;0;0;0
25.09.25;05:00:00;101,41;196,1880369;0,196188037;0,454138975
25.09.25;06:00:00;116,93;324,0075155;0,324007516;0,750017398
25.09.25;07:00:00;118,63;324,0075155;0,324007516;0,750017398
25.09.25;08:00:00;102,4;196,1880369;0,196188037;0,454138975
25.09.25;09:00:00;78,02;0;0;0
25.09.25;10:00:00;61,6;0;0;0
25.09.25;11:00:00;33,47;0;0;0
25.09.25;12:00:00;14,59;0;0;0
25.09.25;13:00:00;18,2;0;0;0
25.09.25;14:00:00;38,91;0;0;0
25.09.25;15:00:00;73,63;0;0;0
25.09.25;16:00:00;90,29;196,1880369;0,196188037;0,454138975
25.09.25;17:00:00;114,42;324,0075155;0,324007516;0,750017398
25.09.25;18:00:00;123,14;324,0075155;0,324007516;0,750017398
25.09.25;19:00:00;118,88;324,0075155;0,324007516;0,750017398
25.09.25;20:00:00;102,05;196,1880369;0,196188037;0,454138975
25.09.25;21:00:00;92,14;196,1880369;0,196188037;0,454138975
25.09.25;22:00:00;80,78;0;0;0
25.09.25;23:00:00;78,59;0;0;0
26.09.25;00:00:00;76,08;0;0;0
26.09.25;01:00:00;73,99;0;0;0
26.09.25;02:00:00;73,86;0;0;0
26.09.25;03:00:00;75,57;0;0;0
26.09.25;04:00:00;82,75;0;0;0
26.09.25;05:00:00;108,15;324,0075155;0,324007516;0,750017398
26.09.25;06:00:00;124,36;324,0075155;0,324007516;0,750017398
26.09.25;07:00:00;125,16;324,0075155;0,324007516;0,750017398
26.09.25;08:00:00;110,91;324,0075155;0,324007516;0,750017398
26.09.25;09:00:00;92,46;196,1880369;0,196188037;0,454138975
26.09.25;10:00:00;85,66;0;0;0
26.09.25;11:00:00;75,33;0;0;0
26.09.25;12:00:00;71,17;0;0;0
26.09.25;13:00:00;71,36;0;0;0
26.09.25;14:00:00;78,56;0;0;0
26.09.25;15:00:00;95,67;196,1880369;0,196188037;0,454138975
26.09.25;16:00:00;109,59;324,0075155;0,324007516;0,750017398
26.09.25;17:00:00;125,69;324,0075155;0,324007516;0,750017398
26.09.25;18:00:00;135,3;324,0075155;0,324007516;0,750017398
26.09.25;19:00:00;120,57;324,0075155;0,324007516;0,750017398
26.09.25;20:00:00;106,1;324,0075155;0,324007516;0,750017398
26.09.25;21:00:00;97,64;196,1880369;0,196188037;0,454138975
26.09.25;22:00:00;90,12;196,1880369;0,196188037;0,454138975
26.09.25;23:00:00;86,99;0;0;0
27.09.25;00:00:00;85,98;0;0;0
27.09.25;01:00:00;83,68;0;0;0
27.09.25;02:00:00;83,16;0;0;0
27.09.25;03:00:00;85,1;0;0;0
27.09.25;04:00:00;87,63;196,1880369;0,196188037;0,454138975
27.09.25;05:00:00;91,79;196,1880369;0,196188037;0,454138975
27.09.25;06:00:00;104,38;324,0075155;0,324007516;0,750017398
27.09.25;07:00:00;105,76;324,0075155;0,324007516;0,750017398
27.09.25;08:00:00;95,54;196,1880369;0,196188037;0,454138975
27.09.25;09:00:00;86,1;0;0;0
27.09.25;10:00:00;72,65;0;0;0
27.09.25;11:00:00;60,03;0;0;0
27.09.25;12:00:00;41,39;0;0;0
27.09.25;13:00:00;53,93;0;0;0
27.09.25;14:00:00;73,55;0;0;0
27.09.25;15:00:00;90,54;196,1880369;0,196188037;0,454138975
27.09.25;16:00:00;109,83;324,0075155;0,324007516;0,750017398
27.09.25;17:00:00;134,11;324,0075155;0,324007516;0,750017398
27.09.25;18:00:00;150,25;324,0075155;0,324007516;0,750017398
27.09.25;19:00:00;126,01;324,0075155;0,324007516;0,750017398
27.09.25;20:00:00;113,76;324,0075155;0,324007516;0,750017398
27.09.25;21:00:00;107,78;324,0075155;0,324007516;0,750017398
27.09.25;22:00:00;99,67;196,1880369;0,196188037;0,454138975
27.09.25;23:00:00;100;196,1880369;0,196188037;0,454138975
28.09.25;00:00:00;95,32;196,1880369;0,196188037;0,454138975
28.09.25;01:00:00;95,16;196,1880369;0,196188037;0,454138975
28.09.25;02:00:00;93,45;196,1880369;0,196188037;0,454138975
28.09.25;03:00:00;97,84;196,1880369;0,196188037;0,454138975
28.09.25;04:00:00;98,49;196,1880369;0,196188037;0,454138975
28.09.25;05:00:00;100,6;196,1880369;0,196188037;0,454138975
28.09.25;06:00:00;102,9;196,1880369;0,196188037;0,454138975
28.09.25;07:00:00;99,99;196,1880369;0,196188037;0,454138975
28.09.25;08:00:00;91,71;196,1880369;0,196188037;0,454138975
28.09.25;09:00:00;70,56;0;0;0
28.09.25;10:00:00;27,2;0;0;0
28.09.25;11:00:00;12,98;0;0;0
28.09.25;12:00:00;7,1;0;0;0
28.09.25;13:00:00;10,03;0;0;0
28.09.25;14:00:00;43,59;0;0;0
28.09.25;15:00:00;82,7;0;0;0
28.09.25;16:00:00;106,73;324,0075155;0,324007516;0,750017398
28.09.25;17:00:00;133,11;324,0075155;0,324007516;0,750017398
28.09.25;18:00:00;145,94;324,0075155;0,324007516;0,750017398
28.09.25;19:00:00;125,87;324,0075155;0,324007516;0,750017398
28.09.25;20:00:00;112,72;324,0075155;0,324007516;0,750017398
28.09.25;21:00:00;104,85;324,0075155;0,324007516;0,750017398
28.09.25;22:00:00;98,36;196,1880369;0,196188037;0,454138975
28.09.25;23:00:00;90,78;196,1880369;0,196188037;0,454138975
29.09.25;00:00:00;88,85;196,1880369;0,196188037;0,454138975
29.09.25;01:00:00;88,39;196,1880369;0,196188037;0,454138975
29.09.25;02:00:00;88,47;196,1880369;0,196188037;0,454138975
29.09.25;03:00:00;93,17;196,1880369;0,196188037;0,454138975
29.09.25;04:00:00;101,36;196,1880369;0,196188037;0,454138975
29.09.25;05:00:00;136,5;324,0075155;0,324007516;0,750017398
29.09.25;06:00:00;213,13;324,0075155;0,324007516;0,750017398
29.09.25;07:00:00;176,64;324,0075155;0,324007516;0,750017398
29.09.25;08:00:00;125,08;324,0075155;0,324007516;0,750017398
29.09.25;09:00:00;97,16;196,1880369;0,196188037;0,454138975
29.09.25;10:00:00;88,59;196,1880369;0,196188037;0,454138975
29.09.25;11:00:00;80,86;0;0;0
29.09.25;12:00:00;79,03;0;0;0
29.09.25;13:00:00;83,43;0;0;0
29.09.25;14:00:00;89,22;196,1880369;0,196188037;0,454138975
29.09.25;15:00:00;105,76;324,0075155;0,324007516;0,750017398
29.09.25;16:00:00;140,8;324,0075155;0,324007516;0,750017398
29.09.25;17:00:00;276,38;324,0075155;0,324007516;0,750017398
29.09.25;18:00:00;404,84;324,0075155;0,324007516;0,750017398
29.09.25;19:00:00;182,03;324,0075155;0,324007516;0,750017398
29.09.25;20:00:00;126,35;324,0075155;0,324007516;0,750017398
29.09.25;21:00:00;111,55;324,0075155;0,324007516;0,750017398
29.09.25;22:00:00;99,33;196,1880369;0,196188037;0,454138975
29.09.25;23:00:00;99,15;196,1880369;0,196188037;0,454138975
30.09.25;00:00:00;97,14;196,1880369;0,196188037;0,454138975
30.09.25;01:00:00;95,56;196,1880369;0,196188037;0,454138975
30.09.25;02:00:00;93,79;196,1880369;0,196188037;0,454138975
30.09.25;03:00:00;97,5;196,1880369;0,196188037;0,454138975
30.09.25;04:00:00;114,07;324,0075155;0,324007516;0,750017398
30.09.25;05:00:00;137,93;324,0075155;0,324007516;0,750017398
30.09.25;06:00:00;228,62;324,0075155;0,324007516;0,750017398
30.09.25;07:00:00;200,99;324,0075155;0,324007516;0,750017398
30.09.25;08:00:00;142,26;324,0075155;0,324007516;0,750017398
30.09.25;09:00:00;115,57;324,0075155;0,324007516;0,750017398
30.09.25;10:00:00;100,03;196,1880369;0,196188037;0,454138975
30.09.25;11:00:00;91,24;196,1880369;0,196188037;0,454138975
30.09.25;12:00:00;88,97;196,1880369;0,196188037;0,454138975
30.09.25;13:00:00;90,14;196,1880369;0,196188037;0,454138975
30.09.25;14:00:00;98,45;196,1880369;0,196188037;0,454138975
30.09.25;15:00:00;109,02;324,0075155;0,324007516;0,750017398
30.09.25;16:00:00;149,63;324,0075155;0,324007516;0,750017398
30.09.25;17:00:00;288,61;324,0075155;0,324007516;0,750017398
30.09.25;18:00:00;365,46;324,0075155;0,324007516;0,750017398
30.09.25;19:00:00;152,59;324,0075155;0,324007516;0,750017398
30.09.25;20:00:00;121,26;324,0075155;0,324007516;0,750017398
30.09.25;21:00:00;106,53;324,0075155;0,324007516;0,750017398
30.09.25;22:00:00;94,7;196,1880369;0,196188037;0,454138975
30.09.25;23:00:00;97,26;196,1880369;0,196188037;0,454138975
01.10.25;00:00:00;93,12;0;0,188;0,435185186
01.10.25;01:00:00;91,75;0;0,192;0,444444445
01.10.25;02:00:00;93,68;0;0,192;0,444444445
01.10.25;03:00:00;93,63;0;0,184;0,425925926
01.10.25;04:00:00;102,46;0;0,204;0,472222223
01.10.25;05:00:00;136,64;0;0,256;0,592592593
01.10.25;06:00:00;208,06;0;0,22;0,50925926
01.10.25;07:00:00;154,92;0;0,224;0,518518519
01.10.25;08:00:00;120,36;0;0,232;0,537037038
01.10.25;09:00:00;98,07;0;0,236;0,546296297
01.10.25;10:00:00;91,28;0;0,18;0,416666667
01.10.25;11:00:00;67,78;0;0,18;0,416666667
01.10.25;12:00:00;67,78;0;0;0
01.10.25;13:00:00;84,19;0;0;0
01.10.25;14:00:00;92,68;0;0;0
01.10.25;15:00:00;101,35;0;0;0
01.10.25;16:00:00;142,52;0;0;0
01.10.25;17:00:00;284,62;0;0;0
01.10.25;18:00:00;426,29;0;0,136;0,314814815
01.10.25;19:00:00;174,05;0;0,148;0,342592593
01.10.25;20:00:00;125,63;0;0,276;0,63888889
01.10.25;21:00:00;108,18;0;0,272;0,62962963
01.10.25;22:00:00;99,37;0;0,236;0,546296297
01.10.25;23:00:00;90,78;0;0,192;0,444444445
02.10.25;00:00:00;88,66;0;0,152;0,351851852
02.10.25;01:00:00;87,59;0;0,148;0,342592593
02.10.25;02:00:00;89,65;0;0,18;0,416666667
02.10.25;03:00:00;90,31;0;0,172;0,398148149
02.10.25;04:00:00;96,51;0;0,196;0,453703704
02.10.25;05:00:00;129,78;0;0,176;0,407407408
02.10.25;06:00:00;186,8;0;0,148;0,342592593
02.10.25;07:00:00;139,64;0;0,18;0,416666667
02.10.25;08:00:00;104,09;0;0,204;0,472222223
02.10.25;09:00:00;91,91;0;0,216;0,500000001
02.10.25;10:00:00;77,93;0;0,196;0,453703704
02.10.25;11:00:00;63,32;0;0,152;0,351851852
02.10.25;12:00:00;59,43;0;0;0
02.10.25;13:00:00;66,45;0;0;0
02.10.25;14:00:00;78,32;0;0;0
02.10.25;15:00:00;90,01;0;0;0
02.10.25;16:00:00;111,43;0;0;0
02.10.25;17:00:00;169,46;0;0,16;0,370370371
02.10.25;18:00:00;182,9;0;0,24;0,555555556
02.10.25;19:00:00;115,96;0;0,252;0,583333334
02.10.25;20:00:00;94,61;0;0,272;0,62962963
02.10.25;21:00:00;89,85;0;0,244;0,564814815
02.10.25;22:00:00;77,81;0;0,18;0,416666667
02.10.25;23:00:00;82,93;0;0,136;0,314814815
03.10.25;00:00:00;74,04;0;0,16;0,370370371
03.10.25;01:00:00;72,14;0;0,164;0,37962963
03.10.25;02:00:00;72,47;0;0,148;0,342592593
03.10.25;03:00:00;74,2;0;0,16;0,370370371
03.10.25;04:00:00;76,54;0;0,184;0,425925926
03.10.25;05:00:00;91,78;0;0,284;0,657407408
03.10.25;06:00:00;100,21;0;0,22;0,50925926
03.10.25;07:00:00;97;0;0,224;0,518518519
03.10.25;08:00:00;84,8;0;0,308;0,712962964
03.10.25;09:00:00;54,53;0;0,284;0,657407408
03.10.25;10:00:00;34,85;0;0,156;0,361111111
03.10.25;11:00:00;26,28;0;0,144;0,333333334
03.10.25;12:00:00;17,89;0;0,24;0,555555556
03.10.25;13:00:00;22,79;0;0,236;0,546296297
03.10.25;14:00:00;40,8;0;0,188;0,435185186
03.10.25;15:00:00;61,28;0;0,188;0,435185186
03.10.25;16:00:00;88,67;0;0,28;0,648148149
03.10.25;17:00:00;113,27;0;0,272;0,62962963
03.10.25;18:00:00;107,62;0;0,236;0,546296297
03.10.25;19:00:00;76,51;0;0,224;0,518518519
03.10.25;20:00:00;50,27;0;0,256;0,592592593
03.10.25;21:00:00;32,92;0;0,252;0,583333334
03.10.25;22:00:00;11,74;0;0,224;0,518518519
03.10.25;23:00:00;1,46;0;0,22;0,50925926
04.10.25;00:00:00;-2,05;0;0,196;0,453703704
04.10.25;01:00:00;-2,08;0;0,208;0,481481482
04.10.25;02:00:00;-1,45;0;0,176;0,407407408
04.10.25;03:00:00;-2,44;0;0,156;0,361111111
04.10.25;04:00:00;-2,98;0;0,172;0,398148149
04.10.25;05:00:00;-3,02;0;0,14;0,324074074
04.10.25;06:00:00;-2,61;0;0,136;0,314814815
04.10.25;07:00:00;-2,39;0;0,112;0,25925926
04.10.25;08:00:00;-2,18;0;0,156;0,361111111
04.10.25;09:00:00;-1,56;0;0,24;0,555555556
04.10.25;10:00:00;-1,83;0;0,236;0,546296297
04.10.25;11:00:00;-1,02;0;0,188;0,435185186
04.10.25;12:00:00;-5,22;0;0,144;0,333333334
04.10.25;13:00:00;-6,02;0;0,26;0,601851852
04.10.25;14:00:00;-3,87;0;0,144;0,333333334
04.10.25;15:00:00;-2,06;0;0,144;0,333333334
04.10.25;16:00:00;0,62;0;0,148;0,342592593
04.10.25;17:00:00;3,57;0;0,212;0,490740741
04.10.25;18:00:00;9,66;0;0,152;0,351851852
04.10.25;19:00:00;2,14;0;0,164;0,37962963
04.10.25;20:00:00;0,5;0;0,172;0,398148149
04.10.25;21:00:00;-0,19;0;0,168;0,388888889
04.10.25;22:00:00;-1,57;0;0,136;0,314814815
04.10.25;23:00:00;-2,7;0;0,144;0,333333334
05.10.25;00:00:00;-3,7;0;0,18;0,416666667
05.10.25;01:00:00;-4,24;0;0,196;0,453703704
05.10.25;02:00:00;-2,64;0;0,144;0,333333334
05.10.25;03:00:00;-7,49;0;0,148;0,342592593
05.10.25;04:00:00;-2,74;0;0,152;0,351851852
05.10.25;05:00:00;-3,38;0;0,192;0,444444445
05.10.25;06:00:00;-2,5;0;0;0
05.10.25;07:00:00;-2,53;0;0;0
05.10.25;08:00:00;-3,7;0;0;0
05.10.25;09:00:00;-5,09;0;0;0
05.10.25;10:00:00;-8,27;0;0;0
05.10.25;11:00:00;-11,77;0;0;0
05.10.25;12:00:00;-11,68;0;0;0
05.10.25;13:00:00;-10,71;0;0;0
05.10.25;14:00:00;-2,66;0;0;0
05.10.25;15:00:00;-0,67;0;0;0
05.10.25;16:00:00;1,95;0;0,18;0,416666667
05.10.25;17:00:00;16,35;0;0;0
05.10.25;18:00:00;33,18;0;0;0
05.10.25;19:00:00;19,04;0;0;0
05.10.25;20:00:00;8,7;0;0,244;0,564814815
05.10.25;21:00:00;8,91;0;0,268;0,620370371
05.10.25;22:00:00;6,35;0;0,236;0,546296297
05.10.25;23:00:00;18,48;0;0,252;0,583333334
06.10.25;00:00:00;11,02;0;0,22;0,50925926
06.10.25;01:00:00;9,05;0;0,232;0,537037038
06.10.25;02:00:00;9,54;0;0,26;0,601851852
06.10.25;03:00:00;14,15;0;0,216;0,500000001
06.10.25;04:00:00;23,66;0;0,256;0,592592593
06.10.25;05:00:00;68,28;0;0,292;0,675925927
06.10.25;06:00:00;101,72;0;0,276;0,63888889
06.10.25;07:00:00;109,43;0;0,24;0,555555556
06.10.25;08:00:00;105,28;0;0,232;0,537037038
06.10.25;09:00:00;89,55;0;0,252;0,583333334
06.10.25;10:00:00;83,93;0;0,24;0,555555556
06.10.25;11:00:00;82,37;0;0,188;0,435185186
06.10.25;12:00:00;81,04;0;0,188;0,435185186
06.10.25;13:00:00;85,19;0;0,224;0,518518519
06.10.25;14:00:00;87,21;0;0;0
06.10.25;15:00:00;94,82;0;0,2;0,462962963
06.10.25;16:00:00;106,15;0;0,192;0,444444445
06.10.25;17:00:00;128,54;0;0,168;0,388888889
06.10.25;18:00:00;149,27;0;0,2;0,462962963
06.10.25;19:00:00;124,78;0;0,324;0,750000001
06.10.25;20:00:00;99,69;0;0,28;0,648148149
06.10.25;21:00:00;108,04;0;0,188;0,435185186
06.10.25;22:00:00;94,92;0;0,192;0,444444445
06.10.25;23:00:00;96,87;0;0,172;0,398148149
07.10.25;00:00:00;92,19;0;0,18;0,416666667
07.10.25;01:00:00;89,71;0;0,168;0,388888889
07.10.25;02:00:00;89,73;0;0,2;0,462962963
07.10.25;03:00:00;92,38;0;0,164;0,37962963
07.10.25;04:00:00;97,34;0;0,14;0,324074074
07.10.25;05:00:00;136,41;0;0,12;0,277777778
07.10.25;06:00:00;220,01;0;0,156;0,361111111
07.10.25;07:00:00;293,19;0;0,24;0,555555556
07.10.25;08:00:00;221,78;0;0,224;0,518518519
07.10.25;09:00:00;145,53;0;0,2;0,462962963
07.10.25;10:00:00;125,61;0;0,328;0,75925926
07.10.25;11:00:00;109,66;0;0,18;0,416666667
07.10.25;12:00:00;104,8;0;0,192;0,444444445
07.10.25;13:00:00;102,66;0;0,18;0,416666667
07.10.25;14:00:00;110,38;0;0,248;0,574074075
07.10.25;15:00:00;120,28;0;0,22;0,50925926
07.10.25;16:00:00;155,97;0;0,172;0,398148149
07.10.25;17:00:00;218,56;0;0,172;0,398148149
07.10.25;18:00:00;224,29;0;0,292;0,675925927
07.10.25;19:00:00;150,69;0;0,352;0,814814816
07.10.25;20:00:00;123,52;0;0,34;0,787037038
07.10.25;21:00:00;108,76;0;0,284;0,657407408
07.10.25;22:00:00;99,14;0;0,244;0,564814815
07.10.25;23:00:00;95,31;0;0,128;0,296296297
08.10.25;00:00:00;91,04;0;0,136;0,314814815
08.10.25;01:00:00;88,2;0;0,128;0,296296297
08.10.25;02:00:00;87,98;0;0,16;0,370370371
08.10.25;03:00:00;89,53;0;0,168;0,388888889
08.10.25;04:00:00;96,92;0;0,184;0,425925926
08.10.25;05:00:00;121,7;0;0,156;0,361111111
08.10.25;06:00:00;171,99;0;0,184;0,425925926
08.10.25;07:00:00;184,49;0;0,228;0,527777778
08.10.25;08:00:00;141,42;0;0,212;0,490740741
08.10.25;09:00:00;114,69;0;0,216;0,500000001
08.10.25;10:00:00;102,94;0;0,164;0,37962963
08.10.25;11:00:00;92,68;0;0,212;0,490740741
08.10.25;12:00:00;90,82;0;0,232;0,537037038
08.10.25;13:00:00;92,69;0;0,184;0,425925926
08.10.25;14:00:00;99,31;0;0,18;0,416666667
08.10.25;15:00:00;115,03;0;0,172;0,398148149
08.10.25;16:00:00;152,19;0;0,204;0,472222223
08.10.25;17:00:00;205,78;0;0,22;0,50925926
08.10.25;18:00:00;238,06;0;0,244;0,564814815
08.10.25;19:00:00;151,68;0;0,224;0,518518519
08.10.25;20:00:00;119,66;0;0,208;0,481481482
08.10.25;21:00:00;109,8;0;0;0
08.10.25;22:00:00;100,32;0;0,192;0,444444445
08.10.25;23:00:00;98,98;0;0,216;0,500000001
09.10.25;00:00:00;94,09;0;0,168;0,388888889
09.10.25;01:00:00;92,61;0;0,132;0,305555556
09.10.25;02:00:00;91,34;0;0,152;0,351851852
09.10.25;03:00:00;93,5;0;0,176;0,407407408
09.10.25;04:00:00;101,61;0;0,212;0,490740741
09.10.25;05:00:00;122,18;0;0,16;0,370370371
09.10.25;06:00:00;158,22;0;0,144;0,333333334
09.10.25;07:00:00;153,87;0;0,172;0,398148149
09.10.25;08:00:00;129,36;0;0,196;0,453703704
09.10.25;09:00:00;109,05;0;0;0
09.10.25;10:00:00;96,72;0;0,188;0,435185186
09.10.25;11:00:00;88,82;0;0,12;0,277777778
09.10.25;12:00:00;86,53;0;0,124;0,287037037
09.10.25;13:00:00;82,83;0;0,172;0,398148149
09.10.25;14:00:00;87,45;0;0,232;0,537037038
09.10.25;15:00:00;92,01;0;0,188;0,435185186
09.10.25;16:00:00;110,57;0;0,24;0,555555556
09.10.25;17:00:00;126,9;0;0,256;0,592592593
09.10.25;18:00:00;127,61;0;0,24;0,555555556
09.10.25;19:00:00;112,34;0;0,276;0,63888889
09.10.25;20:00:00;97,72;0;0,22;0,50925926
09.10.25;21:00:00;92,92;0;0,176;0,407407408
09.10.25;22:00:00;85,55;0;0,164;0,37962963
09.10.25;23:00:00;86,6;0;0,172;0,398148149
10.10.25;00:00:00;83,14;0;0,208;0,481481482
10.10.25;01:00:00;78,67;0;0,196;0,453703704
10.10.25;02:00:00;77,14;0;0,172;0,398148149
10.10.25;03:00:00;78,65;0;0,168;0,388888889
10.10.25;04:00:00;86,09;0;0,164;0,37962963
10.10.25;05:00:00;101,66;0;0,192;0,444444445
10.10.25;06:00:00;120,56;0;0,16;0,370370371
10.10.25;07:00:00;123,18;0;0,108;0,25
10.10.25;08:00:00;109,25;0;0,152;0,351851852
10.10.25;09:00:00;92,97;0;0,164;0,37962963
10.10.25;10:00:00;82,29;0;0,168;0,388888889
10.10.25;11:00:00;76,07;0;0,288;0,666666667
10.10.25;12:00:00;74,44;0;0,124;0,287037037
10.10.25;13:00:00;76,08;0;0,232;0,537037038
10.10.25;14:00:00;85,8;0;0,244;0,564814815
10.10.25;15:00:00;94,85;0;0,176;0,407407408
10.10.25;16:00:00;114,75;0;0,176;0,407407408
10.10.25;17:00:00;124,58;0;0,152;0,351851852
10.10.25;18:00:00;124,09;0;0,272;0,62962963
10.10.25;19:00:00;114,05;0;0,256;0,592592593
10.10.25;20:00:00;101,53;0;0,26;0,601851852
10.10.25;21:00:00;96,15;0;0,244;0,564814815
10.10.25;22:00:00;90,22;0;0,212;0,490740741
10.10.25;23:00:00;91,67;0;0;0
11.10.25;00:00:00;87,64;0;0;0
11.10.25;01:00:00;85,29;0;0;0
11.10.25;02:00:00;82,78;0;0;0
11.10.25;03:00:00;82,16;0;0;0
11.10.25;04:00:00;84,34;0;0;0
11.10.25;05:00:00;90,5;0;0;0
11.10.25;06:00:00;98,63;0;0;0
11.10.25;07:00:00;103,29;0;0;0
11.10.25;08:00:00;94,23;0;0;0
11.10.25;09:00:00;84,5;0;0,112;0,25925926
11.10.25;10:00:00;74,22;0;0,132;0,305555556
11.10.25;11:00:00;59,29;0;0,172;0,398148149
11.10.25;12:00:00;46,77;0;0,168;0,388888889
11.10.25;13:00:00;51,91;0;0,184;0,425925926
11.10.25;14:00:00;73,95;0;0,22;0,50925926
11.10.25;15:00:00;87,23;0;0,196;0,453703704
11.10.25;16:00:00;108,92;0;0,2;0,462962963
11.10.25;17:00:00;124,09;0;0,284;0,657407408
11.10.25;18:00:00;127,96;0;0,26;0,601851852
11.10.25;19:00:00;117,74;0;0,22;0,50925926
11.10.25;20:00:00;109,31;0;0,212;0,490740741
11.10.25;21:00:00;104,84;0;0,196;0,453703704
11.10.25;22:00:00;94,36;0;0,18;0,416666667
11.10.25;23:00:00;94,26;0;0,244;0,564814815
12.10.25;00:00:00;88,78;0;0,216;0,500000001
12.10.25;01:00:00;86,59;0;0,196;0,453703704
12.10.25;02:00:00;83,27;0;0,144;0,333333334
12.10.25;03:00:00;82,9;0;0,132;0,305555556
12.10.25;04:00:00;83,59;0;0,16;0,370370371
12.10.25;05:00:00;85,38;0;0,156;0,361111111
12.10.25;06:00:00;88,51;0;0,184;0,425925926
12.10.25;07:00:00;90,99;0;0,164;0,37962963
12.10.25;08:00:00;81,97;0;0,164;0,37962963
12.10.25;09:00:00;73,5;0;0,24;0,555555556
12.10.25;10:00:00;66,29;0;0,224;0,518518519
12.10.25;11:00:00;59,43;0;0,18;0,416666667
12.10.25;12:00:00;48,76;0;0,136;0,314814815
12.10.25;13:00:00;58,65;0;0,14;0,324074074
12.10.25;14:00:00;78,09;0;0,196;0,453703704
12.10.25;15:00:00;87,1;0;0,208;0,481481482
12.10.25;16:00:00;106,26;0;0,2;0,462962963
12.10.25;17:00:00;121,19;0;0,232;0,537037038
12.10.25;18:00:00;128,32;0;0,248;0,574074075
12.10.25;19:00:00;117,85;0;0,24;0,555555556
12.10.25;20:00:00;112,81;0;0,224;0,518518519
12.10.25;21:00:00;109,51;0;0,144;0,333333334
12.10.25;22:00:00;98,78;0;0,172;0,398148149
12.10.25;23:00:00;95,52;0;0,204;0,472222223
13.10.25;00:00:00;92,34;0;0,172;0,398148149
13.10.25;01:00:00;91,16;0;0,16;0,370370371
13.10.25;02:00:00;90,3;0;0,16;0,370370371
13.10.25;03:00:00;93,68;0;0,116;0,268518519
13.10.25;04:00:00;100,96;0;0,196;0,453703704
13.10.25;05:00:00;140,7;0;0,156;0,361111111
13.10.25;06:00:00;240,17;0;0,16;0,370370371
13.10.25;07:00:00;235,9;0;0,124;0,287037037
13.10.25;08:00:00;165,76;0;0,3;0,694444445
13.10.25;09:00:00;129,85;0;0,3;0,694444445
13.10.25;10:00:00;110,69;0;0,264;0,611111112
13.10.25;11:00:00;97,86;0;0,176;0,407407408
13.10.25;12:00:00;92,95;0;0,228;0,527777778
13.10.25;13:00:00;96,37;0;0,208;0,481481482
13.10.25;14:00:00;105,76;0;0,172;0,398148149
13.10.25;15:00:00;125,58;0;0,308;0,712962964
13.10.25;16:00:00;181,81;0;0,38;0,879629631
13.10.25;17:00:00;282,57;0;0,264;0,611111112
13.10.25;18:00:00;331,66;0;0,284;0,657407408
13.10.25;19:00:00;173,78;0;0,28;0,648148149
13.10.25;20:00:00;132,59;0;0,256;0,592592593
13.10.25;21:00:00;116,6;0;0,292;0,675925927
13.10.25;22:00:00;107,02;0;0,268;0,620370371
13.10.25;23:00:00;106,11;0;0,228;0,527777778
14.10.25;00:00:00;100,53;0;0,176;0,407407408
14.10.25;01:00:00;96,84;0;0,2;0,462962963
14.10.25;02:00:00;96,83;0;0,196;0,453703704
14.10.25;03:00:00;97,96;0;0,176;0,407407408
14.10.25;04:00:00;103,57;0;0,172;0,398148149
14.10.25;05:00:00;125,94;0;0,172;0,398148149
14.10.25;06:00:00;168,7;0;0,192;0,444444445
14.10.25;07:00:00;181,2;0;0,172;0,398148149
14.10.25;08:00:00;148,21;0;0,308;0,712962964
14.10.25;09:00:00;127,33;0;0,348;0,805555556
14.10.25;10:00:00;113,61;0;0,176;0,407407408
14.10.25;11:00:00;104,22;0;0,092;0,212962963
14.10.25;12:00:00;102,39;0;0;0
14.10.25;13:00:00;102,4;0;0,18;0,416666667
14.10.25;14:00:00;114,81;0;0,208;0,481481482
14.10.25;15:00:00;136,5;0;0,14;0,324074074
14.10.25;16:00:00;202,44;0;0,2;0,462962963
14.10.25;17:00:00;355,36;0;0,196;0,453703704
14.10.25;18:00:00;351,93;0;0,244;0,564814815
14.10.25;19:00:00;212,43;0;0,248;0,574074075
14.10.25;20:00:00;154,4;0;0,24;0,555555556
14.10.25;21:00:00;130,71;0;0,216;0,500000001
14.10.25;22:00:00;115,24;0;0,172;0,398148149
14.10.25;23:00:00;112,63;0;0,2;0,462962963
15.10.25;00:00:00;106,93;0;0,16;0,370370371
15.10.25;01:00:00;105,04;0;0,128;0,296296297
15.10.25;02:00:00;102,09;0;0,12;0,277777778
15.10.25;03:00:00;104,87;0;0,164;0,37962963
15.10.25;04:00:00;111,55;0;0,172;0,398148149
15.10.25;05:00:00;147,91;0;0,156;0,361111111
15.10.25;06:00:00;278,09;0;0,12;0,277777778
15.10.25;07:00:00;260,91;0;0,204;0,472222223
15.10.25;08:00:00;180,3;0;0,276;0,63888889
15.10.25;09:00:00;142,18;0;0,3;0,694444445
15.10.25;10:00:00;125,15;0;0,296;0,685185186
15.10.25;11:00:00;113,04;0;0,132;0,305555556
15.10.25;12:00:00;108,19;0;0,16;0,370370371
15.10.25;13:00:00;110,54;0;0,176;0,407407408
15.10.25;14:00:00;118,96;0;0,26;0,601851852
15.10.25;15:00:00;129,8;0;0,232;0,537037038
15.10.25;16:00:00;168,38;0;0,28;0,648148149
15.10.25;17:00:00;230,58;0;0,216;0,500000001
15.10.25;18:00:00;225,06;0;0,248;0,574074075
15.10.25;19:00:00;162,35;0;0,256;0,592592593
15.10.25;20:00:00;129,75;0;0,22;0,50925926
15.10.25;21:00:00;107,85;0;0,176;0,407407408
15.10.25;22:00:00;97,06;0;0,136;0,314814815
15.10.25;23:00:00;89,22;0;0,184;0,425925926
16.10.25;00:00:00;85,42;0;0,192;0,444444445
16.10.25;01:00:00;85,52;0;0,164;0,37962963
16.10.25;02:00:00;84,45;0;0,156;0,361111111
16.10.25;03:00:00;86,5;0;0,116;0,268518519
16.10.25;04:00:00;87,45;0;0,14;0,324074074
16.10.25;05:00:00;103,07;0;0,144;0,333333334
16.10.25;06:00:00;124,4;0;0,152;0,351851852
16.10.25;07:00:00;133,15;0;0,228;0,527777778
16.10.25;08:00:00;121,42;0;0,34;0,787037038
16.10.25;09:00:00;99,44;0;0,28;0,648148149
16.10.25;10:00:00;92,3;0;0,008;0,018518519
16.10.25;11:00:00;87,55;0;0;0
16.10.25;12:00:00;84,7;0;0,156;0,361111111
16.10.25;13:00:00;85,6;0;0,096;0,222222222
16.10.25;14:00:00;89,86;0;0,168;0,388888889
16.10.25;15:00:00;97,98;0;0,24;0,555555556
16.10.25;16:00:00;122,71;0;0,232;0,537037038
16.10.25;17:00:00;136,81;0;0,216;0,500000001
16.10.25;18:00:00;146,33;0;0,224;0,518518519
16.10.25;19:00:00;122,7;0;0,28;0,648148149
16.10.25;20:00:00;103,12;0;0,244;0,564814815
16.10.25;21:00:00;96,93;0;0,216;0,500000001
16.10.25;22:00:00;91;0;0,2;0,462962963
16.10.25;23:00:00;91,82;0;0,184;0,425925926
17.10.25;00:00:00;91,44;0;0,196;0,453703704
17.10.25;01:00:00;90,53;0;0,208;0,481481482
17.10.25;02:00:00;88,07;0;0,224;0,518518519
17.10.25;03:00:00;91,29;0;0,176;0,407407408
17.10.25;04:00:00;95,05;0;0,136;0,314814815
17.10.25;05:00:00;110,77;0;0,148;0,342592593
17.10.25;06:00:00;132,09;0;0,144;0,333333334
17.10.25;07:00:00;144,77;0;0,176;0,407407408
17.10.25;08:00:00;129,55;0;0,208;0,481481482
17.10.25;09:00:00;116,19;0;0,176;0,407407408
17.10.25;10:00:00;101,12;0;0,252;0,583333334
17.10.25;11:00:00;90,87;0;0,268;0,620370371
17.10.25;12:00:00;88,35;0;0,188;0,435185186
17.10.25;13:00:00;88,42;0;0,168;0,388888889
17.10.25;14:00:00;91,23;0;0,236;0,546296297
17.10.25;15:00:00;98,57;0;0,176;0,407407408
17.10.25;16:00:00;121,36;0;0,228;0,527777778
17.10.25;17:00:00;134,35;0;0,276;0,63888889
17.10.25;18:00:00;136,96;0;0,212;0,490740741
17.10.25;19:00:00;120,34;0;0,24;0,555555556
17.10.25;20:00:00;106,28;0;0,196;0,453703704
17.10.25;21:00:00;103,28;0;0,224;0,518518519
17.10.25;22:00:00;95,45;0;0,176;0,407407408
17.10.25;23:00:00;95,14;0;0,188;0,435185186
18.10.25;00:00:00;90,7;0;0,208;0,481481482
18.10.25;01:00:00;91,18;0;0,18;0,416666667
18.10.25;02:00:00;89,45;0;0,184;0,425925926
18.10.25;03:00:00;90,15;0;0,188;0,435185186
18.10.25;04:00:00;91,68;0;0,144;0,333333334
18.10.25;05:00:00;95,36;0;0,172;0,398148149
18.10.25;06:00:00;109,67;0;0,152;0,351851852
18.10.25;07:00:00;111,97;0;0,172;0,398148149
18.10.25;08:00:00;102,15;0;0,172;0,398148149
18.10.25;09:00:00;95,03;0;0,216;0,500000001
18.10.25;10:00:00;81,58;0;0,228;0,527777778
18.10.25;11:00:00;74,82;0;0,184;0,425925926
18.10.25;12:00:00;69,11;0;0,22;0,50925926
18.10.25;13:00:00;72,34;0;0,168;0,388888889
18.10.25;14:00:00;84,59;0;0,208;0,481481482
18.10.25;15:00:00;97,44;0;0,184;0,425925926
18.10.25;16:00:00;122,87;0;0,156;0,361111111
18.10.25;17:00:00;139,3;0;0,156;0,361111111
18.10.25;18:00:00;129,82;0;0,248;0,574074075
18.10.25;19:00:00;115,86;0;0,272;0,62962963
18.10.25;20:00:00;99,03;0;0,256;0,592592593
18.10.25;21:00:00;96,14;0;0,204;0,472222223
18.10.25;22:00:00;91,5;0;0,216;0,500000001
18.10.25;23:00:00;92,32;0;0,168;0,388888889
19.10.25;00:00:00;87,73;0;0,252;0,583333334
19.10.25;01:00:00;83,48;0;0,236;0,546296297
19.10.25;02:00:00;82,21;0;0,192;0,444444445
19.10.25;03:00:00;82,89;0;0,164;0,37962963
19.10.25;04:00:00;83,4;0;0,148;0,342592593
19.10.25;05:00:00;84,58;0;0,172;0,398148149
19.10.25;06:00:00;85,09;0;0,136;0,314814815
19.10.25;07:00:00;85,38;0;0,18;0,416666667
19.10.25;08:00:00;78,82;0;0,176;0,407407408
19.10.25;09:00:00;73,02;0;0,172;0,398148149
19.10.25;10:00:00;63,15;0;0,18;0,416666667
19.10.25;11:00:00;42,25;0;0,164;0,37962963
19.10.25;12:00:00;24,25;0;0,18;0,416666667
19.10.25;13:00:00;38,66;0;0,156;0,361111111
19.10.25;14:00:00;59,51;0;0,18;0,416666667
19.10.25;15:00:00;81,69;0;0,204;0,472222223
19.10.25;16:00:00;97,74;0;0,196;0,453703704
19.10.25;17:00:00;103,8;0;0,244;0,564814815
19.10.25;18:00:00;89,1;0;0,24;0,555555556
19.10.25;19:00:00;66,65;0;0,18;0,416666667
19.10.25;20:00:00;66,58;0;0,148;0,342592593
19.10.25;21:00:00;64,62;0;0,164;0,37962963
19.10.25;22:00:00;51,34;0;0,184;0,425925926
19.10.25;23:00:00;56,48;0;0,156;0,361111111
20.10.25;00:00:00;51,05;0;0,164;0,37962963
20.10.25;01:00:00;48,74;0;0,168;0,388888889
20.10.25;02:00:00;46,7;0;0,148;0,342592593
20.10.25;03:00:00;49,16;0;0,124;0,287037037
20.10.25;04:00:00;62,66;0;0,108;0,25
20.10.25;05:00:00;77,8;0;0,252;0,583333334
20.10.25;06:00:00;97,65;0;0,188;0,435185186
20.10.25;07:00:00;108,55;0;0,264;0,611111112
20.10.25;08:00:00;94,72;0;0,26;0,601851852
20.10.25;09:00:00;81,98;0;0,248;0,574074075
20.10.25;10:00:00;84,57;0;0,292;0,675925927
20.10.25;11:00:00;78,58;0;0,236;0,546296297
20.10.25;12:00:00;80,18;0;0,192;0,444444445
20.10.25;13:00:00;86,04;0;0,228;0,527777778
20.10.25;14:00:00;98,65;0;0,2;0,462962963
20.10.25;15:00:00;107,58;0;0,2;0,462962963
20.10.25;16:00:00;118,24;0;0,184;0,425925926
20.10.25;17:00:00;118,31;0;0,308;0,712962964
20.10.25;18:00:00;102,95;0;0,264;0,611111112
20.10.25;19:00:00;90,82;0;0,192;0,444444445
20.10.25;20:00:00;75,31;0;0,232;0,537037038
20.10.25;21:00:00;62,34;0;0,2;0,462962963
20.10.25;22:00:00;44,1;0;0,192;0,444444445
20.10.25;23:00:00;53,3;0;0,192;0,444444445
21.10.25;00:00:00;35,5;0;0,204;0,472222223
21.10.25;01:00:00;29,23;0;0,196;0,453703704
21.10.25;02:00:00;20,33;0;0,18;0,416666667
21.10.25;03:00:00;26,1;0;0,192;0,444444445
21.10.25;04:00:00;39,02;0;0,176;0,407407408
21.10.25;05:00:00;71,67;0;0,204;0,472222223
21.10.25;06:00:00;86,66;0;0,18;0,416666667
21.10.25;07:00:00;91,46;0;0,132;0,305555556
21.10.25;08:00:00;81,81;0;0,184;0,425925926
21.10.25;09:00:00;71,68;0;0,116;0,268518519
21.10.25;10:00:00;60,59;0;0,156;0,361111111
21.10.25;11:00:00;45;0;0;0
21.10.25;12:00:00;31,71;0;0;0
21.10.25;13:00:00;34,98;0;0,136;0,314814815
21.10.25;14:00:00;60,02;0;0,124;0,287037037
21.10.25;15:00:00;70,61;0;0,164;0,37962963
21.10.25;16:00:00;102,27;0;0,168;0,388888889
21.10.25;17:00:00;122,5;0;0,18;0,416666667
21.10.25;18:00:00;115,09;0;0,192;0,444444445
21.10.25;19:00:00;100,07;0;0,244;0,564814815
21.10.25;20:00:00;84,51;0;0,22;0,50925926
21.10.25;21:00:00;81,02;0;0,172;0,398148149
21.10.25;22:00:00;72,57;0;0,216;0,500000001
21.10.25;23:00:00;80,18;0;0,124;0,287037037
22.10.25;00:00:00;79,52;0;0,116;0,268518519
22.10.25;01:00:00;77,72;0;0,168;0,388888889
22.10.25;02:00:00;80,86;0;0,148;0,342592593
22.10.25;03:00:00;83,54;0;0;0
22.10.25;04:00:00;87,15;0;0;0
22.10.25;05:00:00;96,87;0;0;0
22.10.25;06:00:00;108,24;0;0;0
22.10.25;07:00:00;121,35;0;0,148;0,342592593
22.10.25;08:00:00;125,31;0;0,216;0,500000001
22.10.25;09:00:00;111,06;0;0,196;0,453703704
22.10.25;10:00:00;99,51;0;0,212;0,490740741
22.10.25;11:00:00;97,35;0;0,232;0,537037038
22.10.25;12:00:00;96,11;0;0,204;0,472222223
22.10.25;13:00:00;100,53;0;0,212;0,490740741
22.10.25;14:00:00;112,83;0;0,2;0,462962963
22.10.25;15:00:00;128,54;0;0,196;0,453703704
22.10.25;16:00:00;183,78;0;0,212;0,490740741
22.10.25;17:00:00;294,8;0;0,232;0,537037038
22.10.25;18:00:00;273,02;0;0,244;0,564814815
22.10.25;19:00:00;177,79;0;0,228;0,527777778
22.10.25;20:00:00;133,32;0;0,256;0,592592593
22.10.25;21:00:00;119,42;0;0,232;0,537037038
22.10.25;22:00:00;106,63;0;0,192;0,444444445
22.10.25;23:00:00;104,19;0;0,224;0,518518519
23.10.25;00:00:00;98,2;0;0,22;0,50925926
23.10.25;01:00:00;92,78;0;0,212;0,490740741
23.10.25;02:00:00;83,41;0;0,18;0,416666667
23.10.25;03:00:00;72,55;0;0,204;0,472222223
23.10.25;04:00:00;67,67;0;0,004;0,009259259
23.10.25;05:00:00;77,25;0;0,088;0,203703704
23.10.25;06:00:00;83,74;0;0,208;0,481481482
23.10.25;07:00:00;89,05;0;0,188;0,435185186
23.10.25;08:00:00;83,07;0;0,176;0,407407408
23.10.25;09:00:00;79,96;0;0,196;0,453703704
23.10.25;10:00:00;73,23;0;0,232;0,537037038
23.10.25;11:00:00;69,58;0;0,2;0,462962963
23.10.25;12:00:00;63,02;0;0,188;0,435185186
23.10.25;13:00:00;61,28;0;0,228;0,527777778
23.10.25;14:00:00;74,66;0;0,228;0,527777778
23.10.25;15:00:00;82,03;0;0,2;0,462962963
23.10.25;16:00:00;94,62;0;0,212;0,490740741
23.10.25;17:00:00;105,54;0;0,24;0,555555556
23.10.25;18:00:00;94,16;0;0,236;0,546296297
23.10.25;19:00:00;84,16;0;0,256;0,592592593
23.10.25;20:00:00;75,63;0;0,208;0,481481482
23.10.25;21:00:00;67,08;0;0,188;0,435185186
23.10.25;22:00:00;48,16;0;0,212;0,490740741
23.10.25;23:00:00;16,22;0;0,252;0,583333334
24.10.25;00:00:00;10,32;0;0;0
24.10.25;01:00:00;5,97;0;0;0
24.10.25;02:00:00;3,22;0;0;0
24.10.25;03:00:00;3,89;0;0;0
24.10.25;04:00:00;10,86;0;0;0
24.10.25;05:00:00;31,36;0;0;0
24.10.25;06:00:00;65,79;0;0;0
24.10.25;07:00:00;80,84;0;0,184;0,425925926
24.10.25;08:00:00;74,42;0;0,164;0,37962963
24.10.25;09:00:00;51,26;0;0,172;0,398148149
24.10.25;10:00:00;25,62;0;0,172;0,398148149
24.10.25;11:00:00;3,94;0;0,22;0,50925926
24.10.25;12:00:00;1,3;0;0,2;0,462962963
24.10.25;13:00:00;0,87;0;0,2;0,462962963
24.10.25;14:00:00;2,16;0;0,252;0,583333334
24.10.25;15:00:00;23,52;0;0,252;0,583333334
24.10.25;16:00:00;57,15;0;0,224;0,518518519
24.10.25;17:00:00;72,75;0;0,228;0,527777778
24.10.25;18:00:00;64,49;0;0,284;0,657407408
24.10.25;19:00:00;52,69;0;0,276;0,63888889
24.10.25;20:00:00;33,58;0;0,272;0,62962963
24.10.25;21:00:00;22,99;0;0,304;0,703703704
24.10.25;22:00:00;8,65;0;0,264;0,611111112
24.10.25;23:00:00;2,96;0;0,22;0,50925926
25.10.25;00:00:00;1,36;0;0,236;0,546296297
25.10.25;01:00:00;1,56;0;0,224;0,518518519
25.10.25;02:00:00;0,35;0;0,144;0,333333334
25.10.25;03:00:00;0,75;0;0,128;0,296296297
25.10.25;04:00:00;0,28;0;0,16;0,370370371
25.10.25;05:00:00;0,61;0;0,148;0,342592593
25.10.25;06:00:00;-0,01;0;0,132;0,305555556
25.10.25;07:00:00;6,99;0;0,14;0,324074074
25.10.25;08:00:00;12,96;0;0,132;0,305555556
25.10.25;09:00:00;7,91;0;0,036;0,083333333
25.10.25;10:00:00;7,46;0;0;0
25.10.25;11:00:00;4,53;0;0;0
25.10.25;12:00:00;3,44;0;0;0
25.10.25;13:00:00;3,22;0;0,264;0,611111112
25.10.25;14:00:00;4,44;0;0,296;0,685185186
25.10.25;15:00:00;10,19;0;0,18;0,416666667
25.10.25;16:00:00;35,82;0;0,184;0,425925926
25.10.25;17:00:00;58,68;0;0,184;0,425925926
25.10.25;18:00:00;60,77;0;0,216;0,500000001
25.10.25;19:00:00;40,52;0;0,252;0,583333334
25.10.25;20:00:00;26,23;0;0,3;0,694444445
25.10.25;21:00:00;24,4;0;0,272;0,62962963
25.10.25;22:00:00;11,26;0;0,252;0,583333334
25.10.25;23:00:00;11,29;0;0,276;0,63888889
26.10.25;00:00:00;5,12;0;0,264;0,611111112
26.10.25;01:00:00;0,74;0;0,224;0,518518519
26.10.25;02:00:00;2,32;0;0,24;0,555555556
26.10.25;03:00:00;0,27;0;0,14;0,324074074
26.10.25;04:00:00;-0,82;0;0,136;0,314814815
26.10.25;05:00:00;-3,06;0;0,176;0,407407408
26.10.25;06:00:00;-3,5;0;0,132;0,305555556
26.10.25;07:00:00;0,35;0;0,12;0,277777778
26.10.25;08:00:00;1,47;0;0,232;0,537037038
26.10.25;09:00:00;-0,96;0;0,2;0,462962963
26.10.25;10:00:00;-0,4;0;0,176;0,407407408
26.10.25;11:00:00;-0,48;0;0;0
26.10.25;12:00:00;-1,63;0;0;0
26.10.25;13:00:00;-0,82;0;0;0
26.10.25;14:00:00;1,45;0;0;0
26.10.25;15:00:00;6,8;0;0,284;0,657407408
26.10.25;16:00:00;8,99;0;0,256;0,592592593
26.10.25;17:00:00;27,2;0;0,172;0,398148149
26.10.25;18:00:00;40,75;0;0,196;0,453703704
26.10.25;19:00:00;39,11;0;0,264;0,611111112
26.10.25;20:00:00;17,32;0;0,272;0,62962963
26.10.25;21:00:00;8,99;0;0,288;0,666666667
26.10.25;22:00:00;13,74;0;0,256;0,592592593
26.10.25;23:00:00;7,21;0;0,212;0,490740741
27.10.25;00:00:00;4,05;0;0,22;0,50925926
27.10.25;01:00:00;1,86;0;0,184;0,425925926
27.10.25;02:00:00;1,23;0;0,164;0,37962963
27.10.25;03:00:00;0,6;0;0,236;0,546296297
27.10.25;04:00:00;3,85;0;0,24;0,555555556
27.10.25;05:00:00;16,39;0;0,236;0,546296297
27.10.25;06:00:00;64,26;0;0,164;0,37962963
27.10.25;07:00:00;87,15;0;0,192;0,444444445
27.10.25;08:00:00;95,14;0;0,224;0,518518519
27.10.25;09:00:00;96,73;0;0,196;0,453703704
27.10.25;10:00:00;88,88;0;0,204;0,472222223
27.10.25;11:00:00;90,46;0;0,224;0,518518519
27.10.25;12:00:00;84,55;0;0,204;0,472222223
27.10.25;13:00:00;83,66;0;0,184;0,425925926
27.10.25;14:00:00;81,92;0;0,168;0,388888889
27.10.25;15:00:00;84,13;0;0,2;0,462962963
27.10.25;16:00:00;95,12;0;0,22;0,50925926
27.10.25;17:00:00;105,72;0;0,216;0,500000001
27.10.25;18:00:00;120,31;0;0,168;0,388888889
27.10.25;19:00:00;111;0;0,18;0,416666667
27.10.25;20:00:00;90,42;0;0,228;0,527777778
27.10.25;21:00:00;74,18;0;0,18;0,416666667
27.10.25;22:00:00;67,62;0;0,168;0,388888889
27.10.25;23:00:00;56,06;0;0,148;0,342592593
28.10.25;00:00:00;39,26;0;0,132;0,305555556
28.10.25;01:00:00;25,9;0;0,148;0,342592593
28.10.25;02:00:00;17,18;0;0,164;0,37962963
28.10.25;03:00:00;10,93;0;0,136;0,314814815
28.10.25;04:00:00;11,28;0;0,112;0,25925926
28.10.25;05:00:00;25,99;0;0,152;0,351851852
28.10.25;06:00:00;60,31;0;0,176;0,407407408
28.10.25;07:00:00;83,04;0;0,168;0,388888889
28.10.25;08:00:00;89,1;0;0,156;0,361111111
28.10.25;09:00:00;86,15;0;0,22;0,50925926
28.10.25;10:00:00;80,9;0;0,224;0,518518519
28.10.25;11:00:00;74,26;0;0,212;0,490740741
28.10.25;12:00:00;66,38;0;0,244;0,564814815
28.10.25;13:00:00;61,17;0;0,24;0,555555556
28.10.25;14:00:00;64,28;0;0,192;0,444444445
28.10.25;15:00:00;72,02;0;0,22;0,50925926
28.10.25;16:00:00;82,91;0;0,2;0,462962963
28.10.25;17:00:00;94,92;0;0,192;0,444444445
28.10.25;18:00:00;107,12;0;0,244;0,564814815
28.10.25;19:00:00;104,34;0;0,232;0,537037038
28.10.25;20:00:00;93,18;0;0,172;0,398148149
28.10.25;21:00:00;82;0;0,148;0,342592593
28.10.25;22:00:00;77,56;0;0,228;0,527777778
28.10.25;23:00:00;68,84;0;0,208;0,481481482
29.10.25;00:00:00;57,12;0;0,212;0,490740741
29.10.25;01:00:00;52,14;0;0,16;0,370370371
29.10.25;02:00:00;51,62;0;0,164;0,37962963
29.10.25;03:00:00;52,44;0;0,184;0,425925926
29.10.25;04:00:00;54,96;0;0,212;0,490740741
29.10.25;05:00:00;69,31;0;0,188;0,435185186
29.10.25;06:00:00;92,45;0;0,164;0,37962963
29.10.25;07:00:00;107,85;0;0,14;0,324074074
29.10.25;08:00:00;103,28;0;0,156;0,361111111
29.10.25;09:00:00;90,51;0;0,144;0,333333334
29.10.25;10:00:00;78,98;0;0,128;0,296296297
29.10.25;11:00:00;75,61;0;0,168;0,388888889
29.10.25;12:00:00;74,86;0;0,24;0,555555556
29.10.25;13:00:00;80,56;0;0,224;0,518518519
29.10.25;14:00:00;91,91;0;0,204;0,472222223
29.10.25;15:00:00;115,67;0;0,196;0,453703704
29.10.25;16:00:00;125,72;0;0,2;0,462962963
29.10.25;17:00:00;129,62;0;0,192;0,444444445
29.10.25;18:00:00;129,37;0;0,156;0,361111111
29.10.25;19:00:00;116,32;0;0,144;0,333333334
29.10.25;20:00:00;102,97;0;0,14;0,324074074
29.10.25;21:00:00;97,14;0;0,196;0,453703704
29.10.25;22:00:00;93,9;0;0,196;0,453703704
29.10.25;23:00:00;85,91;0;0,152;0,351851852
30.10.25;00:00:00;73,59;0;0,164;0,37962963
30.10.25;01:00:00;69,25;0;0,14;0,324074074
30.10.25;02:00:00;64,02;0;0,14;0,324074074
30.10.25;03:00:00;58,21;0;0,172;0,398148149
30.10.25;04:00:00;52,4;0;0,148;0,342592593
30.10.25;05:00:00;57,4;0;0,132;0,305555556
30.10.25;06:00:00;72,79;0;0,132;0,305555556
30.10.25;07:00:00;89,29;0;0,16;0,370370371
30.10.25;08:00:00;91,3;0;0,168;0,388888889
30.10.25;09:00:00;70,02;0;0,22;0,50925926
30.10.25;10:00:00;43,05;0;0,208;0,481481482
30.10.25;11:00:00;11,85;0;0,204;0,472222223
30.10.25;12:00:00;5,1;0;0,244;0,564814815
30.10.25;13:00:00;7,09;0;0,252;0,583333334
30.10.25;14:00:00;40,62;0;0,228;0,527777778
30.10.25;15:00:00;78,5;0;0,204;0,472222223
30.10.25;16:00:00;99,79;0;0,22;0,50925926
30.10.25;17:00:00;125,7;0;0,216;0,500000001
30.10.25;18:00:00;126,73;0;0,196;0,453703704
30.10.25;19:00:00;120,82;0;0,204;0,472222223
30.10.25;20:00:00;110,36;0;0,192;0,444444445
30.10.25;21:00:00;102;0;0,172;0,398148149
30.10.25;22:00:00;98,78;0;0,24;0,555555556
30.10.25;23:00:00;87,92;0;0,2;0,462962963
31.10.25;00:00:00;87,97;0;0,18;0,416666667
31.10.25;01:00:00;82,78;0;0,164;0,37962963
31.10.25;02:00:00;79,53;0;0,152;0,351851852
31.10.25;03:00:00;78,84;0;0,192;0,444444445
31.10.25;04:00:00;80,53;0;0,16;0,370370371
31.10.25;05:00:00;88,76;0;0,156;0,361111111
31.10.25;06:00:00;110,29;0;0,148;0,342592593
31.10.25;07:00:00;116,92;0;0,14;0,324074074
31.10.25;08:00:00;105,49;0;0,192;0,444444445
31.10.25;09:00:00;86,3;0;0,216;0,500000001
31.10.25;10:00:00;76,4;0;0,236;0,546296297
31.10.25;11:00:00;75,97;0;0,216;0,500000001
31.10.25;12:00:00;77,66;0;0,208;0,481481482
31.10.25;13:00:00;82,82;0;0,192;0,444444445
31.10.25;14:00:00;97,08;0;0,196;0,453703704
31.10.25;15:00:00;114,41;0;0,224;0,518518519
31.10.25;16:00:00;123,73;0;0,204;0,472222223
31.10.25;17:00:00;121,71;0;0,152;0,351851852
31.10.25;18:00:00;111,65;0;0,148;0,342592593
31.10.25;19:00:00;94,55;0;0,152;0,351851852
31.10.25;20:00:00;91,02;0;0,18;0,416666667
31.10.25;21:00:00;86,73;0;0,168;0,388888889
31.10.25;22:00:00;80,42;0;0,156;0,361111111
31.10.25;23:00:00;71,82;0;0,148;0,342592593
01.11.25;00:00:00;59,85;0;0,18;0,416666667
01.11.25;01:00:00;47,33;0;0,216;0,500000001
01.11.25;02:00:00;37,77;0;0,168;0,388888889
01.11.25;03:00:00;40,44;0;0,22;0,50925926
01.11.25;04:00:00;34;0;0,208;0,481481482
01.11.25;05:00:00;32,76;0;0,196;0,453703704
01.11.25;06:00:00;31,64;0;0,14;0,324074074
01.11.25;07:00:00;35,13;0;0,16;0,370370371
01.11.25;08:00:00;37,21;0;0,16;0,370370371
01.11.25;09:00:00;28,08;0;0,144;0,333333334
01.11.25;10:00:00;18,56;0;0,184;0,425925926
01.11.25;11:00:00;19,52;0;0,2;0,462962963
01.11.25;12:00:00;25,52;0;0,136;0,314814815
01.11.25;13:00:00;36,6;0;0,244;0,564814815
01.11.25;14:00:00;51;0;0,248;0,574074075
01.11.25;15:00:00;60,78;0;0,204;0,472222223
01.11.25;16:00:00;74,31;0;0,188;0,435185186
01.11.25;17:00:00;86,19;0;0,228;0,527777778
01.11.25;18:00:00;89,99;0;0,236;0,546296297
01.11.25;19:00:00;85,95;0;0,148;0,342592593
01.11.25;20:00:00;83,23;0;0,18;0,416666667
01.11.25;21:00:00;79,89;0;0,152;0,351851852
01.11.25;22:00:00;78,87;0;0,172;0,398148149
01.11.25;23:00:00;73;0;0,16;0,370370371
02.11.25;00:00:00;65,94;0;0,152;0,351851852
02.11.25;01:00:00;62,26;0;0,16;0,370370371
02.11.25;02:00:00;62,13;0;0,136;0,314814815
02.11.25;03:00:00;63,09;0;0,18;0,416666667
02.11.25;04:00:00;65,98;0;0,168;0,388888889
02.11.25;05:00:00;68,41;0;0,164;0,37962963
02.11.25;06:00:00;73,27;0;0,14;0,324074074
02.11.25;07:00:00;77,24;0;0,144;0,333333334
02.11.25;08:00:00;79,12;0;0,18;0,416666667
02.11.25;09:00:00;81,18;0;0,204;0,472222223
02.11.25;10:00:00;78,89;0;0,22;0,50925926
02.11.25;11:00:00;78,53;0;0,188;0,435185186
02.11.25;12:00:00;77,92;0;0,208;0,481481482
02.11.25;13:00:00;83,21;0;0,244;0,564814815
02.11.25;14:00:00;90,16;0;0,212;0,490740741
02.11.25;15:00:00;104,94;0;0,248;0,574074075
02.11.25;16:00:00;113,14;0;0,196;0,453703704
02.11.25;17:00:00;125,8;0;0,188;0,435185186
02.11.25;18:00:00;124,52;0;0,24;0,555555556
02.11.25;19:00:00;111,29;0;0,224;0,518518519
02.11.25;20:00:00;99,63;0;0,184;0,425925926
02.11.25;21:00:00;95,32;0;0,148;0,342592593
02.11.25;22:00:00;91,28;0;0,164;0,37962963
02.11.25;23:00:00;84,25;0;0,16;0,370370371
03.11.25;00:00:00;76,41;0;0,156;0,361111111
03.11.25;01:00:00;74,96;0;0,192;0,444444445
03.11.25;02:00:00;71,26;0;0,176;0,407407408
03.11.25;03:00:00;70,38;0;0,152;0,351851852
03.11.25;04:00:00;72,23;0;0,148;0,342592593
03.11.25;05:00:00;76,01;0;0,164;0,37962963
03.11.25;06:00:00;92,62;0;0,18;0,416666667
03.11.25;07:00:00;115,63;0;0,132;0,305555556
03.11.25;08:00:00;103,04;0;0,208;0,481481482
03.11.25;09:00:00;89,03;0;0,228;0,527777778
03.11.25;10:00:00;77,86;0;0,204;0,472222223
03.11.25;11:00:00;74,2;0;0,22;0,50925926
03.11.25;12:00:00;71,5;0;0,236;0,546296297
03.11.25;13:00:00;72,05;0;0,232;0,537037038
03.11.25;14:00:00;75,58;0;0,192;0,444444445
03.11.25;15:00:00;83;0;0,18;0,416666667
03.11.25;16:00:00;95,27;0;0,172;0,398148149
03.11.25;17:00:00;96,57;0;0,048;0,111111111
03.11.25;18:00:00;95,34;0;0,192;0,444444445
03.11.25;19:00:00;85,79;0;0,136;0,314814815
03.11.25;20:00:00;78,98;0;0,152;0,351851852
03.11.25;21:00:00;67,15;0;0,16;0,370370371
03.11.25;22:00:00;59,39;0;0,148;0,342592593
03.11.25;23:00:00;42,14;0;0,132;0,305555556
04.11.25;00:00:00;28,36;0;0,16;0,370370371
04.11.25;01:00:00;21,86;0;0,172;0,398148149
04.11.25;02:00:00;18,8;0;0,136;0,314814815
04.11.25;03:00:00;20,25;0;0,132;0,305555556
04.11.25;04:00:00;38,06;0;0,16;0,370370371
04.11.25;05:00:00;62,26;0;0,156;0,361111111
04.11.25;06:00:00;89,92;0;0,192;0,444444445
04.11.25;07:00:00;116,86;0;0,128;0,296296297
04.11.25;08:00:00;107,66;0;0,132;0,305555556
04.11.25;09:00:00;81,16;0;0,18;0,416666667
04.11.25;10:00:00;65,92;0;0,232;0,537037038
04.11.25;11:00:00;60,59;0;0,264;0,611111112
04.11.25;12:00:00;58,95;0;0,184;0,425925926
04.11.25;13:00:00;67,24;0;0,22;0,50925926
04.11.25;14:00:00;78,71;0;0,232;0,537037038
04.11.25;15:00:00;110,02;0;0,232;0,537037038
04.11.25;16:00:00;126,2;0;0,196;0,453703704
04.11.25;17:00:00;129,18;0;0,184;0,425925926
04.11.25;18:00:00;123,3;0;0,236;0,546296297
04.11.25;19:00:00;106;0;0,224;0,518518519
04.11.25;20:00:00;97,6;0;0,228;0,527777778
04.11.25;21:00:00;89,57;0;0,196;0,453703704
04.11.25;22:00:00;83,04;0;0,172;0,398148149
04.11.25;23:00:00;73,16;0;0,232;0,537037038
05.11.25;00:00:00;74,52;0;0,228;0,527777778
05.11.25;01:00:00;71,81;0;0,22;0,50925926
05.11.25;02:00:00;71,68;0;0,176;0,407407408
05.11.25;03:00:00;71,79;0;0,184;0,425925926
05.11.25;04:00:00;75,94;0;0,212;0,490740741
05.11.25;05:00:00;83,09;0;0,22;0,50925926
05.11.25;06:00:00;95,42;0;0,232;0,537037038
05.11.25;07:00:00;117,35;0;0,16;0,370370371
05.11.25;08:00:00;107,23;0;0,224;0,518518519
05.11.25;09:00:00;81,23;0;0,2;0,462962963
05.11.25;10:00:00;68,42;0;0,196;0,453703704
05.11.25;11:00:00;64,38;0;0,212;0,490740741
05.11.25;12:00:00;63,82;0;0,184;0,425925926
05.11.25;13:00:00;77,35;0;0,236;0,546296297
05.11.25;14:00:00;93,4;0;0,208;0,481481482
05.11.25;15:00:00;112,15;0;0,22;0,50925926
05.11.25;16:00:00;142,45;0;0,204;0,472222223
05.11.25;17:00:00;152,12;0;0,184;0,425925926
05.11.25;18:00:00;136,58;0;0,204;0,472222223
05.11.25;19:00:00;124,55;0;0,184;0,425925926
05.11.25;20:00:00;113,23;0;0,156;0,361111111
05.11.25;21:00:00;103,35;0;0,14;0,324074074
05.11.25;22:00:00;94,63;0;0,136;0,314814815
05.11.25;23:00:00;89,67;0;0,18;0,416666667
06.11.25;00:00:00;89,34;0;0,148;0,342592593
06.11.25;01:00:00;88,48;0;0,148;0,342592593
06.11.25;02:00:00;88,38;0;0,144;0,333333334
06.11.25;03:00:00;87,96;0;0,156;0,361111111
06.11.25;04:00:00;90,23;0;0,152;0,351851852
06.11.25;05:00:00;93,12;0;0,168;0,388888889
06.11.25;06:00:00;116,02;0;0,168;0,388888889
06.11.25;07:00:00;137,62;0;0,14;0,324074074
06.11.25;08:00:00;117,68;0;0,18;0,416666667
06.11.25;09:00:00;96,56;0;0,196;0,453703704
06.11.25;10:00:00;84,61;0;0,2;0,462962963
06.11.25;11:00:00;83,1;0;0,252;0,583333334
06.11.25;12:00:00;84,15;0;0,252;0,583333334
06.11.25;13:00:00;87,54;0;0,284;0,657407408
06.11.25;14:00:00;102,23;0;0,216;0,500000001
06.11.25;15:00:00;125,96;0;0,204;0,472222223
06.11.25;16:00:00;152,4;0;0,204;0,472222223
06.11.25;17:00:00;163,9;0;0,172;0,398148149
06.11.25;18:00:00;143,57;0;0,232;0,537037038
06.11.25;19:00:00;128,29;0;0,212;0,490740741
06.11.25;20:00:00;117,88;0;0,232;0,537037038
06.11.25;21:00:00;104,91;0;0,228;0,527777778
06.11.25;22:00:00;99,16;0;0,16;0,370370371
06.11.25;23:00:00;93,08;0;0,22;0,50925926
07.11.25;00:00:00;91,57;0;0,22;0,50925926
07.11.25;01:00:00;90,96;0;0,22;0,50925926
07.11.25;02:00:00;91,12;0;0,216;0,500000001
07.11.25;03:00:00;90,89;0;0,164;0,37962963
07.11.25;04:00:00;91,97;0;0,116;0,268518519
07.11.25;05:00:00;95,62;0;0,172;0,398148149
07.11.25;06:00:00;115,73;0;0,18;0,416666667
07.11.25;07:00:00;137,76;0;0,18;0,416666667
07.11.25;08:00:00;129,99;0;0,136;0,314814815
07.11.25;09:00:00;107,19;0;0,192;0,444444445
07.11.25;10:00:00;94,84;0;0,184;0,425925926
07.11.25;11:00:00;89,82;0;0,256;0,592592593
07.11.25;12:00:00;87,84;0;0,164;0,37962963
07.11.25;13:00:00;90,91;0;0,176;0,407407408
07.11.25;14:00:00;102,37;0;0,212;0,490740741
07.11.25;15:00:00;129,99;0;0,14;0,324074074
07.11.25;16:00:00;164,87;0;0,184;0,425925926
07.11.25;17:00:00;183,96;0;0,268;0,620370371
07.11.25;18:00:00;158,84;0;0,28;0,648148149
07.11.25;19:00:00;133,64;0;0,204;0,472222223
07.11.25;20:00:00;122,53;0;0,224;0,518518519
07.11.25;21:00:00;109,06;0;0,24;0,555555556
07.11.25;22:00:00;103,34;0;0,192;0,444444445
07.11.25;23:00:00;97,02;0;0,208;0,481481482
08.11.25;00:00:00;95,2;0;0,248;0,574074075
08.11.25;01:00:00;93,12;0;0,248;0,574074075
08.11.25;02:00:00;91,94;0;0,216;0,500000001
08.11.25;03:00:00;91,96;0;0,184;0,425925926
08.11.25;04:00:00;92,47;0;0,2;0,462962963
08.11.25;05:00:00;92,96;0;0,22;0,50925926
08.11.25;06:00:00;97,16;0;0,24;0,555555556
08.11.25;07:00:00;105,99;0;0,244;0,564814815
08.11.25;08:00:00;106,65;0;0,152;0,351851852
08.11.25;09:00:00;102,98;0;0,144;0,333333334
08.11.25;10:00:00;99,16;0;0,136;0,314814815
08.11.25;11:00:00;95,24;0;0,188;0,435185186
08.11.25;12:00:00;94,28;0;0,172;0,398148149
08.11.25;13:00:00;96,54;0;0;0
08.11.25;14:00:00;101,5;0;0,148;0,342592593
08.11.25;15:00:00;119,16;0;0,16;0,370370371
08.11.25;16:00:00;129,35;0;0,188;0,435185186
08.11.25;17:00:00;140,19;0;0;0
08.11.25;18:00:00;137,97;0;0,2;0,462962963
08.11.25;19:00:00;128,25;0;0,176;0,407407408
08.11.25;20:00:00;123,1;0;0,16;0,370370371
08.11.25;21:00:00;111,74;0;0,26;0,601851852
08.11.25;22:00:00;103,18;0;0,196;0,453703704
08.11.25;23:00:00;94,44;0;0,216;0,500000001
09.11.25;00:00:00;96,12;0;0,224;0,518518519
09.11.25;01:00:00;94,27;0;0,232;0,537037038
09.11.25;02:00:00;93,04;0;0,252;0,583333334
09.11.25;03:00:00;92,08;0;0,18;0,416666667
09.11.25;04:00:00;92,28;0;0,236;0,546296297
09.11.25;05:00:00;92,49;0;0,248;0,574074075
09.11.25;06:00:00;92,38;0;0,224;0,518518519
09.11.25;07:00:00;93,42;0;0,216;0,500000001
09.11.25;08:00:00;97,91;0;0,18;0,416666667
09.11.25;09:00:00;97,22;0;0,204;0,472222223
09.11.25;10:00:00;96,46;0;0,164;0,37962963
09.11.25;11:00:00;96,24;0;0,168;0,388888889
09.11.25;12:00:00;96,42;0;0,08;0,185185185
09.11.25;13:00:00;95,8;0;0,184;0,425925926
09.11.25;14:00:00;99,09;0;0,18;0,416666667
09.11.25;15:00:00;106,93;0;0,152;0,351851852
09.11.25;16:00:00;118,28;0;0,24;0,555555556
09.11.25;17:00:00;132,47;0;0,18;0,416666667
09.11.25;18:00:00;129,54;0;0,208;0,481481482
09.11.25;19:00:00;117,93;0;0,296;0,685185186
09.11.25;20:00:00;107,35;0;0,252;0,583333334
09.11.25;21:00:00;97,81;0;0,208;0,481481482
09.11.25;22:00:00;95,21;0;0,228;0,527777778
09.11.25;23:00:00;90,89;0;0,196;0,453703704
10.11.25;00:00:00;93,49;0;0,18;0,416666667
10.11.25;01:00:00;91,91;0;0,148;0,342592593
10.11.25;02:00:00;91,61;0;0,144;0,333333334
10.11.25;03:00:00;90,56;0;0,14;0,324074074
10.11.25;04:00:00;91,52;0;0,176;0,407407408
10.11.25;05:00:00;97,39;0;0,172;0,398148149
10.11.25;06:00:00;128,28;0;0,124;0,287037037
10.11.25;07:00:00;162,36;0;0,164;0,37962963
10.11.25;08:00:00;177,56;0;0,232;0,537037038
10.11.25;09:00:00;161,18;0;0,3;0,694444445
10.11.25;10:00:00;136,6;0;0,284;0,657407408
10.11.25;11:00:00;125,25;0;0,256;0,592592593
10.11.25;12:00:00;115,29;0;0,24;0,555555556
10.11.25;13:00:00;117,94;0;0,208;0,481481482
10.11.25;14:00:00;127,36;0;0,204;0,472222223
10.11.25;15:00:00;151,98;0;0,188;0,435185186
10.11.25;16:00:00;166,02;0;0,272;0,62962963
10.11.25;17:00:00;192,8;0;0,304;0,703703704
10.11.25;18:00:00;166,26;0;0,252;0,583333334
10.11.25;19:00:00;139,93;0;0,192;0,444444445
10.11.25;20:00:00;114,21;0;0,188;0,435185186
10.11.25;21:00:00;103,57;0;0,184;0,425925926
10.11.25;22:00:00;95,45;0;0,14;0,324074074
10.11.25;23:00:00;89,09;0;0,148;0,342592593
11.11.25;00:00:00;82,5;0;0,224;0,518518519
11.11.25;01:00:00;79,42;0;0,216;0,500000001
11.11.25;02:00:00;76,09;0;0,26;0,601851852
11.11.25;03:00:00;74,8;0;0,14;0,324074074
11.11.25;04:00:00;76,35;0;0,056;0,12962963
11.11.25;05:00:00;79,78;0;0,26;0,601851852
11.11.25;06:00:00;90,02;0;0,216;0,500000001
11.11.25;07:00:00;107,66;0;0,188;0,435185186
11.11.25;08:00:00;114,65;0;0,18;0,416666667
11.11.25;09:00:00;102,78;0;0,228;0,527777778
11.11.25;10:00:00;91,88;0;0,176;0,407407408
11.11.25;11:00:00;86,06;0;0,176;0,407407408
11.11.25;12:00:00;85,11;0;0,176;0,407407408
11.11.25;13:00:00;88,84;0;0,232;0,537037038
11.11.25;14:00:00;101,6;0;0,22;0,50925926
11.11.25;15:00:00;122,83;0;0,204;0,472222223
11.11.25;16:00:00;139,82;0;0,276;0,63888889
11.11.25;17:00:00;142,81;0;0,272;0,62962963
11.11.25;18:00:00;121,55;0;0,272;0,62962963
11.11.25;19:00:00;107,02;0;0,296;0,685185186
11.11.25;20:00:00;98,6;0;0,26;0,601851852
11.11.25;21:00:00;92,19;0;0,144;0,333333334
11.11.25;22:00:00;86,48;0;0,164;0,37962963
11.11.25;23:00:00;76,05;0;0,156;0,361111111
12.11.25;00:00:00;76,77;0;0,164;0,37962963
12.11.25;01:00:00;71,42;0;0,18;0,416666667
12.11.25;02:00:00;66,97;0;0,18;0,416666667
12.11.25;03:00:00;64,88;0;0,212;0,490740741
12.11.25;04:00:00;64,15;0;0,24;0,555555556
12.11.25;05:00:00;68,32;0;0,236;0,546296297
12.11.25;06:00:00;82,62;0;0,172;0,398148149
12.11.25;07:00:00;108,16;0;0,22;0,50925926
12.11.25;08:00:00;100,99;0;0,248;0,574074075
12.11.25;09:00:00;79,66;0;0,212;0,490740741
12.11.25;10:00:00;67,79;0;0,208;0,481481482
12.11.25;11:00:00;57,4;0;0,18;0,416666667
12.11.25;12:00:00;57,48;0;0,316;0,731481482
12.11.25;13:00:00;70,49;0;0,248;0,574074075
12.11.25;14:00:00;80,66;0;0,28;0,648148149
12.11.25;15:00:00;100,75;0;0,304;0,703703704
12.11.25;16:00:00;111,82;0;0,256;0,592592593
12.11.25;17:00:00;114,83;0;0,304;0,703703704
12.11.25;18:00:00;102,87;0;0,28;0,648148149
12.11.25;19:00:00;87,96;0;0,248;0,574074075
12.11.25;20:00:00;77,29;0;0,292;0,675925927
12.11.25;21:00:00;71,7;0;0,208;0,481481482
12.11.25;22:00:00;67,25;0;0,232;0,537037038
12.11.25;23:00:00;53,05;0;0,232;0,537037038
13.11.25;00:00:00;30,57;0;0,284;0,657407408
13.11.25;01:00:00;19,25;0;0,26;0,601851852
13.11.25;02:00:00;13,74;0;0,208;0,481481482
13.11.25;03:00:00;13,45;0;0,284;0,657407408
13.11.25;04:00:00;15,94;0;0,24;0,555555556
13.11.25;05:00:00;34,67;0;0,264;0,611111112
13.11.25;06:00:00;58,84;0;0,272;0,62962963
13.11.25;07:00:00;82,15;0;0,172;0,398148149
13.11.25;08:00:00;74,48;0;0,22;0,50925926
13.11.25;09:00:00;58,99;0;0,06;0,138888889
13.11.25;10:00:00;49,93;0;0;0
13.11.25;11:00:00;38;0;0;0
13.11.25;12:00:00;43,99;0;0;0
13.11.25;13:00:00;58,51;0;0;0
13.11.25;14:00:00;78,67;0;0;0
13.11.25;15:00:00;99,22;0;0;0
13.11.25;16:00:00;108,21;0;0,232;0,537037038
13.11.25;17:00:00;127,3;0;0,244;0,564814815
13.11.25;18:00:00;126,39;0;0,256;0,592592593
13.11.25;19:00:00;121,52;0;0,324;0,750000001
13.11.25;20:00:00;111,47;0;0,268;0,620370371
13.11.25;21:00:00;113,52;0;0,208;0,481481482
13.11.25;22:00:00;108,41;0;0,252;0,583333334
13.11.25;23:00:00;101,49;0;0,236;0,546296297
14.11.25;00:00:00;94,96;0;0,216;0,500000001
14.11.25;01:00:00;94,05;0;0,228;0,527777778
14.11.25;02:00:00;93,12;0;0,232;0,537037038
14.11.25;03:00:00;92,26;0;0,256;0,592592593
14.11.25;04:00:00;92,41;0;0,256;0,592592593
14.11.25;05:00:00;92,73;0;0,304;0,703703704
14.11.25;06:00:00;112,32;0;0,248;0,574074075
14.11.25;07:00:00;133,85;0;0,224;0,518518519
14.11.25;08:00:00;130,6;0;0,3;0,694444445
14.11.25;09:00:00;120,85;0;0,272;0,62962963
14.11.25;10:00:00;108,17;0;0,216;0,500000001
14.11.25;11:00:00;102,34;0;0,304;0,703703704
14.11.25;12:00:00;98,73;0;0,256;0,592592593
14.11.25;13:00:00;100,76;0;0,26;0,601851852
14.11.25;14:00:00;107,13;0;0,248;0,574074075
14.11.25;15:00:00;120,42;0;0,108;0,25
14.11.25;16:00:00;124,8;0;0;0
14.11.25;17:00:00;131,77;0;0,284;0,657407408
14.11.25;18:00:00;120,17;0;0,324;0,750000001
14.11.25;19:00:00;101,08;0;0,208;0,481481482
14.11.25;20:00:00;93,86;0;0,184;0,425925926
14.11.25;21:00:00;88,99;0;0,192;0,444444445
14.11.25;22:00:00;87,46;0;0,164;0,37962963
14.11.25;23:00:00;73,48;0;0,152;0,351851852
15.11.25;00:00:00;73,83;0;0,176;0,407407408
15.11.25;01:00:00;71,43;0;0,18;0,416666667
15.11.25;02:00:00;66,07;0;0,164;0,37962963
15.11.25;03:00:00;64,4;0;0,18;0,416666667
15.11.25;04:00:00;64,24;0;0,176;0,407407408
15.11.25;05:00:00;64,86;0;0,156;0,361111111
15.11.25;06:00:00;65,58;0;0,156;0,361111111
15.11.25;07:00:00;76,12;0;0,176;0,407407408
15.11.25;08:00:00;82,33;0;0,16;0,370370371
15.11.25;09:00:00;85,23;0;0,136;0,314814815
15.11.25;10:00:00;86,85;0;0,164;0,37962963
15.11.25;11:00:00;86,79;0;0,176;0,407407408
15.11.25;12:00:00;84,02;0;0,144;0,333333334
15.11.25;13:00:00;89,54;0;0,156;0,361111111
15.11.25;14:00:00;93,98;0;0,152;0,351851852
15.11.25;15:00:00;100,24;0;0,284;0,657407408
15.11.25;16:00:00;106,23;0;0,264;0,611111112
15.11.25;17:00:00;117,46;0;0,316;0,731481482
15.11.25;18:00:00;118,95;0;0,296;0,685185186
15.11.25;19:00:00;111,71;0;0,168;0,388888889
15.11.25;20:00:00;106,36;0;0,192;0,444444445
15.11.25;21:00:00;101,81;0;0,192;0,444444445
15.11.25;22:00:00;101,78;0;0,184;0,425925926
15.11.25;23:00:00;98,14;0;0,176;0,407407408
16.11.25;00:00:00;92,17;0;0,172;0,398148149
16.11.25;01:00:00;91,89;0;0,152;0,351851852
16.11.25;02:00:00;89,97;0;0,168;0,388888889
16.11.25;03:00:00;89,16;0;0,212;0,490740741
16.11.25;04:00:00;87,89;0;0,208;0,481481482
16.11.25;05:00:00;90,12;0;0,216;0,500000001
16.11.25;06:00:00;88,31;0;0,216;0,500000001
16.11.25;07:00:00;93,16;0;0,192;0,444444445
16.11.25;08:00:00;96,68;0;0,184;0,425925926
16.11.25;09:00:00;97,26;0;0,248;0,574074075
16.11.25;10:00:00;95,53;0;0,248;0,574074075
16.11.25;11:00:00;97,42;0;0,204;0,472222223
16.11.25;12:00:00;98,81;0;0,216;0,500000001
16.11.25;13:00:00;100,07;0;0,22;0,50925926
16.11.25;14:00:00;105,12;0;0,188;0,435185186
16.11.25;15:00:00;115,74;0;0,328;0,75925926
16.11.25;16:00:00;122,48;0;0,312;0,722222223
16.11.25;17:00:00;128,05;0;0,276;0,63888889
16.11.25;18:00:00;124,79;0;0,176;0,407407408
16.11.25;19:00:00;112,26;0;0,176;0,407407408
16.11.25;20:00:00;102,81;0;0,172;0,398148149
16.11.25;21:00:00;94,3;0;0,156;0,361111111
16.11.25;22:00:00;93,29;0;0,184;0,425925926
16.11.25;23:00:00;86,51;0;0,176;0,407407408
17.11.25;00:00:00;86,55;0;0,168;0,388888889
17.11.25;01:00:00;80,33;0;0,164;0,37962963
17.11.25;02:00:00;76,42;0;0,164;0,37962963
17.11.25;03:00:00;74,16;0;0,172;0,398148149
17.11.25;04:00:00;76,05;0;0,196;0,453703704
17.11.25;05:00:00;83,64;0;0,164;0,37962963
17.11.25;06:00:00;94,79;0;0,148;0,342592593
17.11.25;07:00:00;116,73;0;0,236;0,546296297
17.11.25;08:00:00;122,6;0;0,284;0,657407408
17.11.25;09:00:00;114,72;0;0,276;0,63888889
17.11.25;10:00:00;102,66;0;0,28;0,648148149
17.11.25;11:00:00;90,82;0;0,244;0,564814815
17.11.25;12:00:00;84,78;0;0,22;0,50925926
17.11.25;13:00:00;85,14;0;0,224;0,518518519
17.11.25;14:00:00;90,37;0;0,24;0,555555556
17.11.25;15:00:00;101,91;0;0,296;0,685185186
17.11.25;16:00:00;112,17;0;0,268;0,620370371
17.11.25;17:00:00;121,92;0;0,288;0,666666667
17.11.25;18:00:00;119,63;0;0,276;0,63888889
17.11.25;19:00:00;113,64;0;0,228;0,527777778
17.11.25;20:00:00;105,06;0;0,228;0,527777778
17.11.25;21:00:00;94,35;0;0,224;0,518518519
17.11.25;22:00:00;90,75;0;0,236;0,546296297
17.11.25;23:00:00;83,52;0;0,26;0,601851852
18.11.25;00:00:00;84,59;0;0,276;0,63888889
18.11.25;01:00:00;81,91;0;0,26;0,601851852
18.11.25;02:00:00;79,28;0;0,244;0,564814815
18.11.25;03:00:00;79,66;0;0,296;0,685185186
18.11.25;04:00:00;81,32;0;0,28;0,648148149
18.11.25;05:00:00;84,63;0;0,212;0,490740741
18.11.25;06:00:00;94,9;0;0,24;0,555555556
18.11.25;07:00:00;112,84;0;0,276;0,63888889
18.11.25;08:00:00;124,34;0;0,256;0,592592593
18.11.25;09:00:00;107,11;0;0,24;0,555555556
18.11.25;10:00:00;96,33;0;0,292;0,675925927
18.11.25;11:00:00;90,24;0;0,304;0,703703704
18.11.25;12:00:00;89,74;0;0,248;0,574074075
18.11.25;13:00:00;91,58;0;0,328;0,75925926
18.11.25;14:00:00;101,47;0;0,304;0,703703704
18.11.25;15:00:00;122,05;0;0,24;0,555555556
18.11.25;16:00:00;139,16;0;0,288;0,666666667
18.11.25;17:00:00;148,24;0;0,28;0,648148149
18.11.25;18:00:00;139,06;0;0,276;0,63888889
18.11.25;19:00:00;127,5;0;0,292;0,675925927
18.11.25;20:00:00;109,27;0;0,236;0,546296297
18.11.25;21:00:00;98,89;0;0,172;0,398148149
18.11.25;22:00:00;96,87;0;0,22;0,50925926
18.11.25;23:00:00;86,8;0;0,288;0,666666667
19.11.25;00:00:00;89,49;0;0,208;0,481481482
19.11.25;01:00:00;88,21;0;0,208;0,481481482
19.11.25;02:00:00;83,55;0;0,272;0,62962963
19.11.25;03:00:00;83,11;0;0,204;0,472222223
19.11.25;04:00:00;85,5;0;0,188;0,435185186
19.11.25;05:00:00;88,17;0;0,176;0,407407408
19.11.25;06:00:00;97,96;0;0,176;0,407407408
19.11.25;07:00:00;121,65;0;0,228;0,527777778
19.11.25;08:00:00;129,79;0;0,288;0,666666667
19.11.25;09:00:00;111,42;0;0,28;0,648148149
19.11.25;10:00:00;98,52;0;0,284;0,657407408
19.11.25;11:00:00;93,08;0;0,24;0,555555556
19.11.25;12:00:00;90,98;0;0,28;0,648148149
19.11.25;13:00:00;94,58;0;0,296;0,685185186
19.11.25;14:00:00;104,53;0;0,212;0,490740741
19.11.25;15:00:00;115,69;0;0,252;0,583333334
19.11.25;16:00:00;120,45;0;0,28;0,648148149
19.11.25;17:00:00;130,08;0;0,252;0,583333334
19.11.25;18:00:00;120,85;0;0,26;0,601851852
19.11.25;19:00:00;118,55;0;0,288;0,666666667
19.11.25;20:00:00;102,79;0;0,22;0,50925926
19.11.25;21:00:00;97,25;0;0,216;0,500000001
19.11.25;22:00:00;96,79;0;0,212;0,490740741
19.11.25;23:00:00;90,16;0;0,204;0,472222223
20.11.25;00:00:00;88,68;0;0,204;0,472222223
20.11.25;01:00:00;86,05;0;0,136;0,314814815
20.11.25;02:00:00;85,78;0;0,196;0,453703704
20.11.25;03:00:00;85,1;0;0,22;0,50925926
20.11.25;04:00:00;86,33;0;0,236;0,546296297
20.11.25;05:00:00;90,6;0;0,176;0,407407408
20.11.25;06:00:00;106,49;0;0,2;0,462962963
20.11.25;07:00:00;140,83;0;0,236;0,546296297
20.11.25;08:00:00;151,45;0;0,244;0,564814815
20.11.25;09:00:00;143,08;0;0,204;0,472222223
20.11.25;10:00:00;131,14;0;0,3;0,694444445
20.11.25;11:00:00;120,62;0;0,26;0,601851852
20.11.25;12:00:00;117,78;0;0,216;0,500000001
20.11.25;13:00:00;119,13;0;0,224;0,518518519
20.11.25;14:00:00;128,19;0;0;0
20.11.25;15:00:00;143,71;0;0;0
20.11.25;16:00:00;166,53;0;0,148;0,342592593
20.11.25;17:00:00;171,73;0;0,284;0,657407408
20.11.25;18:00:00;157,51;0;0,288;0,666666667
20.11.25;19:00:00;148,18;0;0,168;0,388888889
20.11.25;20:00:00;131,03;0;0,164;0,37962963
20.11.25;21:00:00;118,28;0;0,124;0,287037037
20.11.25;22:00:00;109,22;0;0,132;0,305555556
20.11.25;23:00:00;96,82;0;0,148;0,342592593
21.11.25;00:00:00;102,77;0;0,028;0,064814815
21.11.25;01:00:00;98,43;0;0;0
21.11.25;02:00:00;95,7;0;0,004;0,009259259
21.11.25;03:00:00;95,37;0;0;0
21.11.25;04:00:00;97,52;0;0;0
21.11.25;05:00:00;104,39;0;0;0
21.11.25;06:00:00;132,87;0;0,024;0,055555556
21.11.25;07:00:00;175,74;0;0,076;0,175925926
21.11.25;08:00:00;202,74;0;0,352;0,814814816
21.11.25;09:00:00;175,49;0;0,34;0,787037038
21.11.25;10:00:00;150,93;0;0,36;0,833333334
21.11.25;11:00:00;136,79;0;0,124;0,287037037
21.11.25;12:00:00;129,77;0;0,112;0,25925926
21.11.25;13:00:00;133,74;0;0,168;0,388888889
21.11.25;14:00:00;149,07;0;0,1;0,231481482
21.11.25;15:00:00;183,56;0;0,148;0,342592593
21.11.25;16:00:00;225,93;0;0,28;0,648148149
21.11.25;17:00:00;241,43;0;0,256;0,592592593
21.11.25;18:00:00;197,28;0;0,144;0,333333334
21.11.25;19:00:00;171,04;0;0,124;0,287037037
21.11.25;20:00:00;137,93;0;0,112;0,25925926
21.11.25;21:00:00;119,81;0;0,096;0,222222222
21.11.25;22:00:00;107,41;0;0,18;0,416666667
21.11.25;23:00:00;96,29;0;0,18;0,416666667
22.11.25;00:00:00;102,83;0;0,136;0,314814815
22.11.25;01:00:00;96,56;0;0,112;0,25925926
22.11.25;02:00:00;91,66;0;0,088;0,203703704
22.11.25;03:00:00;89,14;0;0,132;0,305555556
22.11.25;04:00:00;88,97;0;0,136;0,314814815
22.11.25;05:00:00;89,5;0;0,152;0,351851852
22.11.25;06:00:00;93,36;0;0,088;0,203703704
22.11.25;07:00:00;104,99;0;0,148;0,342592593
22.11.25;08:00:00;103,85;0;0,024;0,055555556
22.11.25;09:00:00;90,22;0;0,008;0,018518519
22.11.25;10:00:00;84,9;0;0,044;0,101851852
22.11.25;11:00:00;80,89;0;0,088;0,203703704
22.11.25;12:00:00;80,28;0;0,056;0,12962963
22.11.25;13:00:00;79,75;0;0,06;0,138888889
22.11.25;14:00:00;85,06;0;0,056;0,12962963
22.11.25;15:00:00;94,13;0;0,06;0,138888889
22.11.25;16:00:00;108,67;0;0,064;0,148148148
22.11.25;17:00:00;115,91;0;0,048;0,111111111
22.11.25;18:00:00;112,27;0;0,06;0,138888889
22.11.25;19:00:00;101,38;0;0,056;0,12962963
22.11.25;20:00:00;89,31;0;0,06;0,138888889
22.11.25;21:00:00;87,23;0;0,06;0,138888889
22.11.25;22:00:00;87,67;0;0,084;0,194444445
22.11.25;23:00:00;82,4;0;0,1;0,231481482
23.11.25;00:00:00;81,77;0;0,096;0,222222222
23.11.25;01:00:00;76,68;0;0,084;0,194444445
23.11.25;02:00:00;73,22;0;0,064;0,148148148
23.11.25;03:00:00;67,59;0;0,08;0,185185185
23.11.25;04:00:00;68,78;0;0,08;0,185185185
23.11.25;05:00:00;68,08;0;0,068;0,157407408
23.11.25;06:00:00;64,5;0;0,06;0,138888889
23.11.25;07:00:00;70,32;0;0,084;0,194444445
23.11.25;08:00:00;71,71;0;0,084;0,194444445
23.11.25;09:00:00;69,31;0;0,084;0,194444445
23.11.25;10:00:00;68,72;0;0,096;0,222222222
23.11.25;11:00:00;67,8;0;0,108;0,25
23.11.25;12:00:00;68,15;0;0,088;0,203703704
23.11.25;13:00:00;70,46;0;0,096;0,222222222
23.11.25;14:00:00;76,06;0;0,068;0,157407408
23.11.25;15:00:00;82,02;0;0,072;0,166666667
23.11.25;16:00:00;86,34;0;0,096;0,222222222
23.11.25;17:00:00;89,53;0;0,084;0,194444445
23.11.25;18:00:00;88,97;0;0,092;0,212962963
23.11.25;19:00:00;84,47;0;0,096;0,222222222
23.11.25;20:00:00;81,06;0;0,112;0,25925926
23.11.25;21:00:00;77,72;0;0,1;0,231481482
23.11.25;22:00:00;78,81;0;0,084;0,194444445
23.11.25;23:00:00;74,43;0;0,084;0,194444445
24.11.25;00:00:00;71,29;0;0,068;0,157407408
24.11.25;01:00:00;69,44;0;0,06;0,138888889
24.11.25;02:00:00;70,03;0;0,064;0,148148148
24.11.25;03:00:00;70,64;0;0,064;0,148148148
24.11.25;04:00:00;72,51;0;0,072;0,166666667
24.11.25;05:00:00;77,68;0;0,076;0,175925926
24.11.25;06:00:00;94,56;0;0,12;0,277777778
24.11.25;07:00:00;114,38;0;0,104;0,240740741
24.11.25;08:00:00;120,49;0;0,248;0,574074075
24.11.25;09:00:00;120,78;0;0,312;0,722222223
24.11.25;10:00:00;122,7;0;0,288;0,666666667
24.11.25;11:00:00;127,9;0;0,288;0,666666667
24.11.25;12:00:00;131,47;0;0,256;0,592592593
24.11.25;13:00:00;141,24;0;0,26;0,601851852
24.11.25;14:00:00;156,37;0;0,224;0,518518519
24.11.25;15:00:00;173,41;0;0,256;0,592592593
24.11.25;16:00:00;202,23;0;0,256;0,592592593
24.11.25;17:00:00;226,1;0;0,204;0,472222223
24.11.25;18:00:00;203,08;0;0,244;0,564814815
24.11.25;19:00:00;169,97;0;0,224;0,518518519
24.11.25;20:00:00;139,14;0;0,2;0,462962963
24.11.25;21:00:00;122,62;0;0,212;0,490740741
24.11.25;22:00:00;112,63;0;0,208;0,481481482
24.11.25;23:00:00;100,1;0;0,316;0,731481482
25.11.25;00:00:00;105,89;0;0,276;0,63888889
25.11.25;01:00:00;103,28;0;0,312;0,722222223
25.11.25;02:00:00;101,97;0;0,332;0,768518519
25.11.25;03:00:00;100,21;0;0,284;0,657407408
25.11.25;04:00:00;100,24;0;0,344;0,796296297
25.11.25;05:00:00;110,11;0;0,328;0,75925926
25.11.25;06:00:00;124,73;0;0,328;0,75925926
25.11.25;07:00:00;258,86;0;0,336;0,777777779
25.11.25;08:00:00;320,41;0;0,376;0,870370371
25.11.25;09:00:00;289,1;0;0,32;0,740740741
25.11.25;10:00:00;275,43;0;0,256;0,592592593
25.11.25;11:00:00;290,69;0;0,304;0,703703704
25.11.25;12:00:00;301,81;0;0,204;0,472222223
25.11.25;13:00:00;286,72;0;0,248;0,574074075
25.11.25;14:00:00;287,01;0;0,252;0,583333334
25.11.25;15:00:00;304,28;0;0,288;0,666666667
25.11.25;16:00:00;334,85;0;0,372;0,861111112
25.11.25;17:00:00;376,28;0;0,324;0,750000001
25.11.25;18:00:00;299,72;0;0,376;0,870370371
25.11.25;19:00:00;243,44;0;0,364;0,842592593
25.11.25;20:00:00;171,25;0;0,336;0,777777779
25.11.25;21:00:00;135,29;0;0,392;0,907407408
25.11.25;22:00:00;117,11;0;0,332;0,768518519
25.11.25;23:00:00;104,6;0;0,384;0,88888889
26.11.25;00:00:00;96,18;0;0,232;0,537037038
26.11.25;01:00:00;92,73;0;0,236;0,546296297
26.11.25;02:00:00;90,56;0;0,252;0,583333334
26.11.25;03:00:00;91,32;0;0,224;0,518518519
26.11.25;04:00:00;91,4;0;0,328;0,75925926
26.11.25;05:00:00;99,72;0;0,296;0,685185186
26.11.25;06:00:00;132,98;0;0,324;0,750000001
26.11.25;07:00:00;202,79;0;0,356;0,824074075
26.11.25;08:00:00;251,64;0;0,292;0,675925927
26.11.25;09:00:00;236,44;0;0,384;0,88888889
26.11.25;10:00:00;218,94;0;0,352;0,814814816
26.11.25;11:00:00;196,96;0;0,412;0,953703705
26.11.25;12:00:00;194,16;0;0,308;0,712962964
26.11.25;13:00:00;195,8;0;0,308;0,712962964
26.11.25;14:00:00;214,41;0;0,312;0,722222223
26.11.25;15:00:00;252,47;0;0,324;0,750000001
26.11.25;16:00:00;316,39;0;0,388;0,898148149
26.11.25;17:00:00;319,55;0;0,384;0,88888889
26.11.25;18:00:00;253,22;0;0,324;0,750000001
26.11.25;19:00:00;200,3;0;0,36;0,833333334
26.11.25;20:00:00;150,66;0;0,38;0,879629631
26.11.25;21:00:00;120,54;0;0,288;0,666666667
26.11.25;22:00:00;106,2;0;0,26;0,601851852
26.11.25;23:00:00;94,1;0;0,292;0,675925927
27.11.25;00:00:00;89,52;0;0,384;0,88888889
27.11.25;01:00:00;83,69;0;0,288;0,666666667
27.11.25;02:00:00;80,15;0;0,34;0,787037038
27.11.25;03:00:00;77,32;0;0,24;0,555555556
27.11.25;04:00:00;78,74;0;0,364;0,842592593
27.11.25;05:00:00;81,11;0;0,348;0,805555556
27.11.25;06:00:00;107,84;0;0,34;0,787037038
27.11.25;07:00:00;122,68;0;0,388;0,898148149
27.11.25;08:00:00;124,17;0;0,372;0,861111112
27.11.25;09:00:00;108,69;0;0,188;0,435185186
27.11.25;10:00:00;96,1;0;0,116;0,268518519
27.11.25;11:00:00;89,53;0;0,152;0,351851852
27.11.25;12:00:00;86,08;0;0,14;0,324074074
27.11.25;13:00:00;86,03;0;0,224;0,518518519
27.11.25;14:00:00;89,34;0;0,252;0,583333334
27.11.25;15:00:00;94,55;0;0,232;0,537037038
27.11.25;16:00:00;97,28;0;0,236;0,546296297
27.11.25;17:00:00;103,64;0;0,228;0,527777778
27.11.25;18:00:00;101,43;0;0,204;0,472222223
27.11.25;19:00:00;90,98;0;0,26;0,601851852
27.11.25;20:00:00;86,34;0;0,22;0,50925926
27.11.25;21:00:00;81,35;0;0,244;0,564814815
27.11.25;22:00:00;80,67;0;0,248;0,574074075
27.11.25;23:00:00;69,34;0;0,196;0,453703704
28.11.25;00:00:00;59,43;0;0,308;0,712962964
28.11.25;01:00:00;54;0;0,196;0,453703704
28.11.25;02:00:00;51,49;0;0,216;0,500000001
28.11.25;03:00:00;49,37;0;0,256;0,592592593
28.11.25;04:00:00;56,84;0;0,34;0,787037038
28.11.25;05:00:00;63,42;0;0,204;0,472222223
28.11.25;06:00:00;83,18;0;0,256;0,592592593
28.11.25;07:00:00;95,16;0;0,384;0,88888889
28.11.25;08:00:00;104,02;0;0,36;0,833333334
28.11.25;09:00:00;102,91;0;0,372;0,861111112
28.11.25;10:00:00;97,92;0;0,144;0,333333334
28.11.25;11:00:00;97,73;0;0,184;0,425925926
28.11.25;12:00:00;94,7;0;0,172;0,398148149
28.11.25;13:00:00;95,72;0;0,088;0,203703704
28.11.25;14:00:00;97,44;0;0,208;0,481481482
28.11.25;15:00:00;103,98;0;0,232;0,537037038
28.11.25;16:00:00;108,4;0;0,216;0,500000001
28.11.25;17:00:00;105,38;0;0,132;0,305555556
28.11.25;18:00:00;103,56;0;0,124;0,287037037
28.11.25;19:00:00;95,62;0;0,172;0,398148149
28.11.25;20:00:00;89,52;0;0,148;0,342592593
28.11.25;21:00:00;84,76;0;0,16;0,370370371
28.11.25;22:00:00;84,28;0;0,124;0,287037037
28.11.25;23:00:00;75,77;0;0,148;0,342592593
29.11.25;00:00:00;80,54;0;0,216;0,500000001
29.11.25;01:00:00;79,58;0;0,176;0,407407408
29.11.25;02:00:00;78,48;0;0,148;0,342592593
29.11.25;03:00:00;78,26;0;0,12;0,277777778
29.11.25;04:00:00;81,27;0;0,152;0,351851852
29.11.25;05:00:00;84,16;0;0,176;0,407407408
29.11.25;06:00:00;86,49;0;0,164;0,37962963
29.11.25;07:00:00;92,35;0;0,192;0,444444445
29.11.25;08:00:00;94,75;0;0,236;0,546296297
29.11.25;09:00:00;101,63;0;0,26;0,601851852
29.11.25;10:00:00;99,77;0;0,136;0,314814815
29.11.25;11:00:00;95,13;0;0,284;0,657407408
29.11.25;12:00:00;89,75;0;0,372;0,861111112
29.11.25;13:00:00;91,18;0;0,356;0,824074075
29.11.25;14:00:00;94,43;0;0,296;0,685185186
29.11.25;15:00:00;101,16;0;0,388;0,898148149
29.11.25;16:00:00;102,96;0;0,38;0,879629631
29.11.25;17:00:00;107,19;0;0,404;0,935185186
29.11.25;18:00:00;100,04;0;0,324;0,750000001
29.11.25;19:00:00;93,36;0;0,416;0,962962964
29.11.25;20:00:00;84,85;0;0,412;0,953703705
29.11.25;21:00:00;83,47;0;0,38;0,879629631
29.11.25;22:00:00;84,88;0;0,38;0,879629631
29.11.25;23:00:00;78,51;0;0,38;0,879629631
30.11.25;00:00:00;76,33;0;0,424;0,981481482
30.11.25;01:00:00;71,13;0;0,376;0,870370371
30.11.25;02:00:00;68,33;0;0,4;0,925925927
30.11.25;03:00:00;66,76;0;0,368;0,851851853
30.11.25;04:00:00;66,82;0;0,32;0,740740741
30.11.25;05:00:00;71;0;0,36;0,833333334
30.11.25;06:00:00;72,09;0;0,324;0,750000001
30.11.25;07:00:00;74,18;0;0,396;0,916666668
30.11.25;08:00:00;79,07;0;0,284;0,657407408
30.11.25;09:00:00;80,98;0;0,2;0,462962963
30.11.25;10:00:00;83,28;0;0,088;0,203703704
30.11.25;11:00:00;83,04;0;0,156;0,361111111
30.11.25;12:00:00;83,41;0;0,164;0,37962963
30.11.25;13:00:00;86,19;0;0,168;0,388888889
30.11.25;14:00:00;90,71;0;0,16;0,370370371
30.11.25;15:00:00;96,94;0;0,144;0,333333334
30.11.25;16:00:00;100,65;0;0,132;0,305555556
30.11.25;17:00:00;108,88;0;0,164;0,37962963
30.11.25;18:00:00;109,73;0;0,148;0,342592593
30.11.25;19:00:00;106,92;0;0,128;0,296296297
30.11.25;20:00:00;101,1;0;0,136;0,314814815
30.11.25;21:00:00;96,41;0;0,132;0,305555556
30.11.25;22:00:00;94,35;0;0,132;0,305555556
30.11.25;23:00:00;87,66;0;0,148;0,342592593
01.12.25;00:00:00;86,79;0;0,216;0,500000001
01.12.25;01:00:00;84,26;0;0,22;0,50925926
01.12.25;02:00:00;81,12;0;0,128;0,296296297
01.12.25;03:00:00;82,29;0;0,116;0,268518519
01.12.25;04:00:00;80,03;0;0,14;0,324074074
01.12.25;05:00:00;88,13;0;0,164;0,37962963
01.12.25;06:00:00;97,84;0;0,124;0,287037037
01.12.25;07:00:00;129,94;0;0,208;0,481481482
01.12.25;08:00:00;138,24;0;0,368;0,851851853
01.12.25;09:00:00;113,44;0;0,288;0,666666667
01.12.25;10:00:00;98,8;0;0,28;0,648148149
01.12.25;11:00:00;92,37;0;0,224;0,518518519
01.12.25;12:00:00;89,38;0;0,228;0,527777778
01.12.25;13:00:00;93,3;0;0,228;0,527777778
01.12.25;14:00:00;106,17;0;0,24;0,555555556
01.12.25;15:00:00;118,8;0;0,38;0,879629631
01.12.25;16:00:00;117,25;0;0,332;0,768518519
01.12.25;17:00:00;106,52;0;0,388;0,898148149
01.12.25;18:00:00;99,25;0;0,384;0,88888889
01.12.25;19:00:00;91,48;0;0,36;0,833333334
01.12.25;20:00:00;86,32;0;0,36;0,833333334
01.12.25;21:00:00;78,38;0;0,212;0,490740741
01.12.25;22:00:00;76,86;0;0,268;0,620370371
01.12.25;23:00:00;69,94;0;0,276;0,63888889
02.12.25;00:00:00;63,34;0;0,264;0,611111112
02.12.25;01:00:00;59,41;0;0,256;0,592592593
02.12.25;02:00:00;54,64;0;0,208;0,481481482
02.12.25;03:00:00;53,57;0;0,348;0,805555556
02.12.25;04:00:00;54,88;0;0,216;0,500000001
02.12.25;05:00:00;66,37;0;0,256;0,592592593
02.12.25;06:00:00;76,54;0;0,284;0,657407408
02.12.25;07:00:00;90,14;0;0,328;0,75925926
02.12.25;08:00:00;89,92;0;0,244;0,564814815
02.12.25;09:00:00;89,14;0;0,228;0,527777778
02.12.25;10:00:00;86,26;0;0,28;0,648148149
02.12.25;11:00:00;88,36;0;0,24;0,555555556
02.12.25;12:00:00;89,14;0;0,32;0,740740741
02.12.25;13:00:00;100,11;0;0,288;0,666666667
02.12.25;14:00:00;112;0;0,332;0,768518519
02.12.25;15:00:00;141,85;0;0,356;0,824074075
02.12.25;16:00:00;152,73;0;0,26;0,601851852
02.12.25;17:00:00;166,13;0;0,236;0,546296297
02.12.25;18:00:00;165,35;0;0,156;0,361111111
02.12.25;19:00:00;158;0;0,108;0,25
02.12.25;20:00:00;143,44;0;0,064;0,148148148
02.12.25;21:00:00;125,34;0;0,096;0,222222222
02.12.25;22:00:00;115,21;0;0,124;0,287037037
02.12.25;23:00:00;100,95;0;0,136;0,314814815
03.12.25;00:00:00;95,77;0;0,128;0,296296297
03.12.25;01:00:00;91,34;0;0,148;0,342592593
03.12.25;02:00:00;90,92;0;0,132;0,305555556
03.12.25;03:00:00;91,93;0;0,12;0,277777778
03.12.25;04:00:00;93,48;0;0,044;0,101851852
03.12.25;05:00:00;99,44;0;0,104;0,240740741
03.12.25;06:00:00;143,17;0;0,108;0,25
03.12.25;07:00:00;202,31;0;0,06;0,138888889
03.12.25;08:00:00;243,64;0;0,38;0,879629631
03.12.25;09:00:00;215,1;0;0,352;0,814814816
03.12.25;10:00:00;182,93;0;0,32;0,740740741
03.12.25;11:00:00;167,22;0;0,388;0,898148149
03.12.25;12:00:00;163,32;0;0,396;0,916666668
03.12.25;13:00:00;170,62;0;0,408;0,944444445
03.12.25;14:00:00;192,08;0;0,368;0,851851853
03.12.25;15:00:00;250,42;0;0,436;1,00925926
03.12.25;16:00:00;332,68;0;0,42;0,972222223
03.12.25;17:00:00;307,1;0;0,352;0,814814816
03.12.25;18:00:00;216,37;0;0,42;0,972222223
03.12.25;19:00:00;178,3;0;0,376;0,870370371
03.12.25;20:00:00;146,71;0;0,024;0,055555556
03.12.25;21:00:00;127,04;0;0,244;0,564814815
03.12.25;22:00:00;115,99;0;0,212;0,490740741
03.12.25;23:00:00;104,03;0;0,24;0,555555556
04.12.25;00:00:00;98,04;0;0,2;0,462962963
04.12.25;01:00:00;94,91;0;0,028;0,064814815
04.12.25;02:00:00;91,66;0;0,008;0,018518519
04.12.25;03:00:00;90,44;0;0;0
04.12.25;04:00:00;92,24;0;0;0
04.12.25;05:00:00;97,83;0;0;0
04.12.25;06:00:00;123,28;0;0;0
04.12.25;07:00:00;147,63;0;0,08;0,185185185
04.12.25;08:00:00;162,71;0;0,204;0,472222223
04.12.25;09:00:00;165,19;0;0,144;0,333333334
04.12.25;10:00:00;144,72;0;0,18;0,416666667
04.12.25;11:00:00;143,88;0;0,084;0,194444445
04.12.25;12:00:00;136,98;0;0,12;0,277777778
04.12.25;13:00:00;138,94;0;0,116;0,268518519
04.12.25;14:00:00;148,14;0;0,132;0,305555556
04.12.25;15:00:00;156,78;0;0,132;0,305555556
04.12.25;16:00:00;158,68;0;0,148;0,342592593
04.12.25;17:00:00;157,93;0;0,156;0,361111111
04.12.25;18:00:00;144,46;0;0,132;0,305555556
04.12.25;19:00:00;134,47;0;0,12;0,277777778
04.12.25;20:00:00;121,55;0;0,152;0,351851852
04.12.25;21:00:00;107,38;0;0,128;0,296296297
04.12.25;22:00:00;105,74;0;0,096;0,222222222
04.12.25;23:00:00;96,86;0;0,136;0,314814815
05.12.25;00:00:00;95,63;0;0,136;0,314814815
05.12.25;01:00:00;92,29;0;0,116;0,268518519
05.12.25;02:00:00;90,33;0;0,096;0,222222222
05.12.25;03:00:00;90,18;0;0,14;0,324074074
05.12.25;04:00:00;93,14;0;0,144;0,333333334
05.12.25;05:00:00;99,22;0;0,088;0,203703704
05.12.25;06:00:00;127,08;0;0,012;0,027777778
05.12.25;07:00:00;166,88;0;0;0
05.12.25;08:00:00;211,42;0;0;0
05.12.25;09:00:00;205,83;0;0,052;0,12037037
05.12.25;10:00:00;185,14;0;0,144;0,333333334
05.12.25;11:00:00;182,79;0;0,08;0,185185185
05.12.25;12:00:00;174,42;0;0,092;0,212962963
05.12.25;13:00:00;169,15;0;0,028;0,064814815
05.12.25;14:00:00;169,48;0;0,004;0,009259259
05.12.25;15:00:00;180,55;0;0,036;0,083333333
05.12.25;16:00:00;186,55;0;0,06;0,138888889
05.12.25;17:00:00;177,02;0;0,096;0,222222222
05.12.25;18:00:00;155,82;0;0,108;0,25
05.12.25;19:00:00;132,97;0;0,064;0,148148148
05.12.25;20:00:00;120,62;0;0,056;0,12962963
05.12.25;21:00:00;101,11;0;0,064;0,148148148
05.12.25;22:00:00;94,69;0;0,12;0,277777778
05.12.25;23:00:00;84,86;0;0,104;0,240740741
06.12.25;00:00:00;82,03;0;0,048;0,111111111
06.12.25;01:00:00;78,12;0;0,06;0,138888889
06.12.25;02:00:00;73,82;0;0,112;0,25925926
06.12.25;03:00:00;70,23;0;0,092;0,212962963
06.12.25;04:00:00;64,83;0;0,064;0,148148148
06.12.25;05:00:00;62,41;0;0,052;0,12037037
06.12.25;06:00:00;62,83;0;0,104;0,240740741
06.12.25;07:00:00;68,41;0;0,14;0,324074074
06.12.25;08:00:00;76,69;0;0,156;0,361111111
06.12.25;09:00:00;80,02;0;0,12;0,277777778
06.12.25;10:00:00;81,07;0;0,14;0,324074074
06.12.25;11:00:00;81,29;0;0,12;0,277777778
06.12.25;12:00:00;81,56;0;0,08;0,185185185
06.12.25;13:00:00;82,35;0;0,048;0,111111111
06.12.25;14:00:00;85,89;0;0,06;0,138888889
06.12.25;15:00:00;89,06;0;0,088;0,203703704
06.12.25;16:00:00;94,44;0;0,136;0,314814815
06.12.25;17:00:00;95,44;0;0,064;0,148148148
06.12.25;18:00:00;90,59;0;0,064;0,148148148
06.12.25;19:00:00;86,44;0;0,056;0,12962963
06.12.25;20:00:00;81,13;0;0,1;0,231481482
06.12.25;21:00:00;77,85;0;0,124;0,287037037
06.12.25;22:00:00;76,6;0;0,044;0,101851852
06.12.25;23:00:00;70,49;0;0,052;0,12037037
07.12.25;00:00:00;64,66;0;0,12;0,277777778
07.12.25;01:00:00;59;0;0,104;0,240740741
07.12.25;02:00:00;56,72;0;0,04;0,092592593
07.12.25;03:00:00;56,08;0;0,056;0,12962963
07.12.25;04:00:00;59,14;0;0,108;0,25
07.12.25;05:00:00;62,23;0;0,1;0,231481482
07.12.25;06:00:00;65,73;0;0,116;0,268518519
07.12.25;07:00:00;73,32;0;0,132;0,305555556
07.12.25;08:00:00;77,39;0;0,14;0,324074074
07.12.25;09:00:00;84,25;0;0,104;0,240740741
07.12.25;10:00:00;88,01;0;0,096;0,222222222
07.12.25;11:00:00;89,44;0;0,016;0,037037037
07.12.25;12:00:00;93,27;0;0,004;0,009259259
07.12.25;13:00:00;95,33;0;0,004;0,009259259
07.12.25;14:00:00;100,28;0;0;0
07.12.25;15:00:00;103,9;0;0;0
07.12.25;16:00:00;110,1;0;0,044;0,101851852
07.12.25;17:00:00;108,86;0;0,044;0,101851852
07.12.25;18:00:00;101,72;0;0,048;0,111111111
07.12.25;19:00:00;91,39;0;0,084;0,194444445
07.12.25;20:00:00;85,28;0;0,112;0,25925926
07.12.25;21:00:00;77,22;0;0,092;0,212962963
07.12.25;22:00:00;68,94;0;0,02;0,046296296
07.12.25;23:00:00;48,87;0;0;0
08.12.25;00:00:00;28,13;0;0,044;0,101851852
08.12.25;01:00:00;24,47;0;0,044;0,101851852
08.12.25;02:00:00;18,76;0;0,096;0,222222222
08.12.25;03:00:00;12,49;0;0,088;0,203703704
08.12.25;04:00:00;14,43;0;0,068;0,157407408
08.12.25;05:00:00;29,38;0;0,088;0,203703704
08.12.25;06:00:00;56,04;0;0,08;0,185185185
08.12.25;07:00:00;79,22;0;0,124;0,287037037
08.12.25;08:00:00;87,31;0;0,088;0,203703704
08.12.25;09:00:00;85,78;0;0,036;0,083333333
08.12.25;10:00:00;80,22;0;0,084;0,194444445
08.12.25;11:00:00;76,5;0;0,156;0,361111111
08.12.25;12:00:00;74,07;0;0,012;0,027777778
08.12.25;13:00:00;79,8;0;0,068;0,157407408
08.12.25;14:00:00;87,55;0;0,136;0,314814815
08.12.25;15:00:00;94,42;0;0,156;0,361111111
08.12.25;16:00:00;97,19;0;0,132;0,305555556
08.12.25;17:00:00;104,02;0;0,108;0,25
08.12.25;18:00:00;99,51;0;0,152;0,351851852
08.12.25;19:00:00;95,02;0;0,148;0,342592593
08.12.25;20:00:00;88,87;0;0,12;0,277777778
08.12.25;21:00:00;83,38;0;0,112;0,25925926
08.12.25;22:00:00;79,55;0;0,14;0,324074074
08.12.25;23:00:00;71,98;0;0,136;0,314814815
09.12.25;00:00:00;73,17;0;0,108;0,25
09.12.25;01:00:00;71,75;0;0;0
09.12.25;02:00:00;71,11;0;0;0
09.12.25;03:00:00;74,82;0;0,092;0,212962963
09.12.25;04:00:00;76,38;0;0,124;0,287037037
09.12.25;05:00:00;81,15;0;0,136;0,314814815
09.12.25;06:00:00;97,91;0;0,12;0,277777778
09.12.25;07:00:00;108,54;0;0,104;0,240740741
09.12.25;08:00:00;125,3;0;0,064;0,148148148
09.12.25;09:00:00;108,63;0;0,064;0,148148148
09.12.25;10:00:00;101;0;0,1;0,231481482
09.12.25;11:00:00;97,56;0;0,124;0,287037037
09.12.25;12:00:00;94,08;0;0,104;0,240740741
09.12.25;13:00:00;96,41;0;0,068;0,157407408
09.12.25;14:00:00;98,99;0;0,232;0,537037038
09.12.25;15:00:00;106,06;0;0,248;0,574074075
09.12.25;16:00:00;107,27;0;0,24;0,555555556
09.12.25;17:00:00;107,74;0;0,252;0,583333334
09.12.25;18:00:00;98,1;0;0,184;0,425925926
09.12.25;19:00:00;88,45;0;0,12;0,277777778
09.12.25;20:00:00;85,97;0;0,124;0,287037037
09.12.25;21:00:00;79,69;0;0,156;0,361111111
09.12.25;22:00:00;72,66;0;0,052;0,12037037
09.12.25;23:00:00;59,58;0;0;0
10.12.25;00:00:00;48;0;0;0
10.12.25;01:00:00;40,19;0;0;0
10.12.25;02:00:00;36,72;0;0;0
10.12.25;03:00:00;38,9;0;0;0
10.12.25;04:00:00;51,05;0;0;0
10.12.25;05:00:00;67,31;0;0;0
10.12.25;06:00:00;80,51;0;0;0
10.12.25;07:00:00;92,9;0;0;0
10.12.25;08:00:00;100,34;0;0;0
10.12.25;09:00:00;96,51;0;0,076;0,175925926
10.12.25;10:00:00;89,26;0;0,124;0,287037037
10.12.25;11:00:00;84,39;0;0,108;0,25
10.12.25;12:00:00;83,34;0;0,116;0,268518519
10.12.25;13:00:00;85,27;0;0,144;0,333333334
10.12.25;14:00:00;92,2;0;0,16;0,370370371
10.12.25;15:00:00;101,8;0;0,1;0,231481482
10.12.25;16:00:00;104,9;0;0,124;0,287037037
10.12.25;17:00:00;105,73;0;0,148;0,342592593
10.12.25;18:00:00;104,97;0;0,148;0,342592593
10.12.25;19:00:00;95,76;0;0,004;0,009259259
10.12.25;20:00:00;88,94;0;0;0
10.12.25;21:00:00;85,63;0;0;0
10.12.25;22:00:00;84,24;0;0;0
10.12.25;23:00:00;76,17;0;0;0
11.12.25;00:00:00;72,09;0;0;0
11.12.25;01:00:00;68,88;0;0;0
11.12.25;02:00:00;68,26;0;0;0
11.12.25;03:00:00;70,49;0;0;0
11.12.25;04:00:00;73,96;0;0;0
11.12.25;05:00:00;79,47;0;0;0
11.12.25;06:00:00;88,26;0;0;0
11.12.25;07:00:00;99,2;0;0,076;0,175925926
11.12.25;08:00:00;109,53;0;0,104;0,240740741
11.12.25;09:00:00;105,49;0;0,1;0,231481482
11.12.25;10:00:00;92,94;0;0,116;0,268518519
11.12.25;11:00:00;90,5;0;0,064;0,148148148
11.12.25;12:00:00;89,23;0;0,064;0,148148148
11.12.25;13:00:00;90,81;0;0,06;0,138888889
11.12.25;14:00:00;99,8;0;0,008;0,018518519
11.12.25;15:00:00;110,83;0;0;0
11.12.25;16:00:00;116,7;0;0,02;0,046296296
11.12.25;17:00:00;119,2;0;0,048;0,111111111
11.12.25;18:00:00;117,36;0;0,06;0,138888889
11.12.25;19:00:00;112,48;0;0,056;0,12962963
11.12.25;20:00:00;106,22;0;0,068;0,157407408
11.12.25;21:00:00;97,27;0;0,088;0,203703704
11.12.25;22:00:00;97,96;0;0;0
11.12.25;23:00:00;96,54;0;0;0
12.12.25;00:00:00;83,79;0;0;0
12.12.25;01:00:00;86,66;0;0;0
12.12.25;02:00:00;87,8;0;0;0
12.12.25;03:00:00;86,43;0;0;0
12.12.25;04:00:00;88,12;0;0;0
12.12.25;05:00:00;91,78;0;0,032;0,074074074
12.12.25;06:00:00;107,16;0;0,04;0,092592593
12.12.25;07:00:00;127,76;0;0,044;0,101851852
12.12.25;08:00:00;134,17;0;0,06;0,138888889
12.12.25;09:00:00;129,5;0;0,092;0,212962963
12.12.25;10:00:00;122,08;0;0,108;0,25
12.12.25;11:00:00;118,86;0;0,104;0,240740741
12.12.25;12:00:00;116,02;0;0,06;0,138888889
12.12.25;13:00:00;116,03;0;0,068;0,157407408
12.12.25;14:00:00;125,47;0;0,1;0,231481482
12.12.25;15:00:00;138,82;0;0,088;0,203703704
12.12.25;16:00:00;152,14;0;0,056;0,12962963
12.12.25;17:00:00;150,19;0;0,052;0,12037037
12.12.25;18:00:00;137,67;0;0,084;0,194444445
12.12.25;19:00:00;129,73;0;0,076;0,175925926
12.12.25;20:00:00;120,48;0;0,036;0,083333333
12.12.25;21:00:00;111,36;0;0;0
12.12.25;22:00:00;103,13;0;0;0
12.12.25;23:00:00;93,05;0;0;0
13.12.25;00:00:00;93,14;0;0;0
13.12.25;01:00:00;90,35;0;0;0
13.12.25;02:00:00;88,5;0;0;0
13.12.25;03:00:00;87,37;0;0;0
13.12.25;04:00:00;85,42;0;0;0
13.12.25;05:00:00;86,4;0;0;0
13.12.25;06:00:00;85,2;0;0;0
13.12.25;07:00:00;88,16;0;0;0
13.12.25;08:00:00;100,72;0;0;0
13.12.25;09:00:00;106,59;0;0;0
13.12.25;10:00:00;101,8;0;0,048;0,111111111
13.12.25;11:00:00;98,23;0;0,048;0,111111111
13.12.25;12:00:00;93,88;0;0,048;0,111111111
13.12.25;13:00:00;94,26;0;0,056;0,12962963
13.12.25;14:00:00;97,88;0;0,092;0,212962963
13.12.25;15:00:00;112,02;0;0,092;0,212962963
13.12.25;16:00:00;117,83;0;0,08;0,185185185
13.12.25;17:00:00;118,37;0;0,052;0,12037037
13.12.25;18:00:00;112,71;0;0,048;0,111111111
13.12.25;19:00:00;103,22;0;0,068;0,157407408
13.12.25;20:00:00;92,95;0;0,084;0,194444445
13.12.25;21:00:00;89,58;0;0,084;0,194444445
13.12.25;22:00:00;89,39;0;0,052;0,12037037
13.12.25;23:00:00;82,74;0;0;0
14.12.25;00:00:00;86,97;0;0;0
14.12.25;01:00:00;84,56;0;0;0
14.12.25;02:00:00;78,72;0;0;0
14.12.25;03:00:00;76,68;0;0;0
14.12.25;04:00:00;74,8;0;0;0
14.12.25;05:00:00;74,41;0;0;0
14.12.25;06:00:00;74,25;0;0;0
14.12.25;07:00:00;75,69;0;0;0
14.12.25;08:00:00;80,1;0;0;0
14.12.25;09:00:00;81,73;0;0;0
14.12.25;10:00:00;80,53;0;0,044;0,101851852
14.12.25;11:00:00;81,05;0;0,052;0,12037037
14.12.25;12:00:00;82,43;0;0,052;0,12037037
14.12.25;13:00:00;82;0;0,052;0,12037037
14.12.25;14:00:00;85,78;0;0,088;0,203703704
14.12.25;15:00:00;91,2;0;0,084;0,194444445
14.12.25;16:00:00;96,34;0;0,068;0,157407408
14.12.25;17:00:00;99,24;0;0,052;0,12037037
14.12.25;18:00:00;97,71;0;0,064;0,148148148
14.12.25;19:00:00;91,46;0;0,088;0,203703704
14.12.25;20:00:00;86,5;0;0,064;0,148148148
14.12.25;21:00:00;82,27;0;0,056;0,12962963
14.12.25;22:00:00;80,52;0;0,068;0,157407408
14.12.25;23:00:00;74,37;0;0,036;0,083333333
15.12.25;00:00:00;71,69;0;0;0
15.12.25;01:00:00;70,88;0;0;0
15.12.25;02:00:00;68,89;0;0;0
15.12.25;03:00:00;70,21;0;0;0
15.12.25;04:00:00;73,64;0;0;0
15.12.25;05:00:00;78,4;0;0;0
15.12.25;06:00:00;90,31;0;0;0
15.12.25;07:00:00;105,31;0;0;0
15.12.25;08:00:00;109,86;0;0;0
15.12.25;09:00:00;103,59;0;0,032;0,074074074
15.12.25;10:00:00;93,71;0;0,052;0,12037037
15.12.25;11:00:00;86,78;0;0,012;0,027777778
15.12.25;12:00:00;84,03;0;0;0
15.12.25;13:00:00;90,67;0;0,048;0,111111111
15.12.25;14:00:00;100,43;0;0,052;0,12037037
15.12.25;15:00:00;112,98;0;0,052;0,12037037
15.12.25;16:00:00;114,52;0;0,064;0,148148148
15.12.25;17:00:00;112,76;0;0,072;0,166666667
15.12.25;18:00:00;106,99;0;0,056;0,12962963
15.12.25;19:00:00;98,21;0;0,06;0,138888889
15.12.25;20:00:00;91,67;0;0,056;0,12962963
15.12.25;21:00:00;87,63;0;0,064;0,148148148
15.12.25;22:00:00;86,4;0;0,056;0,12962963
15.12.25;23:00:00;81,73;0;0,004;0,009259259
16.12.25;00:00:00;81,38;0;0;0
16.12.25;01:00:00;80,03;0;0;0
16.12.25;02:00:00;78,2;0;0;0
16.12.25;03:00:00;79,18;0;0;0
16.12.25;04:00:00;81,48;0;0;0
16.12.25;05:00:00;80,8;0;0;0
16.12.25;06:00:00;89,2;0;0;0
16.12.25;07:00:00;98,75;0;0;0
16.12.25;08:00:00;111,68;0;0;0
16.12.25;09:00:00;106,23;0;0,04;0,092592593
16.12.25;10:00:00;95,73;0;0,064;0,148148148
16.12.25;11:00:00;94,07;0;0,052;0,12037037
16.12.25;12:00:00;93,61;0;0,064;0,148148148
16.12.25;13:00:00;104,74;0;0,06;0,138888889
16.12.25;14:00:00;120,06;0;0,064;0,148148148
16.12.25;15:00:00;136,99;0;0,056;0,12962963
16.12.25;16:00:00;150,66;0;0,052;0,12037037
16.12.25;17:00:00;158,74;0;0,052;0,12037037
16.12.25;18:00:00;146,17;0;0,06;0,138888889
16.12.25;19:00:00;138,69;0;0,06;0,138888889
16.12.25;20:00:00;128,66;0;0,072;0,166666667
16.12.25;21:00:00;117,52;0;0,068;0,157407408
16.12.25;22:00:00;113,22;0;0,068;0,157407408
16.12.25;23:00:00;102,18;0;0,06;0,138888889
17.12.25;00:00:00;91,69;0;0,044;0,101851852
17.12.25;01:00:00;90,42;0;0,004;0,009259259
17.12.25;02:00:00;86,8;0;0;0
17.12.25;03:00:00;86,71;0;0;0
17.12.25;04:00:00;87,72;0;0;0
17.12.25;05:00:00;91,74;0;0;0
17.12.25;06:00:00;101,19;0;0;0
17.12.25;07:00:00;118,17;0;0,044;0,101851852
17.12.25;08:00:00;134,93;0;0,052;0,12037037
17.12.25;09:00:00;128;0;0,044;0,101851852
17.12.25;10:00:00;122,42;0;0,06;0,138888889
17.12.25;11:00:00;115,98;0;0,06;0,138888889
17.12.25;12:00:00;111,76;0;0,064;0,148148148
17.12.25;13:00:00;119,35;0;0,052;0,12037037
17.12.25;14:00:00;126,44;0;0,064;0,148148148
17.12.25;15:00:00;129,75;0;0,064;0,148148148
17.12.25;16:00:00;132,74;0;0,048;0,111111111
17.12.25;17:00:00;126,81;0;0,06;0,138888889
17.12.25;18:00:00;115,37;0;0,068;0,157407408
17.12.25;19:00:00;101,14;0;0,064;0,148148148
17.12.25;20:00:00;94,26;0;0,056;0,12962963
17.12.25;21:00:00;90,49;0;0,064;0,148148148
17.12.25;22:00:00;88,08;0;0,068;0,157407408
17.12.25;23:00:00;80,81;0;0,06;0,138888889
18.12.25;00:00:00;76,38;0;0,012;0,027777778
18.12.25;01:00:00;70,08;0;0;0
18.12.25;02:00:00;63,16;0;0;0
18.12.25;03:00:00;56,15;0;0;0
18.12.25;04:00:00;53,47;0;0;0
18.12.25;05:00:00;56,37;0;0;0
18.12.25;06:00:00;69,1;0;0;0
18.12.25;07:00:00;83,86;0;0;0
18.12.25;08:00:00;91,34;0;0;0
18.12.25;09:00:00;88,12;0;0;0
18.12.25;10:00:00;81,03;0;0,056;0,12962963
18.12.25;11:00:00;78,84;0;0,048;0,111111111
18.12.25;12:00:00;81,91;0;0;0
18.12.25;13:00:00;82,66;0;0;0
18.12.25;14:00:00;98,93;0;0,076;0,175925926
18.12.25;15:00:00;106,78;0;0,084;0,194444445
18.12.25;16:00:00;108,18;0;0,068;0,157407408
18.12.25;17:00:00;100,66;0;0,068;0,157407408
18.12.25;18:00:00;88,55;0;0,06;0,138888889
18.12.25;19:00:00;78,68;0;0,056;0,12962963
18.12.25;20:00:00;68,31;0;0,06;0,138888889
18.12.25;21:00:00;56,27;0;0,044;0,101851852
18.12.25;22:00:00;50,62;0;0,06;0,138888889
18.12.25;23:00:00;23,57;0;0,008;0,018518519
19.12.25;00:00:00;11,48;0;0;0
19.12.25;01:00:00;6,64;0;0;0
19.12.25;02:00:00;5,11;0;0;0
19.12.25;03:00:00;4,04;0;0;0
19.12.25;04:00:00;6,21;0;0;0
19.12.25;05:00:00;15,39;0;0;0
19.12.25;06:00:00;47,64;0;0;0
19.12.25;07:00:00;75,68;0;0;0
19.12.25;08:00:00;87,42;0;0;0
19.12.25;09:00:00;86,92;0;0,04;0,092592593
19.12.25;10:00:00;85,71;0;0,06;0,138888889
19.12.25;11:00:00;84,26;0;0,052;0,12037037
19.12.25;12:00:00;83,78;0;0,056;0,12962963
19.12.25;13:00:00;87,31;0;0,052;0,12037037
19.12.25;14:00:00;96,25;0;0,064;0,148148148
19.12.25;15:00:00;101,02;0;0,06;0,138888889
19.12.25;16:00:00;106,11;0;0,056;0,12962963
19.12.25;17:00:00;110,47;0;0,048;0,111111111
19.12.25;18:00:00;108,5;0;0,052;0,12037037
19.12.25;19:00:00;105,39;0;0,06;0,138888889
19.12.25;20:00:00;102,91;0;0,044;0,101851852
19.12.25;21:00:00;98,08;0;0,056;0,12962963
19.12.25;22:00:00;97,08;0;0,056;0,12962963
19.12.25;23:00:00;91,45;0;0;0
20.12.25;00:00:00;85,2;0;0;0
20.12.25;01:00:00;83,76;0;0;0
20.12.25;02:00:00;83,74;0;0;0
20.12.25;03:00:00;86,17;0;0;0
20.12.25;04:00:00;86,83;0;0;0
20.12.25;05:00:00;89,15;0;0;0
20.12.25;06:00:00;92,69;0;0;0
20.12.25;07:00:00;100,45;0;0;0
20.12.25;08:00:00;111,25;0;0;0
20.12.25;09:00:00;112,46;0;0,04;0,092592593
20.12.25;10:00:00;109,02;0;0,052;0,12037037
20.12.25;11:00:00;106,34;0;0,052;0,12037037
20.12.25;12:00:00;105,98;0;0,056;0,12962963
20.12.25;13:00:00;108,04;0;0,052;0,12037037
20.12.25;14:00:00;113,95;0;0,06;0,138888889
20.12.25;15:00:00;118,52;0;0,044;0,101851852
20.12.25;16:00:00;120,38;0;0,06;0,138888889
20.12.25;17:00:00;120,13;0;0,052;0,12037037
20.12.25;18:00:00;117,35;0;0,052;0,12037037
20.12.25;19:00:00;105,8;0;0,056;0,12962963
20.12.25;20:00:00;97,94;0;0,052;0,12037037
20.12.25;21:00:00;92,48;0;0,056;0,12962963
20.12.25;22:00:00;92,07;0;0,036;0,083333333
20.12.25;23:00:00;89,49;0;0;0
21.12.25;00:00:00;93,3;0;0;0
21.12.25;01:00:00;89,33;0;0;0
21.12.25;02:00:00;87,24;0;0;0
21.12.25;03:00:00;85,41;0;0;0
21.12.25;04:00:00;85,77;0;0;0
21.12.25;05:00:00;85,58;0;0;0
21.12.25;06:00:00;86,27;0;0;0
21.12.25;07:00:00;88,68;0;0;0
21.12.25;08:00:00;95,67;0;0;0
21.12.25;09:00:00;99,06;0;0,024;0,055555556
21.12.25;10:00:00;96,54;0;0,048;0,111111111
21.12.25;11:00:00;96,15;0;0,04;0,092592593
21.12.25;12:00:00;94,16;0;0,044;0,101851852
21.12.25;13:00:00;92,28;0;0,056;0,12962963
21.12.25;14:00:00;95,5;0;0,056;0,12962963
21.12.25;15:00:00;99,54;0;0,052;0,12037037
21.12.25;16:00:00;99,12;0;0,056;0,12962963
21.12.25;17:00:00;98,23;0;0,048;0,111111111
21.12.25;18:00:00;92,4;0;0,048;0,111111111
21.12.25;19:00:00;87,18;0;0,056;0,12962963
21.12.25;20:00:00;81,58;0;0,052;0,12037037
21.12.25;21:00:00;77,43;0;0,06;0,138888889
21.12.25;22:00:00;75,45;0;0,032;0,074074074
21.12.25;23:00:00;68,42;0;0;0
22.12.25;00:00:00;69,12;0;0;0
22.12.25;01:00:00;65,69;0;0;0
22.12.25;02:00:00;63,52;0;0;0
22.12.25;03:00:00;61,63;0;0;0
22.12.25;04:00:00;64,85;0;0;0
22.12.25;05:00:00;70,52;0;0;0
22.12.25;06:00:00;77,73;0;0;0
22.12.25;07:00:00;89,4;0;0;0
22.12.25;08:00:00;96,58;0;0;0
22.12.25;09:00:00;94,67;0;0;0
22.12.25;10:00:00;92,74;0;0,008;0,018518519
22.12.25;11:00:00;87,95;0;0,044;0,101851852
22.12.25;12:00:00;87,08;0;0,056;0,12962963
22.12.25;13:00:00;88,51;0;0,048;0,111111111
22.12.25;14:00:00;93,61;0;0,056;0,12962963
22.12.25;15:00:00;101,34;0;0,064;0,148148148
22.12.25;16:00:00;105,15;0;0,052;0,12037037
22.12.25;17:00:00;109,3;0;0,052;0,12037037
22.12.25;18:00:00;105,32;0;0,052;0,12037037
22.12.25;19:00:00;98,6;0;0,06;0,138888889
22.12.25;20:00:00;94,69;0;0,052;0,12037037
22.12.25;21:00:00;88,76;0;0,06;0,138888889
22.12.25;22:00:00;88,02;0;0,064;0,148148148
22.12.25;23:00:00;81,33;0;0,052;0,12037037
23.12.25;00:00:00;74,2;0;0,056;0,12962963
23.12.25;01:00:00;68,5;0;0;0
23.12.25;02:00:00;65,59;0;0;0
23.12.25;03:00:00;63,56;0;0;0
23.12.25;04:00:00;63,63;0;0;0
23.12.25;05:00:00;65,6;0;0;0
23.12.25;06:00:00;71,88;0;0;0
23.12.25;07:00:00;81,48;0;0;0
23.12.25;08:00:00;86,23;0;0;0
23.12.25;09:00:00;87,08;0;0;0
23.12.25;10:00:00;84,92;0;0,04;0,092592593
23.12.25;11:00:00;82,16;0;0,044;0,101851852
23.12.25;12:00:00;81,24;0;0,056;0,12962963
23.12.25;13:00:00;80,2;0;0,052;0,12037037
23.12.25;14:00:00;81,27;0;0,056;0,12962963
23.12.25;15:00:00;83,72;0;0,056;0,12962963
23.12.25;16:00:00;85,01;0;0,048;0,111111111
23.12.25;17:00:00;85,94;0;0,052;0,12037037
23.12.25;18:00:00;84,67;0;0,056;0,12962963
23.12.25;19:00:00;81,88;0;0,06;0,138888889
23.12.25;20:00:00;76,15;0;0,06;0,138888889
23.12.25;21:00:00;70,01;0;0,04;0,092592593
23.12.25;22:00:00;71,32;0;0,052;0,12037037
23.12.25;23:00:00;63,03;0;0,008;0,018518519
24.12.25;00:00:00;54,93;0;0;0
24.12.25;01:00:00;50,33;0;0;0
24.12.25;02:00:00;46,82;0;0;0
24.12.25;03:00:00;47,06;0;0;0
24.12.25;04:00:00;47,09;0;0,024;0,055555556
24.12.25;05:00:00;47,9;0;0,044;0,101851852
24.12.25;06:00:00;51,74;0;0,048;0,111111111
24.12.25;07:00:00;62,6;0;0,048;0,111111111
24.12.25;08:00:00;75,45;0;0,052;0,12037037
24.12.25;09:00:00;77,97;0;0,052;0,12037037
24.12.25;10:00:00;73,36;0;0,056;0,12962963
24.12.25;11:00:00;68,73;0;0,048;0,111111111
24.12.25;12:00:00;63,06;0;0,056;0,12962963
24.12.25;13:00:00;61,61;0;0,06;0,138888889
24.12.25;14:00:00;65,11;0;0,052;0,12037037
24.12.25;15:00:00;77,2;0;0,056;0,12962963
24.12.25;16:00:00;81,25;0;0,052;0,12037037
24.12.25;17:00:00;81,62;0;0,06;0,138888889
24.12.25;18:00:00;74,1;0;0,052;0,12037037
24.12.25;19:00:00;68,09;0;0,06;0,138888889
24.12.25;20:00:00;66,7;0;0,056;0,12962963
24.12.25;21:00:00;63;0;0,052;0,12037037
24.12.25;22:00:00;65,54;0;0,06;0,138888889
24.12.25;23:00:00;57,38;0;0,052;0,12037037
25.12.25;00:00:00;60,45;0;0,048;0,111111111
25.12.25;01:00:00;53,31;0;0,056;0,12962963
25.12.25;02:00:00;51,65;0;0,056;0,12962963
25.12.25;03:00:00;50,32;0;0,048;0,111111111
25.12.25;04:00:00;49,63;0;0,048;0,111111111
25.12.25;05:00:00;50,16;0;0,056;0,12962963
25.12.25;06:00:00;49,4;0;0,056;0,12962963
25.12.25;07:00:00;55,06;0;0,056;0,12962963
25.12.25;08:00:00;65,07;0;0,064;0,148148148
25.12.25;09:00:00;58,74;0;0,048;0,111111111
25.12.25;10:00:00;41,22;0;0,052;0,12037037
25.12.25;11:00:00;33,98;0;0,06;0,138888889
25.12.25;12:00:00;32,67;0;0,056;0,12962963
25.12.25;13:00:00;40,04;0;0,052;0,12037037
25.12.25;14:00:00;69,4;0;0,052;0,12037037
25.12.25;15:00:00;86,6;0;0,06;0,138888889
25.12.25;16:00:00;90,08;0;0,052;0,12037037
25.12.25;17:00:00;92,8;0;0,048;0,111111111
25.12.25;18:00:00;94,38;0;0,06;0,138888889
25.12.25;19:00:00;93,11;0;0,052;0,12037037
25.12.25;20:00:00;96,08;0;0,056;0,12962963
25.12.25;21:00:00;95,52;0;0,056;0,12962963
25.12.25;22:00:00;97,18;0;0,02;0,046296296
25.12.25;23:00:00;95,28;0;0,048;0,111111111
26.12.25;00:00:00;90,85;0;0,06;0,138888889
26.12.25;01:00:00;87,28;0;0,06;0,138888889
26.12.25;02:00:00;83,96;0;0,052;0,12037037
26.12.25;03:00:00;82,38;0;0,06;0,138888889
26.12.25;04:00:00;81,82;0;0,06;0,138888889
26.12.25;05:00:00;83,14;0;0,056;0,12962963
26.12.25;06:00:00;83,8;0;0,052;0,12037037
26.12.25;07:00:00;89,36;0;0,056;0,12962963
26.12.25;08:00:00;91,2;0;0,056;0,12962963
26.12.25;09:00:00;91,5;0;0,048;0,111111111
26.12.25;10:00:00;84,16;0;0,06;0,138888889
26.12.25;11:00:00;77,84;0;0,056;0,12962963
26.12.25;12:00:00;74,83;0;0,052;0,12037037
26.12.25;13:00:00;77,06;0;0,036;0,083333333
26.12.25;14:00:00;89,39;0;0;0
26.12.25;15:00:00;98,87;0;0;0
26.12.25;16:00:00;106,44;0;0;0
26.12.25;17:00:00;108,04;0;0;0
26.12.25;18:00:00;108,82;0;0;0
26.12.25;19:00:00;105,78;0;0;0
26.12.25;20:00:00;105,91;0;0;0
26.12.25;21:00:00;101,95;0;0;0
26.12.25;22:00:00;100,18;0;0;0
26.12.25;23:00:00;94,39;0;0;0
27.12.25;00:00:00;93,16;0;0;0
27.12.25;01:00:00;90,56;0;0,004;0,009259259
27.12.25;02:00:00;87,05;0;0,004;0,009259259
27.12.25;03:00:00;87,01;0;0;0
27.12.25;04:00:00;87,95;0;0;0
27.12.25;05:00:00;88,04;0;0;0
27.12.25;06:00:00;91,11;0;0;0
27.12.25;07:00:00;98,15;0;0;0
27.12.25;08:00:00;106,91;0;0,004;0,009259259
27.12.25;09:00:00;101,81;0;0,008;0,018518519
27.12.25;10:00:00;85,02;0;0,004;0,009259259
27.12.25;11:00:00;76,89;0;0,02;0,046296296
27.12.25;12:00:00;74,23;0;0,024;0,055555556
27.12.25;13:00:00;77,49;0;0,048;0,111111111
27.12.25;14:00:00;85,81;0;0,068;0,157407408
27.12.25;15:00:00;96,75;0;0,08;0,185185185
27.12.25;16:00:00;106,25;0;0,064;0,148148148
27.12.25;17:00:00;106,87;0;0,052;0,12037037
27.12.25;18:00:00;108,1;0;0,028;0,064814815
27.12.25;19:00:00;103,93;0;0;0
27.12.25;20:00:00;99,14;0;0;0
27.12.25;21:00:00;93,3;0;0;0
27.12.25;22:00:00;92,62;0;0;0
27.12.25;23:00:00;86,7;0;0;0
28.12.25;00:00:00;82,13;0;0;0
28.12.25;01:00:00;82,27;0;0;0
28.12.25;02:00:00;80,03;0;0;0
28.12.25;03:00:00;79,41;0;0;0
28.12.25;04:00:00;79,91;0;0;0
28.12.25;05:00:00;82,17;0;0;0
28.12.25;06:00:00;84,27;0;0,036;0,083333333
28.12.25;07:00:00;86,28;0;0,048;0,111111111
28.12.25;08:00:00;92,73;0;0,06;0,138888889
28.12.25;09:00:00;91,83;0;0,052;0,12037037
28.12.25;10:00:00;86,21;0;0,004;0,009259259
28.12.25;11:00:00;85,53;0;0;0
28.12.25;12:00:00;79,83;0;0,02;0,046296296
28.12.25;13:00:00;82,31;0;0,048;0,111111111
28.12.25;14:00:00;86,2;0;0,052;0,12037037
28.12.25;15:00:00;95,89;0;0,048;0,111111111
28.12.25;16:00:00;106,34;0;0,052;0,12037037
28.12.25;17:00:00;110,32;0;0,044;0,101851852
28.12.25;18:00:00;114,28;0;0,048;0,111111111
28.12.25;19:00:00;107,12;0;0,048;0,111111111
28.12.25;20:00:00;101,46;0;0,052;0,12037037
28.12.25;21:00:00;95,76;0;0,056;0,12962963
28.12.25;22:00:00;93,65;0;0,052;0,12037037
28.12.25;23:00:00;84,99;0;0;0
29.12.25;00:00:00;86,46;0;0;0
29.12.25;01:00:00;81,79;0;0;0
29.12.25;02:00:00;79,35;0;0;0
29.12.25;03:00:00;78,93;0;0;0
29.12.25;04:00:00;77,36;0;0;0
29.12.25;05:00:00;90,05;0;0;0
29.12.25;06:00:00;95,82;0;0;0
29.12.25;07:00:00;114,06;0;0;0
29.12.25;08:00:00;110,74;0;0,024;0,055555556
29.12.25;09:00:00;115,3;0;0,04;0,092592593
29.12.25;10:00:00;105,12;0;0,048;0,111111111
29.12.25;11:00:00;100,07;0;0,056;0,12962963
29.12.25;12:00:00;91,78;0;0,048;0,111111111
29.12.25;13:00:00;91,3;0;0,064;0,148148148
29.12.25;14:00:00;95,25;0;0,056;0,12962963
29.12.25;15:00:00;102,11;0;0,048;0,111111111
29.12.25;16:00:00;111,43;0;0,06;0,138888889
29.12.25;17:00:00;106,55;0;0,052;0,12037037
29.12.25;18:00:00;99,1;0;0,056;0,12962963
29.12.25;19:00:00;92,82;0;0,056;0,12962963
29.12.25;20:00:00;96,94;0;0,056;0,12962963
29.12.25;21:00:00;89,02;0;0,056;0,12962963
29.12.25;22:00:00;84,81;0;0,056;0,12962963
29.12.25;23:00:00;84,52;0;0;0
30.12.25;00:00:00;79,38;0;0;0
30.12.25;01:00:00;75,51;0;0;0
30.12.25;02:00:00;73,37;0;0;0
30.12.25;03:00:00;71,46;0;0;0
30.12.25;04:00:00;70,77;0;0;0
30.12.25;05:00:00;74,02;0;0;0
30.12.25;06:00:00;80,46;0;0;0
30.12.25;07:00:00;89,36;0;0;0
30.12.25;08:00:00;98,1;0;0;0
30.12.25;09:00:00;95,35;0;0,044;0,101851852
30.12.25;10:00:00;86,28;0;0,048;0,111111111
30.12.25;11:00:00;80,01;0;0,056;0,12962963
30.12.25;12:00:00;76,64;0;0,06;0,138888889
30.12.25;13:00:00;76,94;0;0,056;0,12962963
30.12.25;14:00:00;87,55;0;0,052;0,12037037
30.12.25;15:00:00;103,44;0;0,056;0,12962963
30.12.25;16:00:00;111,55;0;0,052;0,12037037
30.12.25;17:00:00;112,31;0;0,048;0,111111111
30.12.25;18:00:00;112,56;0;0,06;0,138888889
30.12.25;19:00:00;108,5;0;0,056;0,12962963
30.12.25;20:00:00;102,25;0;0,056;0,12962963
30.12.25;21:00:00;96,66;0;0,06;0,138888889
30.12.25;22:00:00;95,32;0;0,052;0,12037037
30.12.25;23:00:00;88,04;0;0,052;0,12037037
31.12.25;00:00:00;89,04;0;0,052;0,12037037
31.12.25;01:00:00;85,96;0;0,06;0,138888889
31.12.25;02:00:00;81,26;0;0,052;0,12037037
31.12.25;03:00:00;78,97;0;0,048;0,111111111
31.12.25;04:00:00;76,88;0;0,056;0,12962963
31.12.25;05:00:00;78,67;0;0,052;0,12037037
31.12.25;06:00:00;80,45;0;0,052;0,12037037
31.12.25;07:00:00;85,54;0;0,064;0,148148148
31.12.25;08:00:00;90,82;0;0,06;0,138888889
31.12.25;09:00:00;90,51;0;0,052;0,12037037
31.12.25;10:00:00;85,98;0;0,052;0,12037037
31.12.25;11:00:00;82,14;0;0,056;0,12962963
31.12.25;12:00:00;80,91;0;0,052;0,12037037
31.12.25;13:00:00;81,68;0;0,064;0,148148148
31.12.25;14:00:00;83,79;0;0,06;0,138888889
31.12.25;15:00:00;88,42;0;0,056;0,12962963
31.12.25;16:00:00;96,45;0;0,052;0,12037037
31.12.25;17:00:00;104,45;0;0,056;0,12962963
31.12.25;18:00:00;103,14;0;0,056;0,12962963
31.12.25;19:00:00;93,78;0;0,052;0,12037037
31.12.25;20:00:00;85,93;0;0,06;0,138888889
31.12.25;21:00:00;79,34;0;0,056;0,12962963
31.12.25;22:00:00;78,84;0;0,052;0,12037037
31.12.25;23:00:00;72,85;0;0,056;0,12962963